object_probs,left,top,right,bottom
bus 0.97403,356,218,464,305
car 0.95399,210,254,254,289
