object_probs,left,top,right,bottom
car 0.63234 truck 0.62035,295,368,391,486
motorbike 0.63094,387,266,418,302
motorbike 0.61359,841,289,885,328
car 0.94698,1,578,170,711
car 0.93013,1020,332,1079,416
car 0.87943,328,248,396,298
car 0.78505,294,309,362,364
car 0.51416,180,273,224,317
