object_probs,left,top,right,bottom
car 0.55882 truck 0.52117,278,392,398,507
car 0.98201,974,330,1079,436
car 0.93149,328,248,397,300
car 0.91460,298,320,377,381
car 0.76904,1,608,74,715
car 0.56998,385,266,419,302
person 0.50210,188,282,232,336
