object_probs,left,top,right,bottom
bus 0.90100,305,207,387,285
car 0.99552,681,325,831,415
car 0.99408,823,401,1076,545
car 0.92468,228,274,277,310
person 0.52639,933,284,952,322
