object_probs,left,top,right,bottom
truck 0.87512,308,323,386,428
car 0.99907,189,461,372,583
car 0.94663,259,288,318,338
car 0.84304,325,247,402,299
car 0.80592,165,269,215,301
