object_probs,left,top,right,bottom
truck 0.74866,313,343,386,443
car 0.99869,94,496,334,632
car 0.93951,269,296,333,353
car 0.89108,327,249,400,299
car 0.85999,176,271,216,305
