object_probs,left,top,right,bottom
motorbike 0.74826,504,619,598,706
motorbike 0.72174,1039,329,1062,362
motorbike 0.64951,748,400,794,451
motorbike 0.61680,401,271,421,300
car 0.99773,898,376,1048,462
car 0.98531,362,334,444,411
car 0.97321,258,284,318,335
car 0.91402,333,252,383,297
car 0.57192,1,639,301,715
person 0.71076,509,587,561,665
person 0.65123,749,380,793,444
