object_probs,left,top,right,bottom
bus 0.99026,504,246,713,375
person 0.77155 motorbike 0.83785,368,271,387,300
