object_probs,left,top,right,bottom
truck 0.86127,315,340,386,431
car 0.99817,139,480,350,613
car 0.93667,269,294,326,351
car 0.87911,325,248,402,299
car 0.77843,173,271,216,304
