object_probs,left,top,right,bottom
truck 0.82873,311,327,381,411
car 0.99865,220,447,383,563
car 0.96754,256,287,315,335
car 0.83464,324,248,404,299
car 0.68050,166,268,213,298
