object_probs,left,top,right,bottom
bus 0.99667,697,253,1029,450
motorbike 0.56723,330,289,358,314
person 0.77714,325,276,354,310
