object_probs,left,top,right,bottom
bus 0.95050,334,214,423,300
car 0.98295,885,365,1066,482
car 0.97843,215,264,265,298
car 0.91069,1021,447,1079,585
