object_probs,left,top,right,bottom
truck 0.85294,267,284,352,361
motorbike 0.91935,849,466,904,561
person 0.65358 motorbike 0.89656,396,270,419,299
motorbike 0.87410,723,576,797,665
motorbike 0.59160,833,419,881,476
person 0.68929,837,388,880,444
person 0.68100,854,454,905,546
person 0.66593,320,542,395,609
person 0.50869,395,257,416,286
