object_probs,left,top,right,bottom
motorbike 0.86227,197,592,316,682
motorbike 0.76136,399,272,420,301
motorbike 0.72153,1040,351,1068,386
motorbike 0.68326,255,361,289,420
motorbike 0.64549,267,326,290,360
motorbike 0.62368,691,417,736,485
person 0.64165,263,316,287,354
car 0.99722,732,411,920,530
car 0.98724,209,247,254,280
car 0.98316,427,522,721,695
car 0.93274,268,281,322,324
car 0.87584,332,252,384,296
person 0.89995,693,405,736,467
person 0.78771,1041,330,1069,375
