object_probs,left,top,right,bottom
bus 0.99851,654,235,964,433
motorbike 0.55754,5,579,106,662
person 0.79450,335,274,362,307
person 0.68494,27,548,75,648
