object_probs,left,top,right,bottom
bus 0.98594,534,250,757,391
person 0.82780 motorbike 0.79648,367,272,388,302
