object_probs,left,top,right,bottom
truck 0.97662,814,367,999,504
motorbike 0.89945,544,519,635,599
motorbike 0.57881,395,267,418,302
car 0.99851,152,465,338,591
car 0.91591,325,248,397,299
car 0.88327,1047,318,1078,380
car 0.76722,771,297,821,328
person 0.95664,200,289,225,327
person 0.54287,545,489,630,582
