object_probs,left,top,right,bottom
bus 0.94795,304,206,391,288
car 0.99773,700,326,850,420
car 0.96975,847,411,1078,563
car 0.96442,226,271,275,311
