object_probs,left,top,right,bottom
truck 0.70189,602,427,816,613
car 0.58354,610,436,813,585
motorbike 0.92241,396,273,419,300
motorbike 0.89907,951,482,994,542
motorbike 0.62228,490,636,574,719
motorbike 0.52729,365,614,499,713
car 0.99138,32,519,309,680
car 0.68847,313,247,375,290
car 0.53599,240,258,308,328
person 0.96275,949,441,996,513
person 0.83494,1000,378,1037,444
person 0.62831,488,618,571,708
person 0.51071,370,557,449,637
