object_probs,left,top,right,bottom
motorbike 0.84187,184,526,250,583
motorbike 0.50559,196,275,215,301
car 0.99935,789,395,973,514
car 0.99643,313,529,628,706
car 0.91198,1034,321,1079,410
car 0.88683,329,250,396,298
car 0.79046,206,237,241,263
person 0.56594,182,482,224,543
