object_probs,left,top,right,bottom
bus 0.98997,347,213,451,305
car 0.96667,1029,399,1079,502
car 0.93946,212,256,255,290
car 0.57041,212,213,237,233
