object_probs,left,top,right,bottom
truck 0.72283,311,343,386,448
car 0.99743,66,505,325,648
car 0.90037,276,298,338,356
car 0.87909,327,249,398,299
car 0.81206,177,272,215,306
