object_probs,left,top,right,bottom
bus 0.99089,500,245,695,374
person 0.76365 motorbike 0.70068,367,269,386,300
