object_probs,left,top,right,bottom
bus 0.91918,299,206,381,283
car 0.99671,663,322,807,407
car 0.98512,812,392,1032,532
car 0.92749,231,274,278,314
