object_probs,left,top,right,bottom
bus 0.99070,501,246,686,371
person 0.76713 motorbike 0.52458,367,268,385,300
