object_probs,left,top,right,bottom
motorbike 0.88493,245,349,270,389
person 0.71554,242,335,268,373
person 0.56700,167,277,184,305
