object_probs,left,top,right,bottom
motorbike 0.78640,115,541,203,618
car 0.99870,732,413,938,545
car 0.98517,152,591,497,715
car 0.96010,1006,335,1078,418
car 0.88448,214,239,251,266
car 0.79612,328,251,398,298
person 0.61015,199,276,219,306
