object_probs,left,top,right,bottom
truck 0.52479,2,456,262,709
motorbike 0.52367,379,269,397,293
person 0.92859,377,255,395,288
