object_probs,left,top,right,bottom
bus 0.97173,390,217,515,324
car 0.97709,203,245,243,279
car 0.70406,218,211,245,233
