object_probs,left,top,right,bottom
bus 0.99108,471,237,646,357
person 0.68683,364,262,380,296
