object_probs,left,top,right,bottom
truck 0.77190,173,437,361,595
motorbike 0.55161,680,288,719,326
car 0.99932,734,419,944,557
car 0.93098,335,350,416,435
car 0.89112,325,248,399,300
car 0.86130,191,293,254,337
