object_probs,left,top,right,bottom
truck 0.75355,109,466,330,645
motorbike 0.52792,228,353,251,392
car 0.99571,565,468,823,651
car 0.99150,342,369,425,460
car 0.88191,325,249,398,299
car 0.81379,198,304,266,354
