object_probs,left,top,right,bottom
truck 0.78788,273,286,363,372
motorbike 0.89355,610,641,699,719
person 0.68479 motorbike 0.88276,396,270,419,300
motorbike 0.88119,746,450,807,506
motorbike 0.68784,765,532,836,623
car 0.65602,158,615,361,719
car 0.53380,312,248,357,281
person 0.90984,756,419,804,486
person 0.88311,183,591,259,655
person 0.64676,614,613,698,708
person 0.58852,776,503,829,612
