object_probs,left,top,right,bottom
motorbike 0.86206,245,348,269,388
person 0.79578,242,333,267,374
person 0.58103,166,277,183,306
