object_probs,left,top,right,bottom
truck 0.82737,644,436,834,582
truck 0.50499,235,253,309,325
motorbike 0.95545,972,462,1015,518
motorbike 0.93133,396,272,419,300
motorbike 0.55292,424,649,506,719
motorbike 0.53159,530,618,611,702
car 0.98859,63,501,333,665
car 0.73866,315,247,376,290
person 0.96534,971,423,1015,488
person 0.77364,1023,362,1057,423
person 0.64597,422,535,510,617
person 0.64090,531,600,608,681
person 0.62873,779,393,811,430
