object_probs,left,top,right,bottom
motorbike 0.84367,284,400,324,457
car 0.99949,726,407,915,530
car 0.99236,970,347,1079,427
car 0.91475,328,250,394,297
person 0.90730,188,253,204,282
person 0.65719,283,386,321,445
