object_probs,left,top,right,bottom
motorbike 0.84404,456,273,480,300
motorbike 0.68048,976,334,1012,395
car 0.97808,253,353,338,430
car 0.97645,126,487,361,634
car 0.89885,325,249,397,299
person 0.95395,242,424,280,487
person 0.70218,175,255,191,289
person 0.52353,976,325,1011,389
