object_probs,left,top,right,bottom
bus 0.96776,323,211,409,293
car 0.99354,801,353,988,458
car 0.97929,949,437,1079,588
car 0.97266,220,266,266,303
