object_probs,left,top,right,bottom
truck 0.83481,309,326,385,430
car 0.99687,175,465,366,592
car 0.90329,264,289,321,341
car 0.88174,326,247,401,299
car 0.75339,169,270,215,302
