object_probs,left,top,right,bottom
person 0.69335 motorbike 0.89805,221,309,245,345
person 0.50164 motorbike 0.71914,401,272,420,300
car 0.99923,330,528,649,718
car 0.99799,831,388,1009,506
car 0.99078,958,328,1076,421
car 0.97226,225,254,280,288
car 0.90503,333,252,383,297
person 0.84550,928,328,966,387
person 0.73883,221,300,242,327
person 0.63405,183,257,197,289
