object_probs,left,top,right,bottom
motorbike 0.94725,249,347,276,385
motorbike 0.75715,215,289,236,317
person 0.62085 motorbike 0.73024,398,270,420,301
person 0.88345 motorbike 0.52570,246,334,271,371
car 0.99847,846,371,998,474
car 0.99312,639,452,869,588
car 0.95810,198,238,236,267
car 0.95173,247,265,299,309
car 0.91713,335,253,385,295
car 0.56720,323,234,360,258
person 0.94295,646,417,697,491
