object_probs,left,top,right,bottom
person 0.59013 motorbike 0.90294,221,310,244,345
motorbike 0.70921,401,273,420,300
car 0.99832,339,522,663,713
car 0.99819,836,387,1010,504
car 0.98495,967,338,1079,416
car 0.97207,226,254,279,287
car 0.90230,333,252,383,297
car 0.51304,268,234,295,259
person 0.75181,934,330,970,385
person 0.71284,220,299,242,327
person 0.59505,182,256,197,290
