object_probs,left,top,right,bottom
bus 0.99103,500,245,695,374
person 0.76103 motorbike 0.70172,367,269,386,300
