object_probs,left,top,right,bottom
truck 0.75775,983,318,1079,425
motorbike 0.85358,834,396,883,463
motorbike 0.56005,182,534,240,586
car 0.98295,254,404,349,492
car 0.97766,0,587,204,719
car 0.87248,326,250,396,298
person 0.85792,188,274,204,303
person 0.81078,178,485,226,548
person 0.71729,835,381,880,455
