object_probs,left,top,right,bottom
bus 0.99078,596,245,856,411
person 0.95525,358,274,378,306
