object_probs,left,top,right,bottom
truck 0.76883,295,534,581,719
truck 0.66754,260,273,342,351
motorbike 0.92694,838,492,890,574
person 0.62960 motorbike 0.90871,396,271,420,300
motorbike 0.90143,704,643,784,719
motorbike 0.85302,932,429,982,504
car 0.73234,315,243,363,290
person 0.96697,841,471,889,564
person 0.93668,710,611,769,705
person 0.83222,462,492,528,548
person 0.71590,923,364,962,424
