object_probs,left,top,right,bottom
motorbike 0.81244,454,273,478,300
motorbike 0.79485,972,336,1008,398
car 0.97801,115,486,368,659
car 0.97677,253,354,338,431
car 0.89314,325,250,396,298
person 0.96655,241,425,279,489
person 0.55863,176,255,190,288
