object_probs,left,top,right,bottom
truck 0.87264,10,452,290,714
motorbike 0.81789,381,267,402,295
person 0.83129,380,255,399,288
