object_probs,left,top,right,bottom
motorbike 0.74017,199,289,227,316
motorbike 0.52529,259,388,288,432
person 0.74119,199,279,224,307
