object_probs,left,top,right,bottom
bus 0.99277,468,236,630,353
car 0.66501,195,237,231,263
person 0.69832,364,263,380,296
