object_probs,left,top,right,bottom
truck 0.76891,307,322,384,421
car 0.99901,215,451,380,568
car 0.97043,258,287,316,336
car 0.83292,324,248,403,299
car 0.65513,165,268,213,299
