object_probs,left,top,right,bottom
bus 0.98690,387,213,500,321
car 0.96930,204,245,245,283
car 0.53130,218,210,244,232
