object_probs,left,top,right,bottom
truck 0.97669,8,431,311,684
person 0.72137,174,252,188,292
person 0.60064,383,255,400,288
