object_probs,left,top,right,bottom
motorbike 0.82173,285,398,325,456
car 0.99941,729,403,921,525
car 0.99425,974,346,1079,425
car 0.90946,329,251,394,297
person 0.90947,188,252,204,282
person 0.70026,284,384,321,446
person 0.59471,439,250,457,285
