object_probs,left,top,right,bottom
bus 0.97283,319,211,397,288
car 0.99479,742,338,908,435
car 0.98648,895,416,1079,578
car 0.96260,224,267,270,308
