object_probs,left,top,right,bottom
motorbike 0.58010,98,558,186,634
bicycle 0.55086,101,557,194,634
car 0.99864,719,419,926,542
car 0.98526,106,599,470,717
car 0.95656,1001,339,1078,416
car 0.88370,213,244,251,270
car 0.81567,328,250,397,297
person 0.55056,200,277,220,307
person 0.51410,399,269,420,301
