object_probs,left,top,right,bottom
truck 0.83468,148,460,358,611
motorbike 0.73625,222,353,245,388
car 0.99747,674,438,912,589
car 0.97921,341,362,419,445
car 0.88944,326,248,397,300
car 0.66211,195,297,256,346
car 0.54390,387,266,419,302
