object_probs,left,top,right,bottom
bus 0.98795,490,244,678,373
person 0.65656,367,268,385,299
