object_probs,left,top,right,bottom
motorbike 0.88731,447,503,521,562
motorbike 0.88587,888,382,929,437
motorbike 0.70426,1000,348,1030,380
motorbike 0.69725,943,327,972,367
car 0.99719,708,442,899,558
car 0.99519,347,376,465,483
car 0.95218,295,308,366,362
car 0.92812,332,252,384,297
car 0.66082,190,220,241,266
person 0.91129,460,469,512,555
person 0.89719,889,366,929,428
person 0.59290,937,316,975,369
