object_probs,left,top,right,bottom
motorbike 0.88004,285,382,323,438
motorbike 0.67211,454,269,475,297
motorbike 0.50051,396,267,419,301
car 0.99922,770,392,956,506
car 0.97433,1002,334,1079,417
car 0.92149,328,250,394,298
person 0.91075,188,250,204,281
person 0.61706,284,367,321,426
