object_probs,left,top,right,bottom
motorbike 0.86657,286,383,324,443
car 0.99913,757,396,941,511
car 0.98405,989,335,1079,419
car 0.91269,329,250,395,298
person 0.88884,188,251,204,281
