object_probs,left,top,right,bottom
bus 0.98142,407,231,532,329
car 0.98068,202,245,238,277
car 0.79271,218,212,246,235
