object_probs,left,top,right,bottom
motorbike 0.77354,287,400,326,456
motorbike 0.50095,397,268,419,301
car 0.99959,739,401,932,526
car 0.99144,980,345,1079,425
car 0.91532,328,250,395,298
person 0.90673,188,252,204,282
person 0.65144,285,383,322,443
person 0.56795,442,250,459,285
