object_probs,left,top,right,bottom
bus 0.50819 truck 0.56111,0,513,275,704
motorbike 0.81640,575,288,611,320
motorbike 0.55508,242,375,266,414
car 0.98645,236,591,603,714
car 0.97780,328,382,434,495
car 0.89607,327,249,398,298
car 0.77352,217,318,284,369
car 0.50433,386,267,418,301
person 0.59483,579,275,606,311
