object_probs,left,top,right,bottom
truck 0.75081,312,344,386,446
car 0.99750,94,501,330,643
car 0.93444,270,297,335,354
car 0.88374,326,249,400,299
car 0.86495,176,272,215,305
