object_probs,left,top,right,bottom
truck 0.86082,311,331,385,435
car 0.99868,161,475,356,600
car 0.94511,265,288,323,343
car 0.90682,326,247,401,299
car 0.78058,173,270,215,302
