object_probs,left,top,right,bottom
motorbike 0.66263,280,373,308,413
motorbike 0.65647,484,277,507,302
motorbike 0.62598,397,270,420,301
car 0.99859,836,370,1001,480
car 0.88310,1044,329,1078,398
car 0.85141,328,250,394,298
person 0.81557,187,246,200,277
