object_probs,left,top,right,bottom
bus 0.98251,373,212,483,316
car 0.94554,205,246,247,286
