object_probs,left,top,right,bottom
bus 0.97955,376,212,484,316
car 0.95727,205,245,246,286
