object_probs,left,top,right,bottom
truck 0.77520,294,293,386,409
motorbike 0.96518,481,536,572,619
person 0.54778 motorbike 0.88925,397,270,419,301
car 0.57902,305,248,346,277
person 0.95422,510,641,598,718
person 0.67260,495,505,567,574
person 0.58734,394,256,414,287
