object_probs,left,top,right,bottom
truck 0.61892,1,456,255,711
motorbike 0.63790,378,269,397,293
person 0.91466,376,255,395,287
person 0.59217,180,267,198,299
