object_probs,left,top,right,bottom
bus 0.97733,379,212,487,318
car 0.95656,205,245,246,285
