object_probs,left,top,right,bottom
bus 0.99329,474,238,649,359
person 0.65289,364,263,380,296
