object_probs,left,top,right,bottom
motorbike 0.71587,256,379,294,451
motorbike 0.65354,215,287,247,317
person 0.84809,216,276,245,310
