object_probs,left,top,right,bottom
motorbike 0.81965,285,401,324,459
motorbike 0.51299,396,268,420,301
car 0.99932,716,410,908,534
car 0.99412,966,336,1079,436
car 0.91719,328,250,394,298
person 0.91502,188,253,204,282
person 0.64964,283,386,320,445
person 0.54385,437,250,455,284
