object_probs,left,top,right,bottom
motorbike 0.67733,253,395,277,434
motorbike 0.67331,535,288,564,315
car 0.99615,298,410,433,524
car 0.95068,0,565,189,714
car 0.92688,230,328,299,380
car 0.91090,325,250,400,299
car 0.51435,386,266,418,301
person 0.75698,536,274,560,309
person 0.50765,224,329,248,372
