object_probs,left,top,right,bottom
bus 0.95946,331,213,426,301
car 0.98778,900,369,1071,483
car 0.97806,215,263,264,298
car 0.89621,1031,431,1079,586
