object_probs,left,top,right,bottom
motorbike 0.94405,478,498,555,577
motorbike 0.79434,256,398,293,459
motorbike 0.78818,311,353,343,392
motorbike 0.77949,399,273,420,302
car 0.99882,625,449,845,581
car 0.98199,171,609,533,718
car 0.97504,219,253,260,289
car 0.96902,281,294,346,337
car 0.86289,335,253,384,296
car 0.74754,224,214,252,241
person 0.94611,982,356,1020,420
person 0.91692,255,383,291,448
person 0.90887,1029,306,1057,347
person 0.85821,483,474,531,555
