object_probs,left,top,right,bottom
bus 0.95519,306,207,389,286
car 0.99776,692,326,842,418
car 0.98153,832,401,1073,552
car 0.94011,227,271,275,311
