object_probs,left,top,right,bottom
truck 0.97267,811,369,994,505
motorbike 0.70400,527,515,620,603
motorbike 0.52551,395,267,419,302
car 0.99924,150,465,335,593
car 0.94484,324,247,399,300
car 0.90704,1045,320,1078,382
car 0.80106,0,611,52,708
car 0.50973,771,298,815,326
person 0.96561,202,289,227,328
person 0.60178,526,491,612,600
