object_probs,left,top,right,bottom
motorbike 0.73187,377,269,397,294
person 0.89897,375,255,395,287
person 0.60813,182,267,199,299
