object_probs,left,top,right,bottom
motorbike 0.86214,155,525,233,595
car 0.99952,768,405,958,519
car 0.99124,252,557,563,719
car 0.94718,1022,335,1079,409
car 0.88407,328,250,398,298
car 0.77681,212,238,250,266
person 0.77462,159,495,202,571
