object_probs,left,top,right,bottom
motorbike 0.83671,388,545,475,614
motorbike 0.76838,400,272,420,302
motorbike 0.63301,758,396,799,459
motorbike 0.51368,249,347,285,401
person 0.51925,253,351,279,387
motorbike 0.50155,258,371,286,411
car 0.99781,770,399,950,507
car 0.97299,206,242,247,280
car 0.94030,506,498,779,658
car 0.88861,260,275,314,315
car 0.88712,334,253,384,297
car 0.62551,1065,325,1078,371
person 0.87334,759,383,800,445
person 0.80992,391,502,472,607
person 0.65625,245,310,268,344
