object_probs,left,top,right,bottom
motorbike 0.61885,434,269,456,294
motorbike 0.61160,223,488,268,542
car 0.98901,17,533,303,699
car 0.98552,261,370,346,459
car 0.86102,328,250,394,299
person 0.92593,223,455,267,528
person 0.78938,911,358,951,423
person 0.57549,182,268,198,296
