object_probs,left,top,right,bottom
truck 0.97550,294,507,637,719
motorbike 0.70208,261,355,286,387
motorbike 0.65081,394,267,418,301
car 0.99721,904,345,1044,447
car 0.92574,0,630,93,719
car 0.84946,325,249,395,299
person 0.60889,258,332,285,377
