object_probs,left,top,right,bottom
truck 0.76740,291,294,386,408
motorbike 0.97609,493,537,581,617
person 0.52527 motorbike 0.89117,396,270,419,301
car 0.57315,306,247,347,277
person 0.97843,526,633,611,719
person 0.58685,394,256,414,287
person 0.57744,509,504,581,574
