object_probs,left,top,right,bottom
person 0.86789 motorbike 0.79653,225,312,250,348
person 0.60244 motorbike 0.68839,401,271,420,301
person 0.54423 motorbike 0.68565,189,269,205,296
motorbike 0.67499,229,328,250,356
car 0.99900,797,401,972,515
car 0.99441,195,581,560,708
car 0.98782,947,350,1062,427
car 0.87171,233,258,282,289
car 0.86966,332,252,383,297
car 0.82376,188,236,234,262
person 0.96747,877,348,914,402
person 0.79768,992,317,1019,349
