object_probs,left,top,right,bottom
truck 0.63534,253,408,392,536
motorbike 0.61078,206,332,226,362
car 0.99470,910,363,1066,468
car 0.87319,327,248,398,300
car 0.82494,188,287,237,331
car 0.76704,313,330,396,401
car 0.53716,387,266,419,302
