object_probs,left,top,right,bottom
truck 0.89437,5,463,281,714
motorbike 0.73205,380,267,400,294
person 0.88430,379,255,398,289
