object_probs,left,top,right,bottom
bus 0.99115,514,246,738,381
person 0.82106 motorbike 0.79341,367,272,387,301
