object_probs,left,top,right,bottom
truck 0.76867,266,280,350,361
motorbike 0.93658,793,543,857,612
person 0.62440 motorbike 0.88646,396,271,419,300
motorbike 0.86761,898,454,947,525
motorbike 0.56093,886,409,922,446
person 0.55579,899,437,950,520
car 0.66015,315,245,362,281
person 0.85853,798,507,851,607
person 0.76467,402,510,481,574
person 0.71183,888,380,929,442
person 0.58022,630,671,706,719
