object_probs,left,top,right,bottom
bus 0.98195,349,213,444,304
car 0.96440,1002,385,1079,492
car 0.93136,213,257,258,298
car 0.59919,212,212,237,231
