object_probs,left,top,right,bottom
motorbike 0.75239,483,500,560,571
person 0.68163 motorbike 0.70538,252,349,280,391
person 0.54214 motorbike 0.66192,401,273,420,301
car 0.99830,791,389,969,503
car 0.98663,565,478,795,647
car 0.98129,204,243,244,278
car 0.88559,334,253,385,296
car 0.71719,256,274,307,313
person 0.67224,482,467,558,569
person 0.60642,797,373,839,424
