object_probs,left,top,right,bottom
bus 0.99763,703,245,1056,459
motorbike 0.51835,323,290,354,314
person 0.67565,318,275,352,311
