object_probs,left,top,right,bottom
motorbike 0.91215,163,524,238,594
car 0.99939,769,404,965,516
car 0.99751,270,550,585,719
car 0.96513,1023,334,1079,406
car 0.87922,328,250,399,298
car 0.70051,208,237,242,263
person 0.70997,166,494,219,573
