object_probs,left,top,right,bottom
bus 0.97844,400,221,517,322
car 0.98247,203,245,242,279
car 0.70501,218,211,245,233
