object_probs,left,top,right,bottom
motorbike 0.78965,267,441,309,500
motorbike 0.76914,396,265,421,300
motorbike 0.71323,191,267,206,291
car 0.99888,597,447,825,587
car 0.99783,903,360,1055,459
car 0.88738,328,250,395,298
person 0.84030,265,422,306,483
person 0.79829,189,259,205,287
person 0.65498,265,419,298,451
person 0.50115,394,254,421,286
