object_probs,left,top,right,bottom
truck 0.98851,708,382,926,558
motorbike 0.89608,333,577,472,688
motorbike 0.51192,393,265,418,302
car 0.99660,74,500,299,643
car 0.87767,326,250,397,297
car 0.84540,1011,324,1075,390
person 0.63390,214,292,239,337
