object_probs,left,top,right,bottom
bus 0.97696,336,212,440,303
car 0.98470,963,380,1079,490
car 0.96005,214,258,260,298
car 0.53847,212,211,236,231
