object_probs,left,top,right,bottom
truck 0.82038,180,434,365,589
car 0.99765,745,414,959,549
car 0.90080,325,248,399,300
car 0.88263,334,349,417,431
car 0.88105,191,292,254,338
