object_probs,left,top,right,bottom
bus 0.99097,470,236,639,356
car 0.62935,194,237,231,264
person 0.68558,365,263,380,297
