object_probs,left,top,right,bottom
motorbike 0.68430,253,413,280,449
motorbike 0.64873,515,288,543,314
motorbike 0.51335,388,267,418,302
car 0.98691,263,424,429,555
car 0.93823,2,602,124,716
car 0.90689,238,335,310,395
car 0.89737,325,249,400,299
person 0.89703,512,271,539,308
