object_probs,left,top,right,bottom
bus 0.98342,387,214,507,324
car 0.97441,204,245,244,281
car 0.62738,218,210,244,233
