object_probs,left,top,right,bottom
truck 0.98978,364,474,686,702
motorbike 0.70581,250,334,279,372
motorbike 0.57948,555,289,588,316
motorbike 0.51041,393,266,418,301
car 0.99587,921,346,1055,441
car 0.94919,3,599,130,713
car 0.82676,326,250,396,299
