object_probs,left,top,right,bottom
motorbike 0.68900,779,290,823,326
car 0.99246,928,360,1078,455
car 0.89973,326,248,398,300
car 0.88533,304,325,385,386
car 0.81906,258,400,393,523
car 0.56097,386,266,419,303
