object_probs,left,top,right,bottom
truck 0.98132,840,366,1017,491
motorbike 0.80853,585,493,666,583
motorbike 0.76986,793,295,838,328
motorbike 0.64915,0,579,90,702
motorbike 0.55821,394,267,418,302
car 0.99930,177,453,341,580
car 0.92546,326,248,398,299
car 0.65727,1058,320,1079,376
person 0.94102,200,288,223,326
person 0.51569,579,462,657,578
