object_probs,left,top,right,bottom
truck 0.98433,833,366,1010,493
motorbike 0.70568,569,514,657,592
motorbike 0.55586,783,296,831,325
motorbike 0.55545,394,266,418,302
car 0.99939,173,455,339,585
car 0.90072,325,248,398,299
car 0.71712,1053,316,1079,380
person 0.94092,199,288,223,326
