object_probs,left,top,right,bottom
motorbike 0.95665,323,483,369,538
motorbike 0.83288,185,504,237,570
motorbike 0.76439,806,480,860,549
motorbike 0.70367,890,351,924,391
motorbike 0.50633,892,370,921,398
car 0.99625,323,312,403,373
car 0.99334,289,534,621,712
car 0.98089,240,268,289,310
car 0.97916,1010,339,1079,415
car 0.93571,335,252,384,297
car 0.60007,398,270,421,300
person 0.90764,809,443,858,513
person 0.87680,319,444,366,507
person 0.65850,177,468,220,525
person 0.57090,892,336,923,365
