object_probs,left,top,right,bottom
truck 0.75932,983,318,1079,426
motorbike 0.85438,834,396,883,463
motorbike 0.55443,182,534,240,585
car 0.98300,254,404,349,492
car 0.97762,0,587,203,719
car 0.87120,326,250,396,298
person 0.85831,188,274,204,303
person 0.80963,178,485,226,548
person 0.71389,835,381,881,455
