object_probs,left,top,right,bottom
bus 0.96733,320,211,412,294
car 0.98548,812,354,1004,457
car 0.96462,220,266,265,302
car 0.96209,964,438,1079,593
