object_probs,left,top,right,bottom
bus 0.98969,447,236,620,349
car 0.86261,194,238,232,266
person 0.69508,363,263,379,295
