object_probs,left,top,right,bottom
motorbike 0.78912,376,269,396,294
person 0.83725,374,255,394,286
person 0.62223,182,268,200,300
