object_probs,left,top,right,bottom
motorbike 0.65050,189,290,215,315
motorbike 0.62489,250,358,284,416
person 0.86826,189,278,212,307
