object_probs,left,top,right,bottom
truck 0.69590,158,419,348,588
motorbike 0.66526,328,567,396,631
car 0.98489,330,361,411,431
car 0.94053,226,260,275,302
car 0.85738,329,250,395,298
car 0.72664,272,289,336,354
car 0.69501,162,244,195,277
person 0.50215,337,532,390,622
