object_probs,left,top,right,bottom
bus 0.97867,367,211,475,313
car 0.93805,211,251,250,287
