object_probs,left,top,right,bottom
truck 0.89597,407,499,658,694
truck 0.75675,255,264,333,346
motorbike 0.93303,395,271,420,300
motorbike 0.83868,898,463,943,525
motorbike 0.79988,805,597,879,678
person 0.62052 motorbike 0.51922,982,395,1029,464
car 0.87014,8,595,211,719
car 0.73476,323,248,367,282
person 0.97696,901,436,944,511
person 0.89003,811,543,875,658
person 0.59952,552,461,629,517
person 0.59224,396,257,418,283
person 0.50408,975,346,1012,401
