object_probs,left,top,right,bottom
bus 0.99126,481,239,659,365
person 0.63108,365,263,380,297
