object_probs,left,top,right,bottom
truck 0.78908,290,294,386,408
motorbike 0.89517,397,271,419,301
motorbike 0.88719,505,536,597,609
motorbike 0.69760,542,640,625,719
car 0.59463,305,248,347,277
person 0.80213,539,621,614,713
person 0.78014,516,501,592,576
person 0.59738,394,256,414,286
