object_probs,left,top,right,bottom
bus 0.96552,321,210,406,291
car 0.99673,779,346,950,444
car 0.97235,221,264,269,308
car 0.96462,928,426,1075,592
