object_probs,left,top,right,bottom
bus 0.98662,388,213,500,321
car 0.96913,204,245,245,283
car 0.52512,218,210,244,232
