object_probs,left,top,right,bottom
person 0.75980 motorbike 0.89941,224,311,249,347
person 0.60162 motorbike 0.67697,401,272,420,301
person 0.54412 motorbike 0.67531,188,268,203,294
car 0.99895,811,398,989,507
car 0.99887,256,559,586,719
car 0.98642,943,336,1072,429
car 0.95106,228,256,282,289
car 0.87336,333,252,383,297
person 0.93865,896,341,935,399
person 0.63444,1007,314,1032,345
