object_probs,left,top,right,bottom
motorbike 0.94128,241,329,266,371
motorbike 0.81184,209,287,227,315
motorbike 0.78422,399,272,420,301
car 0.99854,701,432,900,563
car 0.99692,880,366,1020,460
car 0.97334,195,238,233,266
car 0.95753,245,260,291,302
car 0.91578,334,253,384,296
car 0.52676,324,235,359,258
person 0.98337,733,391,779,443
person 0.64450,914,338,945,370
