object_probs,left,top,right,bottom
bus 0.97551,319,210,404,291
car 0.99611,765,346,937,442
car 0.97873,222,265,270,308
car 0.95674,910,425,1079,596
