object_probs,left,top,right,bottom
bus 0.99708,823,271,1079,500
motorbike 0.77499,214,489,263,545
person 0.88666,214,463,260,529
