object_probs,left,top,right,bottom
person 0.51552 motorbike 0.87894,192,269,208,295
motorbike 0.75003,244,462,290,525
motorbike 0.68828,393,268,418,300
car 0.99937,863,372,1024,477
car 0.99492,504,469,751,643
car 0.91679,329,251,396,298
car 0.66272,1071,340,1078,392
car 0.57504,1073,322,1079,382
person 0.92274,244,442,286,505
