object_probs,left,top,right,bottom
truck 0.76968,246,528,556,719
motorbike 0.76180,265,350,290,389
motorbike 0.61415,395,267,418,301
car 0.99376,887,355,1035,456
car 0.78738,327,249,394,299
person 0.70768,262,334,288,373
