object_probs,left,top,right,bottom
motorbike 0.71642,375,271,392,292
person 0.76400,189,275,205,304
person 0.72307,373,255,391,285
