object_probs,left,top,right,bottom
bus 0.97634,319,211,401,289
car 0.98195,756,345,921,442
car 0.97995,223,266,270,308
car 0.94695,907,422,1079,591
