object_probs,left,top,right,bottom
truck 0.96938,207,371,402,544
motorbike 0.82585,391,268,415,301
car 0.50540,284,234,325,269
