object_probs,left,top,right,bottom
truck 0.83678,586,434,800,628
motorbike 0.92955,396,273,419,300
motorbike 0.91022,938,481,989,550
motorbike 0.78416,472,634,558,719
motorbike 0.75611,339,616,471,713
motorbike 0.68556,992,415,1022,453
motorbike 0.61486,1062,372,1078,411
car 0.99375,12,531,297,687
car 0.65762,242,257,310,330
car 0.64431,311,247,374,291
person 0.89599,941,445,987,512
person 0.89167,993,383,1028,443
person 0.61554,471,625,552,708
person 0.51483,998,378,1021,404
