object_probs,left,top,right,bottom
truck 0.84398,308,354,391,461
car 0.99714,26,523,287,684
car 0.89872,281,303,349,363
car 0.87501,179,273,217,308
car 0.84561,329,249,396,298
