object_probs,left,top,right,bottom
motorbike 0.73206,256,375,291,440
motorbike 0.56430,206,290,236,316
person 0.88380,206,277,233,308
person 0.56181,255,368,291,430
