object_probs,left,top,right,bottom
truck 0.82616,290,290,385,405
motorbike 0.92009,548,642,636,719
motorbike 0.89849,396,271,419,301
motorbike 0.87962,521,518,605,597
person 0.93806,550,617,630,710
person 0.69180,529,502,603,575
person 0.64209,394,256,414,286
