object_probs,left,top,right,bottom
truck 0.64597,228,419,392,558
car 0.57295,230,413,391,547
motorbike 0.68239,738,289,781,326
motorbike 0.59610,209,334,229,368
car 0.99476,863,379,1040,491
car 0.88228,326,248,400,300
car 0.85679,317,334,399,411
car 0.71214,183,287,244,334
