object_probs,left,top,right,bottom
truck 0.70982,102,464,328,650
car 0.99487,544,473,812,653
car 0.98902,341,367,426,462
car 0.91838,199,304,267,355
car 0.89860,326,249,398,299
