object_probs,left,top,right,bottom
motorbike 0.79983,1042,330,1067,359
motorbike 0.77647,532,605,619,713
motorbike 0.74320,759,413,801,447
motorbike 0.69930,400,270,421,301
car 0.99853,910,374,1050,457
car 0.98822,358,331,442,407
car 0.98478,257,282,316,333
car 0.91900,333,252,383,297
car 0.75035,0,642,366,719
person 0.88139,535,583,616,696
person 0.69664,759,379,804,439
person 0.67201,1044,314,1069,357
