object_probs,left,top,right,bottom
motorbike 0.73388,220,286,253,317
motorbike 0.61071,259,398,296,459
person 0.81998,221,278,250,308
person 0.57960,256,384,294,450
