object_probs,left,top,right,bottom
truck 0.59455,275,392,399,509
motorbike 0.75730,801,286,850,327
car 0.97925,970,337,1079,442
car 0.93604,328,248,396,300
car 0.90388,299,320,377,382
car 0.58707,386,266,419,301
