object_probs,left,top,right,bottom
bus 0.99081,431,233,572,341
car 0.96784,197,243,235,275
car 0.69800,219,215,247,238
person 0.60223,352,254,364,287
