object_probs,left,top,right,bottom
truck 0.69765,290,282,380,392
motorbike 0.94385,604,504,677,565
motorbike 0.89949,396,270,419,300
motorbike 0.82241,632,603,714,717
person 0.77605,642,567,703,664
person 0.64593,628,476,679,551
person 0.61315,395,256,415,286
