object_probs,left,top,right,bottom
truck 0.68088,282,281,373,388
motorbike 0.94804,655,484,726,544
motorbike 0.88853,396,271,419,300
motorbike 0.64268,679,568,758,690
person 0.81878,669,453,723,533
person 0.76881,691,540,747,624
person 0.52763,395,257,415,286
