object_probs,left,top,right,bottom
truck 0.85910,310,352,391,459
car 0.99252,42,513,299,676
car 0.88084,178,272,217,307
car 0.86134,277,299,341,357
car 0.85773,328,249,396,298
