object_probs,left,top,right,bottom
truck 0.96024,183,386,400,571
car 0.75756,391,266,413,299
car 0.54148,283,235,324,269
