object_probs,left,top,right,bottom
truck 0.83724,308,325,385,429
car 0.99872,180,461,369,585
car 0.93889,259,289,318,338
car 0.87180,325,247,401,299
car 0.76545,168,270,215,301
