object_probs,left,top,right,bottom
bus 0.98847,430,235,571,339
car 0.96712,199,245,236,275
car 0.61151,219,216,246,239
person 0.53082,352,253,364,286
