object_probs,left,top,right,bottom
motorbike 0.65520,286,391,315,429
motorbike 0.63976,397,269,420,302
motorbike 0.50968,462,272,485,300
car 0.99899,795,383,974,494
car 0.94552,1019,329,1079,407
car 0.88218,329,250,392,297
car 0.85094,32,637,230,710
person 0.86708,187,248,203,278
person 0.71000,281,364,317,425
