object_probs,left,top,right,bottom
bus 0.99388,606,240,865,415
person 0.97332,356,275,377,306
