object_probs,left,top,right,bottom
motorbike 0.74472,451,272,473,299
motorbike 0.53947,247,473,278,503
motorbike 0.53605,1069,345,1078,385
car 0.98784,90,489,352,664
car 0.98399,259,356,341,437
car 0.90539,325,250,396,299
person 0.88719,239,435,280,501
person 0.77613,956,339,991,402
person 0.62965,176,255,192,290
