object_probs,left,top,right,bottom
motorbike 0.94751,492,486,564,545
motorbike 0.89415,956,327,986,361
motorbike 0.87170,1016,331,1049,368
motorbike 0.76279,910,392,947,428
motorbike 0.53540,1018,349,1046,375
car 0.99549,728,429,926,545
car 0.99143,356,372,464,470
car 0.94440,291,303,364,363
car 0.93384,332,251,385,297
car 0.72612,186,217,237,265
person 0.96203,911,362,949,421
person 0.92482,502,453,552,535
person 0.88002,954,314,987,354
person 0.66868,1018,316,1049,350
