object_probs,left,top,right,bottom
truck 0.88031,309,352,391,460
car 0.99661,30,515,291,677
car 0.86406,178,272,217,307
car 0.84311,329,249,396,298
car 0.81576,275,299,343,360
