object_probs,left,top,right,bottom
bus 0.97121,321,210,408,293
car 0.98166,944,435,1078,588
car 0.97889,788,355,978,454
car 0.96658,221,263,269,308
