object_probs,left,top,right,bottom
motorbike 0.76216,207,287,225,314
motorbike 0.68737,39,565,148,638
car 0.99758,686,429,903,565
car 0.97822,982,346,1079,431
car 0.95351,15,626,426,719
car 0.90881,217,244,254,273
car 0.81907,328,252,395,296
person 0.60629,400,271,421,302
person 0.56247,204,280,222,307
