object_probs,left,top,right,bottom
car 0.99724,277,413,414,513
car 0.95376,249,275,301,324
car 0.74182,327,249,397,299
car 0.68819,298,314,368,386
car 0.64955,4,538,172,700
