object_probs,left,top,right,bottom
truck 0.74029,157,423,348,590
motorbike 0.65777,321,558,392,636
car 0.98424,330,370,412,437
car 0.95608,226,260,275,303
car 0.87288,329,250,395,298
car 0.62803,162,244,194,277
car 0.59116,275,290,334,355
