object_probs,left,top,right,bottom
bus 0.95673,331,215,435,300
car 0.99187,920,379,1079,487
car 0.96943,214,260,262,298
