object_probs,left,top,right,bottom
person 0.57761 motorbike 0.66868,398,266,422,301
motorbike 0.55710,282,458,311,496
motorbike 0.53538,191,266,207,291
car 0.99947,617,443,836,576
car 0.99664,916,356,1059,458
car 0.89515,327,250,395,298
person 0.78715,188,259,204,288
person 0.56925,273,423,311,487
person 0.50999,396,254,421,287
