object_probs,left,top,right,bottom
person 0.82014 motorbike 0.60135,209,290,228,324
person 0.63679 motorbike 0.58966,399,271,421,302
car 0.99578,592,461,835,609
car 0.99018,932,360,1074,450
car 0.95338,221,248,261,276
car 0.91059,329,252,392,296
car 0.77159,1033,320,1079,387
person 0.57777,166,246,180,280
