object_probs,left,top,right,bottom
truck 0.83632,30,491,296,678
motorbike 0.80534,598,289,641,322
car 0.95058,337,381,428,474
car 0.90148,327,249,399,299
car 0.88700,207,309,276,359
car 0.72867,405,516,733,710
