object_probs,left,top,right,bottom
motorbike 0.90518,1027,332,1057,367
motorbike 0.86077,520,456,589,530
motorbike 0.77057,971,329,996,357
person 0.75105 motorbike 0.60909,924,359,960,417
car 0.99765,750,423,936,536
car 0.99299,359,369,459,461
car 0.96792,287,303,362,360
car 0.94615,333,252,384,296
car 0.70527,184,218,236,264
person 0.95848,964,313,995,354
person 0.89078,525,441,575,519
person 0.75301,927,353,954,387
person 0.70834,1032,316,1059,347
