object_probs,left,top,right,bottom
motorbike 0.76163,187,290,207,314
motorbike 0.71566,250,368,281,414
person 0.91639,186,279,206,306
person 0.60506,249,347,281,408
