object_probs,left,top,right,bottom
truck 0.88685,351,519,627,711
truck 0.88488,254,270,337,349
motorbike 0.92688,396,273,419,299
motorbike 0.89376,959,416,1005,482
motorbike 0.87622,869,477,921,550
motorbike 0.78674,756,638,836,718
car 0.81050,2,606,70,719
car 0.76301,320,248,364,281
car 0.50499,6,615,139,717
person 0.95607,871,448,921,542
person 0.89868,761,579,831,700
person 0.68913,948,358,989,419
person 0.68310,960,399,1005,475
person 0.63182,508,472,582,531
person 0.52989,396,258,417,281
