object_probs,left,top,right,bottom
motorbike 0.84306,285,382,322,437
motorbike 0.60463,456,270,475,296
car 0.99886,773,389,963,505
car 0.98053,1003,334,1079,417
car 0.92427,328,250,394,298
person 0.91616,188,249,203,280
person 0.59902,284,367,320,426
