object_probs,left,top,right,bottom
motorbike 0.69460,943,353,983,413
motorbike 0.52472,441,268,465,295
car 0.99497,58,506,340,670
car 0.98401,260,361,344,447
car 0.88725,327,250,394,298
person 0.95591,233,437,276,508
person 0.88432,943,344,981,407
person 0.55830,1062,331,1078,375
