object_probs,left,top,right,bottom
bus 0.96879,343,213,441,302
car 0.96040,984,382,1079,494
car 0.92038,214,257,258,299
car 0.60406,211,212,236,231
