object_probs,left,top,right,bottom
bus 0.98456,355,217,462,305
car 0.95652,210,254,254,289
car 0.54125,212,211,237,233
