object_probs,left,top,right,bottom
truck 0.80990,311,329,385,432
car 0.99846,169,468,359,596
car 0.96186,263,289,322,343
car 0.91225,327,248,401,299
car 0.79078,172,270,215,301
