object_probs,left,top,right,bottom
person 0.52316 motorbike 0.71112,475,272,496,300
motorbike 0.62586,396,269,420,301
motorbike 0.59960,278,363,314,422
motorbike 0.57841,287,390,314,424
car 0.99909,819,378,981,487
car 0.97301,1025,328,1079,406
car 0.86614,96,622,286,716
car 0.85590,328,250,392,298
person 0.83940,187,248,202,278
