object_probs,left,top,right,bottom
motorbike 0.95619,323,483,369,538
motorbike 0.83480,185,504,237,570
motorbike 0.75394,806,480,860,549
motorbike 0.70387,890,351,924,391
motorbike 0.50229,892,370,922,398
car 0.99618,323,312,403,373
car 0.99363,288,534,621,712
car 0.98103,240,268,289,311
car 0.97950,1010,339,1079,415
car 0.93583,335,252,384,297
car 0.57986,398,270,421,300
person 0.90772,809,442,858,513
person 0.87527,322,459,372,531
person 0.65673,177,468,220,525
person 0.56928,892,336,923,365
