object_probs,left,top,right,bottom
truck 0.70514,249,407,392,539
motorbike 0.66601,207,332,226,363
motorbike 0.59328,758,290,801,326
car 0.99666,904,364,1060,471
car 0.86087,327,249,398,300
car 0.84767,314,331,396,401
car 0.76122,188,288,237,333
