object_probs,left,top,right,bottom
motorbike 0.85114,266,440,307,504
motorbike 0.80986,395,266,422,301
motorbike 0.64994,191,267,206,292
car 0.99897,575,450,824,589
car 0.99764,901,362,1053,461
car 0.90016,328,250,395,298
person 0.87603,264,422,304,486
person 0.83747,190,259,205,288
person 0.52967,393,254,419,286
