object_probs,left,top,right,bottom
bus 0.98841,500,244,707,375
person 0.73077 motorbike 0.80617,367,270,387,300
