object_probs,left,top,right,bottom
motorbike 0.57841,374,271,390,292
car 0.84747,0,537,130,704
person 0.85792,371,254,389,286
person 0.83294,190,276,206,306
