object_probs,left,top,right,bottom
bus 0.97850,400,221,517,322
car 0.98304,203,245,242,279
car 0.69719,218,211,245,233
