object_probs,left,top,right,bottom
truck 0.62002,302,317,374,395
car 0.99700,256,425,402,533
car 0.91763,251,275,304,332
car 0.89492,0,563,128,712
car 0.77658,326,248,402,300
