object_probs,left,top,right,bottom
bus 0.92379,302,207,374,278
car 0.99024,637,321,768,400
car 0.98266,784,383,991,519
car 0.93099,233,277,282,321
