object_probs,left,top,right,bottom
car 0.60916 truck 0.61168,300,366,393,477
motorbike 0.61558,862,287,902,325
car 0.99008,0,569,213,716
car 0.91723,288,310,358,362
car 0.91308,1043,328,1079,404
car 0.86076,329,249,397,298
car 0.82821,180,274,224,316
