object_probs,left,top,right,bottom
truck 0.91475,936,337,1076,440
motorbike 0.89190,129,570,197,626
motorbike 0.69866,756,439,818,501
car 0.99852,236,412,353,517
car 0.84782,326,249,397,299
car 0.83401,0,644,78,718
person 0.79536,758,412,803,494
person 0.67193,126,525,192,586
person 0.60675,191,275,208,307
