object_probs,left,top,right,bottom
truck 0.88620,2,461,278,716
motorbike 0.67586,379,268,400,293
person 0.91614,378,254,398,289
