object_probs,left,top,right,bottom
bus 0.99513,555,252,801,395
person 0.78781,362,270,382,301
