object_probs,left,top,right,bottom
motorbike 0.89214,447,503,521,562
motorbike 0.88897,888,382,929,437
motorbike 0.70559,1000,348,1031,380
motorbike 0.68182,943,327,972,367
car 0.99706,708,441,899,558
car 0.99542,347,376,465,483
car 0.95033,295,308,366,362
car 0.92785,332,252,384,297
car 0.67678,190,220,241,266
person 0.91160,460,469,512,555
person 0.90285,889,365,929,428
person 0.59631,938,314,968,354
