object_probs,left,top,right,bottom
motorbike 0.78652,244,349,268,385
person 0.76969,240,333,267,376
person 0.53728,164,277,181,306
