object_probs,left,top,right,bottom
bus 0.98569,419,235,560,332
car 0.97528,199,245,235,276
car 0.71278,219,215,246,238
person 0.51320,350,251,364,286
