object_probs,left,top,right,bottom
bus 0.97999,370,209,478,314
car 0.89912,210,251,250,287
