object_probs,left,top,right,bottom
person 0.63392 motorbike 0.60780,399,270,421,302
person 0.83738 motorbike 0.52839,209,290,227,324
car 0.99620,598,459,843,604
car 0.99192,938,358,1073,449
car 0.96136,221,248,260,276
car 0.91215,329,252,392,296
car 0.55750,1033,317,1079,386
person 0.56434,166,247,178,281
