object_probs,left,top,right,bottom
truck 0.86216,203,424,385,572
motorbike 0.70183,708,284,757,327
car 0.99915,808,399,997,514
car 0.88182,325,248,400,300
car 0.84532,325,341,408,413
car 0.77305,186,290,249,336
car 0.51492,388,266,419,302
