object_probs,left,top,right,bottom
truck 0.75235,167,442,361,598
motorbike 0.60491,219,353,243,384
motorbike 0.57581,676,288,716,324
car 0.99815,722,422,947,564
car 0.96416,336,352,417,435
car 0.89558,325,248,398,300
car 0.84898,191,293,254,338
