object_probs,left,top,right,bottom
truck 0.76707,313,338,386,439
car 0.99928,136,484,348,619
car 0.93691,271,295,328,351
car 0.88919,326,248,400,299
car 0.79420,175,270,216,304
car 0.52837,389,268,419,301
