object_probs,left,top,right,bottom
bus 0.89937,299,207,384,283
car 0.99739,673,322,813,408
car 0.99088,815,398,1048,534
car 0.92827,230,274,277,314
person 0.53214,910,286,939,321
