object_probs,left,top,right,bottom
bus 0.99106,481,239,659,365
person 0.63553,365,263,380,297
