object_probs,left,top,right,bottom
motorbike 0.93540,250,348,279,390
motorbike 0.74539,399,271,421,301
person 0.70894 motorbike 0.72081,223,291,244,325
motorbike 0.64696,573,455,640,530
car 0.99811,825,378,985,486
car 0.99564,605,466,848,608
car 0.97598,202,240,237,275
car 0.94756,250,269,302,311
car 0.90300,334,252,385,297
person 0.85261,584,439,636,515
person 0.75240,249,337,272,368
person 0.52042,841,361,874,391
