object_probs,left,top,right,bottom
truck 0.64468,303,318,373,393
car 0.99757,253,431,404,543
car 0.93376,251,277,305,333
car 0.88952,0,563,110,712
car 0.76895,327,248,401,299
