object_probs,left,top,right,bottom
truck 0.75369,90,466,319,654
car 0.99407,515,481,804,670
car 0.98394,342,368,426,468
car 0.92087,200,304,268,356
car 0.89931,326,249,399,299
