object_probs,left,top,right,bottom
motorbike 0.86883,286,381,323,440
motorbike 0.55224,452,269,472,297
car 0.99942,766,394,950,507
car 0.98075,992,333,1079,422
car 0.92031,329,250,394,298
person 0.91131,188,250,204,281
person 0.57765,287,375,315,410
