object_probs,left,top,right,bottom
truck 0.82314,612,438,815,588
truck 0.51383,239,257,308,327
motorbike 0.94098,953,458,1003,533
motorbike 0.91547,396,273,418,300
motorbike 0.56789,503,610,583,715
car 0.99381,36,518,304,678
car 0.63736,314,247,375,290
person 0.94097,955,433,1002,516
person 0.74659,1004,378,1040,441
person 0.60580,1013,373,1039,407
person 0.53014,383,543,430,613
person 0.51453,380,556,471,640
