object_probs,left,top,right,bottom
motorbike 0.78703,517,288,546,315
motorbike 0.65231,254,413,280,447
car 0.98492,266,415,430,547
car 0.93305,0,597,134,719
car 0.92774,238,334,308,395
car 0.90561,325,249,399,299
person 0.86070,517,273,541,307
