object_probs,left,top,right,bottom
car 0.52687 truck 0.58556,64,467,316,657
motorbike 0.74110,609,292,651,324
car 0.98055,474,496,775,686
car 0.97389,342,367,427,474
car 0.95250,203,306,273,357
car 0.88498,326,249,399,298
