object_probs,left,top,right,bottom
truck 0.68675,602,428,816,613
car 0.59320,610,436,813,585
motorbike 0.92276,396,273,419,300
motorbike 0.89585,951,481,994,542
motorbike 0.61818,490,636,574,719
motorbike 0.52554,365,614,499,713
car 0.99115,32,519,309,681
car 0.68290,314,247,375,290
car 0.53570,240,258,308,328
person 0.96330,949,441,996,513
person 0.83334,1001,378,1037,444
person 0.62621,488,618,571,708
person 0.51750,370,557,449,637
