object_probs,left,top,right,bottom
bus 0.96959,319,211,413,295
car 0.97040,815,355,1008,458
car 0.96715,218,267,264,301
car 0.95540,971,432,1079,596
