object_probs,left,top,right,bottom
truck 0.77156,285,542,583,717
motorbike 0.92192,926,433,974,505
person 0.69538 motorbike 0.86896,396,271,419,300
motorbike 0.77157,698,639,770,719
motorbike 0.68923,827,528,887,583
car 0.64380,315,242,363,290
person 0.94486,699,616,762,714
person 0.90950,452,493,525,554
person 0.90202,836,474,884,562
person 0.76967,917,364,960,428
