object_probs,left,top,right,bottom
person 0.68687 motorbike 0.92269,222,309,246,345
motorbike 0.73349,401,273,420,300
motorbike 0.51306,185,267,200,292
car 0.99971,306,534,639,715
car 0.99813,827,391,1011,505
car 0.98831,959,330,1076,422
car 0.97176,226,255,281,289
car 0.90183,333,252,383,297
person 0.95232,923,333,960,394
person 0.72606,222,301,243,326
person 0.69662,1021,311,1046,342
person 0.65152,183,258,198,288
