object_probs,left,top,right,bottom
motorbike 0.68895,256,374,291,439
motorbike 0.66061,204,290,233,315
person 0.91451,204,278,230,308
person 0.62400,255,367,290,431
