object_probs,left,top,right,bottom
person 0.55809 motorbike 0.60027,401,273,420,300
car 0.99681,448,490,735,672
car 0.99573,878,372,1042,475
car 0.97205,994,328,1076,404
car 0.90012,226,251,268,281
car 0.88927,335,253,385,297
car 0.56284,269,233,296,258
car 0.51150,322,235,360,257
person 0.87718,173,254,190,284
person 0.71224,214,295,236,329
