object_probs,left,top,right,bottom
person 0.70635 motorbike 0.83887,473,273,496,302
motorbike 0.61219,388,266,418,303
motorbike 0.53841,252,439,281,471
car 0.99372,174,467,394,606
car 0.93051,247,346,327,407
car 0.90008,324,249,397,299
person 0.78271,1005,324,1042,383
person 0.76980,248,402,284,464
person 0.74620,173,250,188,283
