object_probs,left,top,right,bottom
bus 0.99232,446,234,608,347
car 0.92164,194,239,231,268
person 0.65610,359,255,373,289
