object_probs,left,top,right,bottom
motorbike 0.75422,483,499,560,572
person 0.68214 motorbike 0.70233,252,349,280,391
person 0.54058 motorbike 0.66311,401,273,420,301
car 0.99822,791,389,968,503
car 0.98674,565,478,795,647
car 0.98086,204,243,244,278
car 0.88735,334,253,385,297
car 0.70939,256,274,307,313
person 0.68499,482,467,558,569
person 0.60356,797,373,839,424
