object_probs,left,top,right,bottom
motorbike 0.60048,871,281,921,325
motorbike 0.51013,392,267,418,300
car 0.99476,1,557,236,705
car 0.93002,285,307,355,364
car 0.87680,329,249,395,298
car 0.82017,178,273,223,316
car 0.78681,303,364,394,471
car 0.77565,1055,310,1079,397
