object_probs,left,top,right,bottom
bus 0.98594,856,280,1077,499
person 0.81699,230,447,273,510
