object_probs,left,top,right,bottom
motorbike 0.91181,980,364,1060,421
motorbike 0.89559,416,311,449,345
motorbike 0.66072,217,336,256,371
car 0.99573,190,435,360,562
car 0.92744,325,249,399,299
person 0.79924,214,299,234,332
person 0.55282,163,272,181,302
