object_probs,left,top,right,bottom
motorbike 0.75078,376,348,407,389
motorbike 0.67545,195,479,245,548
motorbike 0.67010,393,266,424,301
car 0.80577,329,250,395,297
car 0.77885,215,249,258,287
car 0.70987,265,291,337,370
person 0.96052,191,458,244,535
person 0.78838,377,333,403,369
