object_probs,left,top,right,bottom
motorbike 0.88958,237,267,253,291
motorbike 0.69320,346,343,391,395
person 0.69966,237,260,252,284
car 0.97052,263,302,325,361
car 0.81967,328,249,398,298
person 0.90198,167,253,182,286
person 0.89020,242,426,279,491
