object_probs,left,top,right,bottom
truck 0.72873,83,471,300,631
car 0.99829,369,306,493,367
car 0.81496,327,248,404,300
car 0.59592,79,468,299,646
car 0.54687,754,295,800,325
