object_probs,left,top,right,bottom
motorbike 0.83762,270,312,293,340
motorbike 0.79259,225,335,245,356
motorbike 0.65769,395,265,421,301
car 0.98286,192,248,236,280
car 0.81431,326,250,399,298
person 0.91719,267,298,290,331
person 0.88544,219,310,243,349
