object_probs,left,top,right,bottom
motorbike 0.84550,156,518,227,592
car 0.98234,267,278,333,327
car 0.82495,325,248,398,299
car 0.75213,271,373,345,421
car 0.74070,261,371,354,495
car 0.55337,407,261,447,295
person 0.91995,156,490,202,577
person 0.63114,1031,276,1071,311
person 0.59631,175,494,222,575
