object_probs,left,top,right,bottom
motorbike 0.85175,243,268,259,294
motorbike 0.61697,366,344,412,397
motorbike 0.61170,394,266,420,301
motorbike 0.52026,240,461,279,525
car 0.97470,266,306,331,365
car 0.84027,327,249,397,299
person 0.93400,169,254,183,288
person 0.89935,239,437,278,510
