object_probs,left,top,right,bottom
car 0.99071,486,297,581,367
car 0.71910,387,258,454,320
car 0.58124,296,235,336,265
person 0.62982,211,292,236,326
