object_probs,left,top,right,bottom
motorbike 0.64712,554,289,585,315
motorbike 0.63115,413,392,439,430
motorbike 0.59562,9,570,122,674
car 0.91664,230,260,279,305
car 0.85334,205,237,238,267
car 0.81338,328,249,400,298
car 0.78626,287,329,366,404
person 0.78558,406,365,439,425
person 0.76690,555,274,581,310
