object_probs,left,top,right,bottom
motorbike 0.93673,225,329,246,363
motorbike 0.63730,481,328,521,360
car 0.98692,113,469,322,615
car 0.88365,327,249,399,299
person 0.85701,223,317,246,352
person 0.77827,189,277,206,307
person 0.74563,486,311,518,348
person 0.56327,1018,272,1044,312
