object_probs,left,top,right,bottom
motorbike 0.95957,919,351,986,393
motorbike 0.92442,389,330,422,360
motorbike 0.79558,517,386,597,439
motorbike 0.67415,583,290,615,316
car 0.91280,324,248,401,299
person 0.91227,388,316,422,351
person 0.86259,249,405,285,474
person 0.80368,725,289,759,326
