object_probs,left,top,right,bottom
motorbike 0.88927,282,399,321,464
motorbike 0.77726,517,327,541,359
person 0.52712,514,311,542,352
motorbike 0.60788,226,323,251,366
motorbike 0.51502,510,301,543,359
car 0.97142,515,271,633,328
car 0.92511,335,253,385,296
car 0.53925,224,301,285,352
car 0.50268,323,235,358,258
