object_probs,left,top,right,bottom
truck 0.63047,70,468,296,634
car 0.99592,372,307,494,366
car 0.81001,327,247,404,301
car 0.69066,68,468,294,647
person 0.76099,546,272,568,308
