object_probs,left,top,right,bottom
motorbike 0.89090,385,314,420,347
motorbike 0.59852,225,251,244,271
car 0.90724,326,249,399,298
