object_probs,left,top,right,bottom
truck 0.57640,364,247,414,302
motorbike 0.85954,923,384,980,432
motorbike 0.78227,227,395,253,430
person 0.59803 motorbike 0.71933,242,330,267,369
motorbike 0.50359,577,292,611,317
car 0.95282,419,275,502,338
car 0.54104,283,234,320,263
car 0.52960,185,252,220,279
person 0.64915,222,370,248,413
person 0.55659,924,360,971,423
