object_probs,left,top,right,bottom
motorbike 0.63058,392,267,417,303
car 0.81164,325,249,397,298
person 0.81488,487,268,514,306
person 0.74055,190,289,209,322
person 0.51426,455,268,480,298
person 0.51136,212,268,227,292
