object_probs,left,top,right,bottom
truck 0.93320,538,285,692,400
car 0.99526,407,283,482,333
car 0.90253,339,251,375,285
car 0.85011,803,383,1031,514
person 0.57576,507,276,519,305
person 0.56850,417,252,431,278
person 0.51788,175,255,192,285
