object_probs,left,top,right,bottom
motorbike 0.74334,536,288,564,315
motorbike 0.56402,392,268,418,303
car 0.85764,225,261,289,317
car 0.81343,327,250,396,296
car 0.80918,190,233,232,268
person 0.89871,535,275,562,310
person 0.68951,303,294,326,326
person 0.66974,255,340,288,402
