object_probs,left,top,right,bottom
motorbike 0.90537,433,287,459,321
motorbike 0.59629,402,270,422,299
car 0.97256,203,248,242,278
car 0.91981,449,263,522,311
car 0.89153,336,254,386,295
bicycle 0.70071,2,596,87,678
person 0.67015,432,272,456,308
