object_probs,left,top,right,bottom
truck 0.59392,433,254,552,350
bus 0.54051,438,264,548,352
car 0.96673,608,325,747,426
car 0.92615,359,265,423,309
car 0.77458,317,250,356,275
person 0.59307,189,272,208,303
