object_probs,left,top,right,bottom
bus 0.73846,211,391,362,555
motorbike 0.74134,376,527,425,586
motorbike 0.52146,390,266,418,300
car 0.97098,332,351,406,416
car 0.91995,328,249,395,298
car 0.91457,224,252,265,290
car 0.89809,262,283,323,339
person 0.83535,381,496,427,573
person 0.73972,362,485,405,547
