object_probs,left,top,right,bottom
motorbike 0.64083,133,544,208,610
car 0.98088,273,281,345,330
car 0.87083,247,371,351,502
car 0.80117,326,248,397,298
person 0.78905,134,508,179,572
