object_probs,left,top,right,bottom
truck 0.54855,112,209,200,245
motorbike 0.89616,691,345,758,388
motorbike 0.73205,208,312,231,337
motorbike 0.70134,389,269,418,302
motorbike 0.67230,255,267,273,292
car 0.80647,193,248,243,282
car 0.76435,326,248,397,298
person 0.83055,207,297,227,332
person 0.53166,705,330,738,368
