object_probs,left,top,right,bottom
motorbike 0.95304,791,380,876,429
person 0.86756 motorbike 0.60703,343,295,372,329
car 0.98521,266,382,379,494
car 0.53930,337,254,381,283
car 0.50436,0,578,56,704
person 0.81909,199,292,221,328
person 0.58015,813,355,860,419
