object_probs,left,top,right,bottom
motorbike 0.69733,393,265,423,301
motorbike 0.61986,382,350,410,391
motorbike 0.54714,188,470,241,552
car 0.79679,328,249,395,297
car 0.77278,216,250,259,287
car 0.67327,265,292,339,371
person 0.91512,185,462,239,538
person 0.68738,379,332,405,370
