object_probs,left,top,right,bottom
motorbike 0.84796,230,252,246,274
motorbike 0.68992,431,329,472,357
motorbike 0.50637,396,265,422,301
car 0.82276,326,249,397,298
car 0.53528,173,236,217,263
person 0.79973,429,307,473,354
person 0.69925,169,277,188,303
