object_probs,left,top,right,bottom
truck 0.72627,458,253,594,362
car 0.98176,659,338,817,446
car 0.97689,372,272,440,316
car 0.72631,320,251,360,278
