object_probs,left,top,right,bottom
traffic light 0.53497,132,269,149,294
truck 0.99608,735,322,998,501
motorbike 0.85439,679,337,721,389
car 0.99201,508,313,605,377
car 0.92347,357,259,409,304
car 0.78424,322,252,360,281
car 0.53425,297,247,334,274
person 0.80313,679,329,718,384
person 0.53626,451,273,470,304
person 0.53615,595,295,617,325
