object_probs,left,top,right,bottom
motorbike 0.92968,496,312,525,348
motorbike 0.82130,435,271,464,305
motorbike 0.73474,266,418,307,484
car 0.98016,499,268,613,321
car 0.92085,333,252,384,296
car 0.55502,232,308,291,357
car 0.54466,232,288,273,311
person 0.79356,265,409,305,469
person 0.52228,493,292,519,326
