object_probs,left,top,right,bottom
motorbike 0.82798,251,353,274,388
motorbike 0.63042,309,391,332,419
motorbike 0.54413,305,376,329,409
car 0.98136,207,262,260,299
car 0.81538,327,249,398,298
