object_probs,left,top,right,bottom
truck 0.66024,371,249,423,309
motorbike 0.74883,224,369,251,412
motorbike 0.74055,228,335,257,361
car 0.98304,437,281,522,348
car 0.52981,287,234,323,263
person 0.82264,230,314,255,349
