object_probs,left,top,right,bottom
truck 0.70504,350,246,411,301
motorbike 0.93120,1013,397,1078,465
motorbike 0.88947,860,366,916,414
motorbike 0.57659,249,353,271,381
motorbike 0.55781,550,290,581,314
motorbike 0.51989,227,392,252,434
car 0.97615,406,275,488,332
car 0.53614,285,236,317,263
car 0.50256,185,254,221,281
person 0.87528,1023,376,1073,454
person 0.71784,222,373,247,413
person 0.71512,551,273,576,311
person 0.71188,861,347,908,406
person 0.58745,246,332,271,374
