object_probs,left,top,right,bottom
motorbike 0.55528,414,287,444,318
car 0.95909,212,251,253,284
car 0.92068,334,253,384,297
car 0.78145,428,264,502,308
