object_probs,left,top,right,bottom
motorbike 0.88809,548,366,620,419
motorbike 0.71974,391,269,418,302
motorbike 0.52577,150,549,215,609
car 0.93946,287,341,359,413
car 0.84128,328,249,396,299
car 0.50993,323,234,359,256
person 0.73913,282,276,305,308
person 0.71959,181,275,198,304
