object_probs,left,top,right,bottom
person 0.59397 motorbike 0.89099,233,254,249,276
motorbike 0.81267,470,329,515,362
motorbike 0.70500,397,266,423,300
car 0.85433,170,237,221,268
car 0.83461,326,249,397,298
person 0.85311,470,312,515,358
person 0.64798,400,253,421,286
