object_probs,left,top,right,bottom
car 0.94811,541,315,654,393
car 0.82474,340,258,401,300
car 0.65527,303,247,343,274
