object_probs,left,top,right,bottom
motorbike 0.63163,618,291,656,321
car 0.94966,540,333,719,396
car 0.93126,0,565,100,717
car 0.80165,328,249,402,298
person 0.59506,170,251,184,287
