object_probs,left,top,right,bottom
truck 0.64793,467,277,600,365
car 0.98708,375,271,443,317
car 0.92393,662,341,826,449
car 0.84644,321,250,360,278
person 0.54779,174,292,194,330
