object_probs,left,top,right,bottom
motorbike 0.84602,879,343,943,397
motorbike 0.68653,439,269,455,295
person 0.57610,883,338,934,395
motorbike 0.58869,1061,389,1079,441
person 0.56052 motorbike 0.55184,395,267,417,301
car 0.87221,326,250,397,298
person 0.71658,242,272,262,306
person 0.60685,494,269,520,302
