object_probs,left,top,right,bottom
motorbike 0.65271,395,267,420,300
motorbike 0.52283,537,289,562,313
car 0.98771,816,343,1002,410
car 0.84642,326,250,398,298
person 0.89744,535,274,559,306
