object_probs,left,top,right,bottom
motorbike 0.96201,939,349,1008,394
motorbike 0.80670,405,329,442,363
motorbike 0.78407,574,291,608,317
motorbike 0.68641,537,382,618,441
person 0.70531,401,317,444,366
car 0.91936,325,248,401,299
person 0.91549,248,413,286,483
person 0.72557,719,290,748,324
person 0.60099,945,327,993,384
person 0.55355,577,277,603,311
