object_probs,left,top,right,bottom
motorbike 0.54053,390,270,418,300
car 0.93782,247,288,300,334
car 0.77274,327,250,396,298
bicycle 0.63478,3,590,100,682
person 0.75704,255,400,294,467
person 0.70599,219,255,234,282
person 0.51196,165,255,176,280
