object_probs,left,top,right,bottom
person 0.69077 motorbike 0.80954,237,256,253,280
motorbike 0.78629,397,266,422,301
motorbike 0.77333,498,322,548,366
motorbike 0.75049,186,288,203,313
car 0.84646,325,248,397,298
car 0.75434,173,237,221,269
person 0.67610,399,254,419,284
person 0.60082,508,314,539,351
