object_probs,left,top,right,bottom
person 0.72791 motorbike 0.93141,269,272,287,301
motorbike 0.85785,487,369,555,416
motorbike 0.63046,190,526,238,581
motorbike 0.57888,391,268,417,301
car 0.96781,282,329,353,400
car 0.82748,327,248,397,299
person 0.90150,188,481,240,560
person 0.77630,176,266,192,299
