object_probs,left,top,right,bottom
motorbike 0.80188,534,325,581,368
person 0.58445 motorbike 0.66540,230,331,256,373
motorbike 0.60529,289,339,337,394
motorbike 0.58918,391,267,419,302
car 0.98715,29,502,285,670
car 0.92764,324,248,398,299
person 0.82688,209,284,230,320
person 0.62886,958,273,982,312
person 0.53589,871,290,906,327
person 0.53282,535,310,579,359
