object_probs,left,top,right,bottom
car 0.62978 truck 0.53931,175,421,335,577
motorbike 0.65589,834,292,880,327
motorbike 0.63810,595,287,628,317
motorbike 0.62115,1,580,72,697
motorbike 0.54080,396,267,420,295
car 0.99145,323,297,414,350
car 0.80969,328,250,397,294
person 0.63420,597,276,628,312
