object_probs,left,top,right,bottom
truck 0.57990,467,279,599,364
car 0.98099,373,271,442,317
car 0.94442,663,340,820,448
car 0.77506,320,251,360,278
