object_probs,left,top,right,bottom
motorbike 0.91010,246,268,265,295
motorbike 0.65152,395,267,421,300
car 0.97273,270,310,335,374
car 0.81424,327,248,398,300
person 0.90348,170,255,184,289
person 0.80431,236,444,277,516
person 0.58947,401,254,422,286
person 0.57709,383,344,428,399
