object_probs,left,top,right,bottom
motorbike 0.88522,349,328,373,362
car 0.83874,327,250,395,297
car 0.82752,202,243,256,282
car 0.80884,250,278,317,344
person 0.93625,246,398,286,466
person 0.77802,347,312,372,352
person 0.65037,452,271,473,299
