object_probs,left,top,right,bottom
motorbike 0.84835,427,289,453,320
motorbike 0.56608,401,267,420,297
car 0.96527,205,248,247,283
car 0.93452,334,253,384,296
car 0.82141,450,266,513,309
person 0.66917,431,270,455,306
person 0.51044,403,252,421,280
