object_probs,left,top,right,bottom
truck 0.65231,111,201,201,248
motorbike 0.71613,415,414,449,453
car 0.91059,234,266,285,310
car 0.87025,329,250,399,296
car 0.83828,206,241,244,275
car 0.82096,293,346,367,423
person 0.85459,411,381,448,442
person 0.51628,529,272,555,308
