object_probs,left,top,right,bottom
truck 0.99372,654,300,855,451
motorbike 0.89233,596,328,625,362
motorbike 0.84054,941,386,1004,442
car 0.99560,460,300,551,358
car 0.83723,345,253,395,294
car 0.69328,285,234,316,263
car 0.58480,320,251,355,278
person 0.90707,596,313,623,352
person 0.64544,949,365,992,428
person 0.64073,519,276,541,306
