object_probs,left,top,right,bottom
motorbike 0.52138,206,333,225,363
car 0.94726,527,309,629,384
car 0.78122,335,258,395,299
car 0.74560,303,247,342,273
person 0.65090,203,287,223,322
