object_probs,left,top,right,bottom
motorbike 0.64466,551,291,583,314
car 0.98593,968,337,1079,412
car 0.76814,325,248,400,298
person 0.86831,549,267,578,310
person 0.82611,503,270,524,302
person 0.65374,184,272,202,304
