object_probs,left,top,right,bottom
motorbike 0.56498,395,266,419,302
car 0.85210,325,248,397,298
person 0.93854,475,268,497,300
person 0.83712,511,270,536,307
person 0.68757,202,253,218,284
