object_probs,left,top,right,bottom
truck 0.59493,365,246,416,302
motorbike 0.93473,929,386,989,434
motorbike 0.80631,227,395,253,428
person 0.60862 motorbike 0.64799,242,329,266,368
motorbike 0.55067,582,290,615,316
car 0.97780,421,275,504,339
car 0.56284,282,234,321,263
car 0.50393,185,251,219,279
person 0.70657,937,358,985,425
person 0.64856,221,364,253,425
person 0.58761,943,357,973,390
