object_probs,left,top,right,bottom
person 0.53007 motorbike 0.52626,395,265,418,302
car 0.85567,326,249,397,298
person 0.60068,204,255,218,285
person 0.58629,500,271,526,305
