object_probs,left,top,right,bottom
motorbike 0.94397,987,348,1055,395
motorbike 0.84594,554,290,585,317
motorbike 0.69431,442,331,483,367
motorbike 0.63072,583,406,676,451
motorbike 0.60982,244,435,283,505
person 0.77404,438,323,484,367
motorbike 0.54242,390,268,418,302
car 0.89861,325,249,400,298
person 0.90163,242,426,280,491
person 0.81083,553,275,580,311
