object_probs,left,top,right,bottom
truck 0.84031,429,254,547,349
car 0.91940,356,262,421,307
car 0.90283,596,321,737,418
car 0.70618,316,249,355,273
person 0.63343,190,272,208,304
