object_probs,left,top,right,bottom
person 0.65272 motorbike 0.88236,354,328,384,367
motorbike 0.63705,245,462,273,494
motorbike 0.57250,439,270,458,295
car 0.88492,254,279,322,350
car 0.85303,208,248,254,287
car 0.77747,329,251,395,297
person 0.97254,234,415,277,484
