object_probs,left,top,right,bottom
truck 0.69607,420,247,524,347
car 0.96863,574,320,705,407
car 0.87103,347,260,412,305
person 0.54052,194,275,212,307
