object_probs,left,top,right,bottom
car 0.97600,545,312,671,397
car 0.82775,346,259,404,299
car 0.67240,303,246,345,274
