object_probs,left,top,right,bottom
truck 0.51216,242,392,374,512
car 0.96969,327,339,398,394
car 0.96341,219,249,258,285
car 0.96195,258,281,316,336
car 0.91958,326,249,397,298
person 0.75599,388,450,430,508
person 0.72215,398,460,440,527
