object_probs,left,top,right,bottom
car 0.97702,508,303,608,379
car 0.73620,302,245,340,272
car 0.71041,341,261,388,296
person 0.52573,207,287,227,326
