object_probs,left,top,right,bottom
person 0.56207 motorbike 0.88434,431,272,457,305
motorbike 0.85021,481,308,510,344
motorbike 0.80045,253,460,293,520
car 0.95850,483,269,588,321
car 0.92295,334,253,384,296
car 0.71091,233,291,277,315
car 0.51407,323,235,359,257
person 0.77942,244,429,284,488
