object_probs,left,top,right,bottom
car 0.97823,549,311,679,399
car 0.92085,346,259,406,301
car 0.62120,304,246,345,274
