object_probs,left,top,right,bottom
motorbike 0.80383,142,516,214,595
car 0.98116,268,279,338,329
car 0.86682,254,371,353,499
car 0.80350,325,248,397,298
person 0.86069,147,494,200,584
