object_probs,left,top,right,bottom
motorbike 0.71401,396,268,425,307
car 0.94305,222,257,271,298
car 0.91553,327,249,391,298
car 0.67668,435,267,486,302
person 0.73196,253,400,292,472
