object_probs,left,top,right,bottom
motorbike 0.64170,815,293,852,326
car 0.98810,499,300,604,372
car 0.59063,301,246,338,272
car 0.57348,338,261,383,296
person 0.71548,208,287,229,327
