object_probs,left,top,right,bottom
motorbike 0.67891,318,304,343,338
car 0.88499,326,250,399,297
car 0.83442,199,240,237,275
car 0.82220,235,263,297,326
person 0.82524,494,275,518,304
person 0.79078,259,361,291,426
