object_probs,left,top,right,bottom
truck 0.94890,541,286,715,398
car 0.99493,410,285,484,333
car 0.87234,810,384,1032,515
car 0.85476,339,250,376,285
