object_probs,left,top,right,bottom
motorbike 0.74733,987,346,1055,398
car 0.81883,326,249,398,298
person 0.69062,1002,340,1049,394
