object_probs,left,top,right,bottom
motorbike 0.89536,255,268,275,299
motorbike 0.73876,435,365,498,410
motorbike 0.62647,214,506,260,561
motorbike 0.51107,392,266,418,301
car 0.91397,275,317,343,383
car 0.84713,327,248,396,300
person 0.81147,213,465,259,536
person 0.62677,443,347,489,403
person 0.61106,174,256,187,290
