object_probs,left,top,right,bottom
car 0.97691,503,331,652,392
car 0.93810,1,540,155,714
car 0.78909,329,251,403,297
car 0.58122,322,233,362,255
