object_probs,left,top,right,bottom
motorbike 0.69243,116,537,199,615
motorbike 0.50145,387,261,416,302
car 0.97621,279,284,350,330
car 0.84829,242,398,349,509
car 0.81397,327,249,397,297
person 0.57033,117,520,193,592
