object_probs,left,top,right,bottom
motorbike 0.72130,242,268,259,294
motorbike 0.59977,361,345,406,397
motorbike 0.57228,394,268,420,300
car 0.97846,266,306,329,364
car 0.82118,328,250,398,298
person 0.94377,241,436,280,509
person 0.92786,168,254,183,287
