object_probs,left,top,right,bottom
motorbike 0.76615,410,376,445,438
motorbike 0.61512,0,579,90,699
car 0.92333,231,261,281,308
car 0.86419,207,237,238,266
car 0.83899,329,250,400,297
car 0.68039,289,330,366,412
person 0.90761,407,366,441,426
person 0.72918,546,271,569,311
