object_probs,left,top,right,bottom
motorbike 0.78424,304,354,327,387
motorbike 0.75940,248,349,268,381
motorbike 0.62718,242,333,265,372
car 0.84204,333,254,400,303
car 0.81226,211,257,250,288
