object_probs,left,top,right,bottom
traffic light 0.57030,96,257,116,283
truck 0.57581,979,273,1079,331
bus 0.51751,335,240,389,299
motorbike 0.89568,721,347,764,382
motorbike 0.82114,825,362,880,419
motorbike 0.69767,264,376,289,410
motorbike 0.59238,251,267,267,294
motorbike 0.52658,1036,408,1079,490
car 0.99012,383,268,454,321
person 0.93261,213,400,250,473
person 0.85952,721,324,762,376
person 0.76811,484,268,503,302
person 0.76675,259,345,289,405
person 0.69193,830,346,878,405
