object_probs,left,top,right,bottom
motorbike 0.51053,205,310,227,338
car 0.88926,185,242,226,274
car 0.87269,327,250,397,299
person 0.77035,234,277,254,308
person 0.52624,203,296,225,324
