object_probs,left,top,right,bottom
motorbike 0.54271,397,266,420,300
car 0.99538,855,341,1045,409
car 0.87062,325,249,398,298
person 0.67057,526,272,548,305
person 0.52019,400,255,420,287
