object_probs,left,top,right,bottom
motorbike 0.89951,293,331,318,366
motorbike 0.77163,234,333,257,368
car 0.98084,200,251,243,286
car 0.86351,327,250,401,299
person 0.58382,291,319,313,346
