object_probs,left,top,right,bottom
truck 0.56861,223,391,366,540
motorbike 0.59352,386,526,432,574
car 0.98549,327,341,403,409
car 0.95174,222,252,262,288
car 0.93385,260,282,324,338
car 0.92629,326,249,398,299
person 0.77197,374,470,424,530
