object_probs,left,top,right,bottom
motorbike 0.82353,578,330,631,373
motorbike 0.67247,390,267,418,303
person 0.60201 motorbike 0.63714,309,345,360,400
motorbike 0.51381,822,307,866,335
car 0.98217,0,529,235,706
car 0.91436,326,249,398,298
person 0.91412,224,285,248,321
person 0.89899,828,292,859,329
person 0.54166,233,334,259,375
person 0.52114,949,282,977,321
person 0.51750,929,274,952,313
