object_probs,left,top,right,bottom
motorbike 0.93102,475,309,500,342
motorbike 0.80074,233,481,279,538
motorbike 0.77558,418,271,445,302
car 0.98580,474,270,583,318
car 0.93613,333,252,383,297
car 0.69446,234,299,297,359
car 0.53152,324,234,358,257
person 0.80920,229,449,277,512
person 0.80813,471,291,497,332
