object_probs,left,top,right,bottom
motorbike 0.57507,396,266,421,301
motorbike 0.51530,568,291,603,316
car 0.98547,919,336,1079,411
car 0.84742,325,249,398,298
person 0.93195,511,270,537,305
person 0.65294,182,273,199,302
person 0.61922,567,269,589,305
person 0.59706,401,253,421,286
