object_probs,left,top,right,bottom
truck 0.95154,594,300,764,428
motorbike 0.80139,793,344,837,398
motorbike 0.67726,553,309,579,343
car 0.97984,434,291,511,340
car 0.94467,340,254,383,287
car 0.71231,916,397,1074,562
car 0.66702,285,234,313,259
car 0.58186,309,250,340,277
person 0.73190,800,333,828,366
person 0.69737,563,290,583,322
person 0.64983,485,272,500,295
