object_probs,left,top,right,bottom
truck 0.71547,435,254,554,348
car 0.96585,615,324,761,427
car 0.91670,357,264,424,309
car 0.64284,317,250,356,276
person 0.53591,188,271,208,302
person 0.52396,184,292,205,328
