object_probs,left,top,right,bottom
bus 0.61824 truck 0.53296,452,252,567,357
car 0.97401,364,271,431,314
car 0.95662,630,332,777,435
car 0.75820,318,250,356,277
person 0.54239,188,272,207,301
