object_probs,left,top,right,bottom
motorbike 0.82404,192,504,241,568
car 0.95646,259,278,318,321
car 0.85925,325,248,395,298
car 0.79945,265,363,352,484
car 0.51274,404,250,453,294
person 0.76299,193,474,240,554
person 0.70354,182,468,222,531
