object_probs,left,top,right,bottom
truck 0.66196,373,249,424,311
motorbike 0.73740,226,335,253,360
motorbike 0.71465,224,369,249,410
car 0.97925,442,284,528,347
car 0.57161,288,233,321,263
person 0.78986,226,313,253,348
