object_probs,left,top,right,bottom
motorbike 0.79726,799,292,843,326
motorbike 0.61056,573,287,608,315
car 0.98932,340,301,441,354
car 0.85916,326,249,397,297
car 0.76100,138,437,321,599
person 0.57041,575,278,605,311
