object_probs,left,top,right,bottom
motorbike 0.84085,244,268,261,295
motorbike 0.59570,395,266,420,301
motorbike 0.54848,238,460,279,525
car 0.97364,268,308,332,365
car 0.83598,327,249,397,300
person 0.91516,169,255,183,288
person 0.87769,238,439,278,511
person 0.59126,400,254,422,288
