object_probs,left,top,right,bottom
motorbike 0.97351,391,311,424,341
motorbike 0.90767,923,362,1006,422
motorbike 0.73585,189,323,234,372
car 0.99656,222,414,369,548
car 0.94653,327,250,395,298
person 0.87282,207,296,229,330
person 0.60401,394,295,422,325
person 0.52759,391,268,418,303
