object_probs,left,top,right,bottom
motorbike 0.53813,395,267,420,301
car 0.83092,325,250,398,297
person 0.72767,456,271,480,300
person 0.58467,1025,342,1076,392
person 0.52696,280,289,307,322
