object_probs,left,top,right,bottom
motorbike 0.94993,769,346,836,387
motorbike 0.77234,414,364,483,422
person 0.73785 motorbike 0.74569,674,292,709,324
person 0.89394 motorbike 0.65404,306,309,333,344
motorbike 0.56609,248,376,282,435
car 0.92098,324,249,402,298
person 0.87447,772,329,833,381
person 0.74887,247,367,280,429
person 0.67635,421,360,471,421
person 0.64647,805,286,827,321
person 0.63263,827,291,852,324
