object_probs,left,top,right,bottom
motorbike 0.88736,781,361,831,409
motorbike 0.87709,962,401,1025,465
motorbike 0.82073,683,331,721,368
motorbike 0.75945,264,370,292,413
motorbike 0.60519,255,265,273,298
motorbike 0.50874,268,391,293,421
car 0.98524,378,266,446,318
car 0.84807,951,276,1069,331
car 0.52910,190,269,229,294
person 0.94383,207,413,243,485
person 0.93294,968,380,1015,453
person 0.92392,782,343,829,400
person 0.58106,264,357,290,393
