object_probs,left,top,right,bottom
truck 0.86327,487,272,623,378
car 0.98671,385,273,450,325
car 0.92811,324,249,365,278
car 0.87325,699,344,888,468
car 0.78284,371,246,402,275
person 0.51373,173,288,191,324
