object_probs,left,top,right,bottom
car 0.84104,325,248,399,298
car 0.52090,1044,337,1079,412
person 0.81556,484,268,508,301
person 0.80537,527,270,559,312
person 0.65517,198,251,212,282
