object_probs,left,top,right,bottom
motorbike 0.82800,195,508,243,560
car 0.94270,256,274,312,316
car 0.86084,325,249,393,298
car 0.74667,266,359,353,478
person 0.94782,195,465,239,534
