object_probs,left,top,right,bottom
motorbike 0.80950,590,286,624,318
car 0.98289,618,339,801,402
car 0.79353,324,244,401,298
person 0.69554,170,250,186,290
person 0.56795,593,277,619,311
