object_probs,left,top,right,bottom
motorbike 0.76076,394,370,424,409
motorbike 0.67518,137,517,208,596
motorbike 0.54971,390,264,418,302
car 0.82147,223,253,266,295
car 0.75592,328,249,398,298
car 0.71416,201,234,233,260
car 0.67518,278,305,352,383
person 0.77283,391,350,419,394
