object_probs,left,top,right,bottom
truck 0.60268,109,452,314,618
motorbike 0.67033,774,293,820,326
motorbike 0.60584,558,287,588,315
car 0.99516,362,301,471,365
car 0.84073,326,249,402,299
person 0.65404,559,275,586,311
