object_probs,left,top,right,bottom
motorbike 0.64482,389,269,418,301
motorbike 0.52724,199,313,223,345
car 0.95767,220,269,272,305
car 0.79896,331,255,399,302
