object_probs,left,top,right,bottom
motorbike 0.93643,471,308,497,341
motorbike 0.93237,218,482,270,548
motorbike 0.87651,418,271,445,303
motorbike 0.69326,247,348,272,385
car 0.97876,476,269,577,320
car 0.92884,333,253,383,297
car 0.65661,236,297,281,320
car 0.51527,324,234,359,256
person 0.89011,216,453,267,533
person 0.82926,468,292,496,332
