object_probs,left,top,right,bottom
motorbike 0.82628,394,372,422,405
motorbike 0.54929,158,527,220,588
car 0.82747,220,267,269,298
car 0.76058,328,249,397,298
car 0.73333,199,234,235,260
car 0.67819,273,304,345,380
car 0.58954,219,253,261,289
person 0.74127,390,350,417,391
person 0.63084,390,341,413,367
