object_probs,left,top,right,bottom
motorbike 0.85188,230,252,246,274
motorbike 0.69177,431,329,472,357
motorbike 0.51021,396,265,422,301
car 0.82314,326,249,397,298
car 0.54222,173,236,217,263
person 0.79618,429,307,473,354
person 0.69609,169,277,188,303
