object_probs,left,top,right,bottom
car 0.97578,524,310,630,383
car 0.76306,302,248,342,272
car 0.75781,340,261,396,298
person 0.51650,204,287,224,322
