object_probs,left,top,right,bottom
motorbike 0.92337,1010,347,1076,397
motorbike 0.83940,251,351,278,383
motorbike 0.74883,573,289,609,317
motorbike 0.54852,393,267,418,302
car 0.90696,220,259,272,308
car 0.81943,326,249,399,297
person 0.72981,248,333,277,377
person 0.70219,574,278,603,310
person 0.64824,288,287,310,318
person 0.53275,1018,339,1069,393
