object_probs,left,top,right,bottom
truck 0.57001,402,255,486,330
motorbike 0.59997,205,332,225,362
car 0.91861,525,313,645,390
car 0.80607,338,257,397,300
car 0.71135,302,247,342,273
person 0.58285,201,285,222,322
