object_probs,left,top,right,bottom
motorbike 0.92818,596,380,678,427
motorbike 0.86435,294,286,314,317
motorbike 0.74137,113,564,193,630
motorbike 0.58090,392,268,418,300
car 0.96927,287,351,367,430
car 0.78343,327,250,397,298
car 0.52577,325,235,358,255
person 0.82538,186,276,202,305
person 0.70295,292,278,311,306
person 0.69098,612,348,661,405
