object_probs,left,top,right,bottom
motorbike 0.73704,802,295,847,326
car 0.98906,497,299,602,372
car 0.61248,338,262,382,295
car 0.57267,301,247,338,272
person 0.69462,208,287,229,327
