object_probs,left,top,right,bottom
motorbike 0.79549,1029,354,1079,418
person 0.72926 motorbike 0.69714,441,311,477,350
motorbike 0.53292,229,331,278,377
motorbike 0.52601,389,267,417,302
car 0.99774,164,451,350,588
car 0.89496,326,249,398,299
person 0.72220,217,312,244,346
person 0.70358,1031,342,1079,412
person 0.63651,171,275,191,303
person 0.52902,1055,274,1075,308
