object_probs,left,top,right,bottom
motorbike 0.90623,558,329,617,375
motorbike 0.77625,393,268,419,302
person 0.52087 motorbike 0.74294,834,292,878,327
person 0.63625,563,325,614,372
car 0.82934,180,240,249,275
car 0.81274,326,250,396,299
person 0.83126,191,289,214,323
person 0.64117,395,254,415,281
person 0.50124,243,254,260,281
