object_probs,left,top,right,bottom
car 0.73377,327,249,398,296
person 0.71442,305,294,334,328
person 0.51625,399,253,423,288
