object_probs,left,top,right,bottom
car 0.97983,957,336,1079,415
car 0.79149,325,249,399,298
person 0.87596,552,267,580,311
person 0.66087,183,274,201,304
person 0.60365,505,270,526,301
