object_probs,left,top,right,bottom
motorbike 0.87322,234,267,250,290
person 0.74757,234,261,250,283
motorbike 0.62508,337,340,381,393
motorbike 0.55076,245,436,286,503
car 0.94589,264,300,323,357
car 0.80408,327,250,399,298
person 0.89779,244,422,282,493
person 0.87176,167,252,182,285
person 0.65032,345,337,374,367
