object_probs,left,top,right,bottom
truck 0.53737,366,246,417,301
motorbike 0.93296,946,387,1011,438
motorbike 0.76495,594,290,627,319
motorbike 0.74253,227,393,252,425
motorbike 0.66761,241,332,265,367
car 0.97753,424,277,508,340
car 0.55509,283,235,322,264
person 0.65424,222,370,248,414
person 0.61126,598,278,621,310
person 0.57257,957,360,1004,427
