object_probs,left,top,right,bottom
truck 0.69687,370,249,438,316
car 0.97795,466,293,555,355
