object_probs,left,top,right,bottom
motorbike 0.94877,253,269,272,298
motorbike 0.60679,219,505,263,556
car 0.92391,275,316,341,380
car 0.81945,327,248,396,300
person 0.89817,217,462,262,535
person 0.84177,173,256,186,290
person 0.58347,427,347,475,403
