object_probs,left,top,right,bottom
motorbike 0.87374,250,354,274,388
motorbike 0.76756,307,376,331,409
motorbike 0.62805,389,269,418,301
motorbike 0.59723,557,288,586,314
car 0.98161,206,262,261,299
car 0.79188,326,247,399,298
person 0.61816,247,336,269,364
person 0.50351,557,279,583,310
