object_probs,left,top,right,bottom
motorbike 0.75969,628,330,686,376
motorbike 0.72201,334,348,395,403
motorbike 0.66333,242,371,266,403
motorbike 0.53233,389,268,418,302
car 0.99343,0,559,188,719
car 0.90456,325,249,399,298
person 0.94297,243,289,265,326
person 0.84700,783,293,817,326
person 0.83426,631,328,682,375
person 0.73907,240,349,264,393
person 0.57088,913,286,945,323
