object_probs,left,top,right,bottom
motorbike 0.53123,396,266,420,300
car 0.98696,809,343,995,410
car 0.83869,327,250,399,298
person 0.87845,538,274,561,307
person 0.55064,605,271,630,310
