object_probs,left,top,right,bottom
motorbike 0.75246,987,346,1055,398
car 0.81054,326,249,398,298
person 0.69846,1002,340,1049,394
