object_probs,left,top,right,bottom
motorbike 0.58396,203,329,224,360
car 0.94866,531,315,653,391
car 0.81316,338,257,398,299
car 0.67918,303,247,342,273
person 0.59035,200,286,222,321
