object_probs,left,top,right,bottom
motorbike 0.58479,821,296,868,328
car 0.97449,506,303,608,379
car 0.73762,340,261,386,296
car 0.68584,302,246,339,272
person 0.60504,207,288,228,326
