object_probs,left,top,right,bottom
truck 0.95222,589,299,760,429
motorbike 0.79676,542,309,571,342
motorbike 0.65063,774,342,819,393
car 0.99099,429,289,509,341
car 0.94855,340,252,381,286
car 0.71166,905,390,1077,566
car 0.60193,307,249,340,277
car 0.55059,286,234,314,259
person 0.74736,784,330,810,364
person 0.60195,172,248,188,282
person 0.54990,479,274,496,296
