object_probs,left,top,right,bottom
person 0.50894 motorbike 0.90602,431,271,456,305
motorbike 0.89061,246,460,288,521
motorbike 0.87635,480,309,507,343
motorbike 0.52118,246,350,269,380
car 0.97604,480,270,591,320
car 0.92988,334,252,384,297
car 0.69675,232,293,278,316
car 0.53353,323,235,359,258
person 0.73220,244,437,287,511
person 0.59129,478,290,502,330
person 0.53175,239,330,266,376
