object_probs,left,top,right,bottom
motorbike 0.85476,593,287,626,318
car 0.98997,609,337,787,400
car 0.82838,324,244,401,298
person 0.71096,171,249,186,290
person 0.58446,596,278,621,310
