object_probs,left,top,right,bottom
car 0.94801,208,249,252,283
car 0.91962,334,253,384,297
car 0.65706,461,263,508,308
person 0.60405,261,374,289,422
