object_probs,left,top,right,bottom
motorbike 0.80002,717,293,760,325
car 0.99420,410,317,538,372
car 0.86043,20,484,273,675
car 0.79923,324,248,408,299
person 0.77299,522,276,544,306
