object_probs,left,top,right,bottom
motorbike 0.58561,387,507,434,568
car 0.98526,326,342,404,405
car 0.96210,220,251,261,288
car 0.94738,258,281,319,335
car 0.91674,326,249,398,299
person 0.82846,377,468,424,530
