object_probs,left,top,right,bottom
motorbike 0.86497,499,308,531,351
motorbike 0.81355,275,418,313,484
motorbike 0.52042,435,270,464,306
car 0.96392,509,272,618,326
car 0.91688,334,253,384,296
car 0.62142,228,305,290,354
person 0.79690,272,403,313,473
