object_probs,left,top,right,bottom
truck 0.95964,596,300,767,428
motorbike 0.84064,802,345,846,400
person 0.62102 motorbike 0.77621,553,311,579,344
car 0.97966,433,290,515,350
car 0.94991,339,255,384,288
car 0.65040,285,234,313,259
car 0.61139,309,251,340,276
car 0.58581,927,397,1077,563
person 0.73665,565,293,584,323
person 0.69059,487,270,502,295
person 0.66530,809,336,836,368
