object_probs,left,top,right,bottom
truck 0.98237,689,309,901,467
motorbike 0.89468,621,330,655,366
motorbike 0.57905,537,292,565,318
car 0.99047,476,303,567,365
car 0.78842,317,250,354,275
car 0.77612,351,253,401,294
car 0.74500,395,256,419,278
car 0.69998,290,234,318,259
person 0.50767,542,278,562,307
