object_probs,left,top,right,bottom
motorbike 0.96201,824,347,894,390
motorbike 0.87689,449,382,526,433
person 0.77341 motorbike 0.70349,332,313,363,347
person 0.80545 motorbike 0.68921,636,289,671,323
car 0.83051,327,250,400,296
person 0.76194,787,290,820,325
person 0.76171,838,327,887,383
person 0.68792,453,367,526,427
person 0.65187,250,380,283,450
person 0.63495,768,289,790,319
