object_probs,left,top,right,bottom
person 0.70200 motorbike 0.71998,223,273,242,302
motorbike 0.67091,392,268,417,302
motorbike 0.58370,459,268,484,300
motorbike 0.56697,438,268,461,294
car 0.87636,184,238,221,265
car 0.84400,330,255,397,302
person 0.60755,194,292,214,327
