object_probs,left,top,right,bottom
motorbike 0.82000,148,523,219,593
car 0.98182,268,279,335,327
car 0.83386,258,372,353,497
car 0.81315,325,249,397,298
person 0.94594,151,494,201,578
