object_probs,left,top,right,bottom
motorbike 0.81047,796,296,843,327
car 0.98648,494,298,599,373
car 0.62081,337,263,382,294
person 0.62813,208,288,234,368
person 0.52931,209,288,230,329
