object_probs,left,top,right,bottom
motorbike 0.74113,378,526,425,582
motorbike 0.50783,390,266,418,300
car 0.97407,330,343,404,411
car 0.93798,223,252,264,290
car 0.92447,261,281,324,339
car 0.91514,329,249,394,298
person 0.74991,380,496,428,571
person 0.74080,366,484,407,545
