object_probs,left,top,right,bottom
motorbike 0.95895,877,349,945,392
motorbike 0.82145,485,382,569,438
person 0.63013 motorbike 0.80382,610,291,643,323
motorbike 0.75448,367,330,393,356
car 0.90501,326,250,401,298
person 0.91676,363,315,393,352
person 0.86644,760,292,788,324
person 0.79811,251,394,285,461
person 0.62760,492,368,567,427
person 0.62374,882,327,931,384
