object_probs,left,top,right,bottom
motorbike 0.50202,550,288,581,315
car 0.98702,751,343,928,406
car 0.84358,326,249,400,297
person 0.79540,551,272,577,311
