object_probs,left,top,right,bottom
motorbike 0.82774,1029,339,1079,394
motorbike 0.80735,252,350,279,385
motorbike 0.59899,565,289,602,318
motorbike 0.50956,393,268,418,302
car 0.92118,221,259,273,310
car 0.85533,327,250,397,296
person 0.75792,290,289,311,320
person 0.51664,251,334,278,378
