object_probs,left,top,right,bottom
truck 0.99246,663,303,855,450
motorbike 0.94710,599,331,630,363
motorbike 0.79666,950,387,1018,445
car 0.99530,462,300,554,359
car 0.81117,346,253,395,293
car 0.68660,286,234,317,263
car 0.67595,318,251,355,278
person 0.89707,600,314,626,348
person 0.69155,524,277,544,306
person 0.58160,971,368,996,409
