object_probs,left,top,right,bottom
motorbike 0.91919,219,485,269,539
motorbike 0.81922,262,393,289,432
car 0.95700,230,274,279,316
car 0.86605,327,250,397,297
car 0.56202,388,269,418,300
person 0.78333,217,448,264,505
person 0.60933,480,274,497,299
person 0.52146,217,312,245,352
