object_probs,left,top,right,bottom
motorbike 0.86674,571,289,604,317
car 0.99831,675,341,849,403
car 0.79692,327,248,398,297
person 0.69840,573,278,599,308
person 0.52093,172,251,187,290
