object_probs,left,top,right,bottom
truck 0.72334,430,255,549,348
car 0.94580,598,322,739,420
car 0.89648,357,262,422,307
car 0.74615,317,250,355,273
person 0.61438,190,272,208,304
