object_probs,left,top,right,bottom
motorbike 0.96420,903,349,971,393
motorbike 0.86040,594,290,628,320
motorbike 0.83666,506,383,593,438
motorbike 0.80525,384,329,412,359
car 0.91428,325,249,401,299
person 0.95207,381,314,414,352
person 0.81847,741,292,770,324
person 0.78138,250,403,284,470
person 0.61956,515,368,590,427
person 0.51579,929,329,960,364
