object_probs,left,top,right,bottom
car 0.95174,211,252,255,285
car 0.91222,334,252,384,298
car 0.83128,429,265,499,307
person 0.54089,408,270,439,308
person 0.50050,261,382,295,443
