object_probs,left,top,right,bottom
motorbike 0.86193,385,349,413,390
motorbike 0.76765,394,265,423,301
motorbike 0.52519,179,504,229,569
car 0.77253,329,249,395,297
car 0.76523,218,248,260,294
car 0.73439,268,295,341,372
person 0.82457,176,472,230,556
person 0.64143,382,336,411,371
