object_probs,left,top,right,bottom
motorbike 0.54418,395,266,420,302
car 0.93477,303,311,373,356
car 0.93239,241,268,294,315
car 0.92371,207,245,253,278
car 0.81454,329,250,399,298
car 0.62697,289,366,379,451
person 0.81239,412,399,451,460
person 0.64408,416,396,445,432
person 0.58782,505,270,527,304
