object_probs,left,top,right,bottom
motorbike 0.87084,601,331,659,375
motorbike 0.68932,319,347,378,401
person 0.64654,607,328,658,374
motorbike 0.62647,390,268,418,303
motorbike 0.56189,239,345,263,392
motorbike 0.54306,801,307,844,334
car 0.98723,0,554,217,719
car 0.90868,325,249,397,298
person 0.90997,805,291,839,327
person 0.89877,233,287,256,323
person 0.58185,913,275,933,308
person 0.55956,932,283,960,322
