object_probs,left,top,right,bottom
motorbike 0.93860,948,366,1028,421
motorbike 0.93203,402,310,434,344
motorbike 0.70404,201,336,240,371
car 0.99352,209,427,365,551
car 0.92421,326,250,397,298
person 0.62791,209,297,231,330
person 0.51043,966,348,1011,405
