object_probs,left,top,right,bottom
truck 0.76908,330,242,397,300
motorbike 0.95304,927,381,1000,444
motorbike 0.82165,799,345,845,396
motorbike 0.75238,252,350,280,388
motorbike 0.55149,229,417,253,454
car 0.96929,396,268,471,331
car 0.51136,186,256,223,286
car 0.50545,285,237,317,262
person 0.93228,938,363,986,428
person 0.79687,222,384,253,448
person 0.73047,805,335,833,365
person 0.60066,522,274,541,304
