object_probs,left,top,right,bottom
motorbike 0.94708,365,308,394,338
motorbike 0.82765,853,379,928,430
motorbike 0.63759,391,270,418,300
car 0.99495,254,402,376,512
car 0.83607,328,250,395,295
person 0.96191,203,292,223,328
person 0.87955,365,296,392,328
