object_probs,left,top,right,bottom
motorbike 0.88773,519,326,553,363
motorbike 0.87708,289,397,327,456
motorbike 0.72124,222,324,248,364
car 0.95547,524,273,646,327
car 0.91746,335,254,385,296
car 0.69800,221,282,269,307
car 0.51214,323,236,359,258
person 0.80627,518,304,554,359
person 0.68935,286,383,325,450
