object_probs,left,top,right,bottom
motorbike 0.91861,498,311,528,349
motorbike 0.77393,437,273,464,306
motorbike 0.76657,274,417,312,486
motorbike 0.62835,232,329,255,368
car 0.97131,500,269,613,322
car 0.91949,333,252,384,296
car 0.50126,230,306,291,355
person 0.71591,267,407,307,468
person 0.50998,494,291,519,326
