object_probs,left,top,right,bottom
motorbike 0.50271,394,266,419,302
car 0.95895,208,247,255,280
car 0.90844,244,265,298,320
car 0.88435,301,318,381,375
car 0.78723,329,249,399,299
car 0.52636,285,372,371,458
person 0.84853,411,406,450,463
person 0.81219,494,271,515,303
