object_probs,left,top,right,bottom
truck 0.98984,653,306,851,452
motorbike 0.88014,592,328,623,362
motorbike 0.86219,928,388,989,440
car 0.99493,458,298,548,359
car 0.73790,345,253,394,294
car 0.61751,284,234,316,265
car 0.60921,362,253,399,281
car 0.59438,1043,369,1079,572
car 0.53463,319,251,355,279
person 0.88596,593,314,621,352
person 0.70938,517,276,538,305
person 0.69018,940,360,979,427
