object_probs,left,top,right,bottom
motorbike 0.85386,434,273,457,299
motorbike 0.78823,545,317,584,375
motorbike 0.71246,469,289,498,318
motorbike 0.57595,304,390,330,433
motorbike 0.56630,296,365,331,429
motorbike 0.54248,494,290,515,316
car 0.98350,550,275,672,329
car 0.92847,337,253,387,297
car 0.73155,220,280,264,300
car 0.62324,212,286,274,338
car 0.54663,322,234,361,257
person 0.69173,545,302,581,365
person 0.68342,538,297,563,326
