object_probs,left,top,right,bottom
motorbike 0.78263,1037,338,1077,394
motorbike 0.76441,560,288,594,316
motorbike 0.68884,253,347,280,387
car 0.85888,327,250,398,297
car 0.85507,223,259,286,313
person 0.70774,565,275,590,312
person 0.60909,291,290,312,319
