object_probs,left,top,right,bottom
motorbike 0.66647,397,267,424,306
car 0.95723,224,258,271,299
car 0.92627,327,250,391,297
car 0.68986,434,266,486,302
person 0.70477,252,401,291,475
