object_probs,left,top,right,bottom
truck 0.96843,501,272,648,383
car 0.99365,394,278,465,328
car 0.93114,745,353,931,486
car 0.87346,326,251,368,278
person 0.60411,478,273,494,303
person 0.55755,171,288,185,318
