object_probs,left,top,right,bottom
truck 0.71680,367,246,434,316
motorbike 0.52181,220,371,245,401
motorbike 0.50745,213,339,248,398
car 0.98665,456,291,550,354
person 0.56927,220,312,247,344
