object_probs,left,top,right,bottom
truck 0.95259,516,276,664,390
car 0.99048,400,277,468,329
car 0.97402,762,361,956,493
car 0.78204,328,250,368,280
car 0.56081,301,248,331,272
person 0.55919,169,287,185,317
