object_probs,left,top,right,bottom
motorbike 0.86586,224,330,245,361
motorbike 0.74241,470,328,504,358
car 0.99355,130,468,331,605
car 0.89457,326,249,398,299
person 0.91246,221,314,244,352
person 0.84812,469,313,503,348
person 0.77470,184,277,202,305
