object_probs,left,top,right,bottom
motorbike 0.63728,205,312,227,339
car 0.88337,185,242,226,274
car 0.87546,326,250,397,298
person 0.72506,234,278,256,309
person 0.65326,203,295,225,325
