object_probs,left,top,right,bottom
motorbike 0.89737,940,364,1020,422
motorbike 0.89540,394,310,430,343
motorbike 0.72484,195,323,240,374
car 0.98958,212,423,375,554
car 0.93421,326,250,397,298
person 0.80759,207,297,230,329
person 0.50936,393,269,417,303
person 0.50142,961,351,1005,418
