object_probs,left,top,right,bottom
motorbike 0.77504,239,331,263,372
motorbike 0.77253,295,333,321,369
motorbike 0.54150,395,269,419,301
car 0.94764,203,253,246,289
car 0.78260,328,250,399,299
