object_probs,left,top,right,bottom
car 0.96321,1008,333,1079,416
car 0.82683,325,248,400,298
person 0.90135,494,271,517,302
person 0.86616,538,270,567,309
person 0.57348,186,273,203,305
