object_probs,left,top,right,bottom
motorbike 0.74024,387,264,418,302
car 0.99295,293,290,367,337
car 0.84356,250,394,345,443
car 0.73447,224,414,348,532
car 0.67837,327,250,395,296
person 0.60737,987,270,1025,320
