object_probs,left,top,right,bottom
truck 0.67747,33,466,286,655
car 0.58421,56,465,288,655
motorbike 0.74847,736,292,778,324
car 0.99348,391,313,514,372
car 0.80166,325,247,408,301
person 0.57564,539,273,559,305
