object_probs,left,top,right,bottom
car 0.98419,510,333,665,391
car 0.94437,1,544,150,714
car 0.76096,329,250,403,297
car 0.58389,321,232,362,255
