object_probs,left,top,right,bottom
motorbike 0.95605,736,342,810,389
motorbike 0.77643,213,308,238,340
motorbike 0.74621,259,268,276,295
motorbike 0.60017,717,293,757,324
motorbike 0.57350,388,269,418,301
car 0.89868,195,251,244,285
car 0.77833,325,248,399,298
person 0.63706,738,327,808,388
person 0.56639,213,299,235,333
