object_probs,left,top,right,bottom
motorbike 0.51100,205,310,227,338
car 0.88931,185,242,226,274
car 0.87424,326,250,397,299
person 0.77272,234,277,254,308
person 0.52486,203,296,225,324
