object_probs,left,top,right,bottom
truck 0.99767,794,323,1056,515
motorbike 0.89206,714,347,757,399
motorbike 0.73511,619,307,646,340
car 0.98464,520,322,636,390
car 0.95454,364,262,415,305
car 0.78397,324,253,364,284
car 0.64161,300,247,332,274
person 0.65289,619,295,642,329
person 0.50450,722,341,744,368
