object_probs,left,top,right,bottom
truck 0.87673,0,503,241,696
motorbike 0.65034,802,293,840,322
car 0.99740,447,321,575,377
car 0.77755,325,249,403,298
