object_probs,left,top,right,bottom
person 0.65126 motorbike 0.79648,228,276,247,302
person 0.66692 motorbike 0.51016,201,294,220,326
car 0.81783,330,255,396,302
car 0.76970,185,242,222,272
