object_probs,left,top,right,bottom
motorbike 0.66072,393,269,417,301
car 0.79619,327,250,396,298
car 0.78872,183,238,219,264
person 0.74086,192,291,211,324
person 0.70240,218,268,234,297
