object_probs,left,top,right,bottom
truck 0.68562,370,249,439,316
motorbike 0.66072,714,297,757,327
motorbike 0.50871,211,338,248,392
car 0.97734,468,293,555,355
