object_probs,left,top,right,bottom
truck 0.59915,353,242,421,304
motorbike 0.72483,224,370,250,411
motorbike 0.71220,227,335,255,361
car 0.98206,441,283,526,347
car 0.57216,287,233,322,264
person 0.78482,229,314,254,349
