object_probs,left,top,right,bottom
car 0.50149 truck 0.66645,332,242,398,300
motorbike 0.86962,948,400,1022,452
motorbike 0.80898,813,346,860,398
motorbike 0.73284,252,350,277,386
motorbike 0.56711,229,417,254,452
car 0.98575,403,272,476,330
car 0.54644,186,256,223,286
person 0.88663,957,368,1011,444
person 0.65279,224,390,250,432
person 0.58280,821,338,847,368
person 0.54737,251,334,274,376
