object_probs,left,top,right,bottom
truck 0.94883,535,283,687,398
person 0.52996 motorbike 0.52407,505,289,524,327
car 0.99373,407,282,479,332
car 0.91077,799,380,1012,513
car 0.89959,338,251,374,284
person 0.57067,418,253,430,278
