object_probs,left,top,right,bottom
motorbike 0.68318,401,269,435,309
car 0.95777,219,255,266,294
car 0.91135,328,249,390,297
car 0.83976,440,269,488,302
car 0.51773,272,335,329,360
