object_probs,left,top,right,bottom
motorbike 0.82957,295,287,316,316
motorbike 0.79067,605,381,686,427
motorbike 0.78554,108,560,190,632
car 0.97362,288,351,367,431
car 0.75731,327,250,397,299
car 0.51252,325,235,358,255
person 0.81086,186,277,202,305
person 0.53402,294,277,313,306
