object_probs,left,top,right,bottom
motorbike 0.73047,338,360,397,410
motorbike 0.71716,244,373,268,404
motorbike 0.66881,636,329,696,376
motorbike 0.56023,389,267,418,302
car 0.99440,0,563,182,717
car 0.90890,324,248,399,298
person 0.93264,246,291,268,325
person 0.88088,779,293,814,326
person 0.81564,240,348,265,393
person 0.77965,644,326,692,374
person 0.74044,339,348,389,402
person 0.57326,912,286,942,323
