object_probs,left,top,right,bottom
motorbike 0.80780,639,330,698,377
motorbike 0.72158,244,373,268,405
motorbike 0.71461,341,360,400,409
motorbike 0.54115,390,267,418,302
car 0.99622,0,562,176,718
car 0.91495,324,248,400,299
person 0.95278,248,290,271,325
person 0.79345,646,328,698,376
person 0.78899,769,292,802,326
person 0.77984,240,348,265,394
person 0.60649,342,348,391,403
person 0.56977,909,287,939,323
