object_probs,left,top,right,bottom
motorbike 0.85513,243,268,259,294
motorbike 0.62195,366,344,412,397
motorbike 0.59527,394,266,420,301
motorbike 0.52833,240,461,279,525
car 0.97503,266,306,331,365
car 0.82843,327,249,398,299
person 0.93431,169,254,183,288
person 0.89864,239,437,278,511
