object_probs,left,top,right,bottom
car 0.99348,890,341,1072,411
car 0.85503,324,249,398,298
person 0.88002,518,272,542,306
person 0.80680,575,272,605,310
person 0.64982,401,252,421,287
