object_probs,left,top,right,bottom
motorbike 0.97025,818,407,912,457
motorbike 0.86673,637,348,697,391
person 0.58740 motorbike 0.65924,393,267,418,302
motorbike 0.50920,132,564,208,628
car 0.84582,326,249,397,297
person 0.93665,479,273,501,302
person 0.91885,207,257,223,286
person 0.80867,840,378,885,444
person 0.74948,575,276,603,309
person 0.61415,657,334,688,369
