object_probs,left,top,right,bottom
motorbike 0.79488,289,396,328,455
motorbike 0.74517,221,326,248,363
motorbike 0.57024,519,302,556,359
motorbike 0.54974,527,327,556,365
car 0.96817,528,274,648,327
car 0.91616,336,253,386,296
car 0.79507,221,282,269,306
person 0.78451,287,382,326,447
person 0.75743,523,306,559,363
person 0.53420,452,274,475,305
person 0.52161,477,273,495,304
