object_probs,left,top,right,bottom
truck 0.88939,0,509,233,704
car 0.99561,444,321,586,380
car 0.76272,325,249,402,298
car 0.63796,681,295,724,322
