object_probs,left,top,right,bottom
motorbike 0.92290,651,382,735,429
person 0.52127 motorbike 0.88115,306,289,329,321
motorbike 0.80121,48,542,166,658
motorbike 0.51904,189,288,205,313
car 0.98271,286,365,368,445
car 0.73048,328,250,399,298
car 0.52650,324,234,361,256
person 0.82418,188,277,205,309
person 0.80020,669,355,717,418
