object_probs,left,top,right,bottom
motorbike 0.62512,539,288,564,314
car 0.98614,801,342,982,410
car 0.79258,327,250,399,298
person 0.90566,540,274,563,308
person 0.53961,608,271,632,309
