object_probs,left,top,right,bottom
truck 0.62353,373,250,426,313
motorbike 0.61972,223,371,248,405
motorbike 0.55782,224,336,251,360
car 0.97909,448,283,533,348
person 0.84150,223,310,252,347
