object_probs,left,top,right,bottom
truck 0.57728,111,202,197,245
motorbike 0.67767,413,399,452,457
motorbike 0.61791,394,266,419,301
car 0.90079,236,268,287,313
car 0.86467,207,241,246,276
car 0.78468,329,250,396,297
car 0.68831,294,349,367,431
person 0.85762,412,384,449,445
person 0.74976,519,273,541,306
