object_probs,left,top,right,bottom
motorbike 0.91857,950,397,1011,463
motorbike 0.91474,678,332,719,368
motorbike 0.84831,775,360,824,409
motorbike 0.72845,265,369,292,413
motorbike 0.53439,269,390,294,422
car 0.98476,378,266,445,316
car 0.93612,949,278,1067,331
person 0.94359,206,415,243,489
person 0.93601,957,378,1007,454
person 0.83606,776,341,822,398
person 0.79380,782,338,812,369
person 0.60004,681,317,712,344
person 0.53580,266,357,290,393
