object_probs,left,top,right,bottom
truck 0.51706,408,258,500,340
car 0.95664,541,311,664,395
car 0.79971,340,258,402,300
car 0.66256,303,247,344,274
