object_probs,left,top,right,bottom
motorbike 0.87944,526,370,599,419
person 0.55871 motorbike 0.83699,276,275,295,303
motorbike 0.79996,161,526,228,591
motorbike 0.71400,390,269,417,301
car 0.97303,287,338,358,412
car 0.86135,327,248,396,300
person 0.75024,172,503,222,576
person 0.57375,180,273,197,303
