object_probs,left,top,right,bottom
motorbike 0.92851,819,346,886,391
person 0.70578 motorbike 0.87904,330,312,359,346
motorbike 0.85316,443,382,521,433
person 0.72987 motorbike 0.77902,641,291,675,323
car 0.84867,328,250,400,296
person 0.72389,251,379,282,447
person 0.60984,773,288,794,320
person 0.59290,848,330,879,366
person 0.55201,790,289,820,323
