object_probs,left,top,right,bottom
truck 0.69261,177,414,353,574
motorbike 0.54779,355,543,405,611
car 0.98549,332,356,409,428
car 0.88619,329,250,395,298
car 0.84110,269,291,331,349
car 0.82528,222,256,272,302
person 0.71681,363,516,409,594
person 0.69770,338,506,385,571
