object_probs,left,top,right,bottom
car 0.99287,871,343,1051,410
car 0.86384,325,249,398,298
person 0.85390,523,272,546,306
person 0.54998,583,272,608,306
person 0.51117,400,253,420,287
