object_probs,left,top,right,bottom
motorbike 0.92926,819,346,886,391
person 0.71099 motorbike 0.87621,330,312,359,346
motorbike 0.85328,443,382,521,433
person 0.71940 motorbike 0.78920,641,291,675,323
car 0.84118,328,250,400,296
person 0.72965,251,379,282,447
person 0.61161,773,288,794,320
person 0.59309,848,330,879,366
person 0.55489,790,289,820,323
