object_probs,left,top,right,bottom
motorbike 0.90285,293,285,313,316
motorbike 0.90009,589,382,669,425
motorbike 0.72224,117,563,197,629
motorbike 0.70619,392,267,418,301
person 0.75478,291,278,310,306
car 0.96953,288,350,365,427
car 0.79046,327,249,396,298
person 0.80762,185,276,202,304
