object_probs,left,top,right,bottom
motorbike 0.95354,384,308,416,341
motorbike 0.91163,908,358,986,424
car 0.99788,228,416,371,537
car 0.94435,327,250,394,297
person 0.89693,206,295,227,328
person 0.56566,391,267,419,304
