object_probs,left,top,right,bottom
motorbike 0.88549,559,289,589,315
car 0.99664,712,341,887,404
car 0.83502,327,249,399,297
person 0.82142,563,274,586,310
