object_probs,left,top,right,bottom
car 0.97490,977,335,1079,416
car 0.79039,325,248,400,298
person 0.87939,499,271,522,303
person 0.82497,547,269,578,312
person 0.65508,185,272,202,304
