object_probs,left,top,right,bottom
traffic light 0.51380,129,269,144,296
truck 0.99786,766,328,1023,505
motorbike 0.90906,692,343,734,392
motorbike 0.62414,601,308,629,336
car 0.99181,517,316,623,384
car 0.93424,363,258,412,304
car 0.83782,324,253,362,283
car 0.65537,434,270,464,294
car 0.59610,298,246,333,274
person 0.74832,699,337,726,369
person 0.50719,451,274,472,305
