object_probs,left,top,right,bottom
motorbike 0.56129,399,265,443,309
car 0.94247,215,254,260,288
car 0.93301,329,249,391,298
car 0.77675,430,263,495,305
person 0.68135,258,388,291,451
