object_probs,left,top,right,bottom
person 0.54909 motorbike 0.89016,328,309,351,343
motorbike 0.52053,795,289,835,326
motorbike 0.51077,260,373,294,439
car 0.88532,240,266,307,336
car 0.88012,327,251,396,297
car 0.86385,201,243,242,276
person 0.83329,258,366,292,430
person 0.78498,483,273,504,301
