object_probs,left,top,right,bottom
truck 0.74338,123,458,319,606
car 0.53114,127,439,314,601
motorbike 0.78742,793,291,835,327
car 0.99557,350,303,454,357
car 0.87739,325,249,401,298
