object_probs,left,top,right,bottom
motorbike 0.67124,397,267,424,306
car 0.95436,224,258,271,299
car 0.92530,327,250,391,298
car 0.67498,434,266,486,302
person 0.70274,252,401,291,475
