object_probs,left,top,right,bottom
motorbike 0.96847,389,309,419,341
motorbike 0.87279,917,364,998,423
motorbike 0.57559,187,321,233,371
car 0.99745,225,416,371,542
car 0.93804,327,250,394,297
person 0.88701,207,295,227,329
person 0.64616,392,294,419,323
person 0.55501,390,269,417,303
