object_probs,left,top,right,bottom
truck 0.64195,232,398,362,525
motorbike 0.67543,388,507,434,565
car 0.97038,326,340,403,400
car 0.96186,220,250,260,288
car 0.94863,259,281,319,335
car 0.92818,326,249,398,298
person 0.86729,381,465,426,528
