object_probs,left,top,right,bottom
motorbike 0.61002,773,294,813,326
car 0.98975,487,298,582,367
car 0.59569,388,257,455,321
car 0.59047,296,235,335,266
person 0.59964,210,292,235,326
