object_probs,left,top,right,bottom
truck 0.63521,374,251,440,316
motorbike 0.73468,717,297,761,327
car 0.97751,470,294,558,356
