object_probs,left,top,right,bottom
truck 0.83102,0,514,225,712
motorbike 0.53525,793,293,839,324
car 0.99771,457,325,593,382
car 0.75011,326,250,402,298
car 0.56303,680,294,720,322
