object_probs,left,top,right,bottom
motorbike 0.66096,409,392,436,425
motorbike 0.55515,562,289,592,315
motorbike 0.52570,386,266,419,302
car 0.92542,227,260,275,305
car 0.87926,204,236,236,265
car 0.72853,328,250,400,297
car 0.57475,282,311,357,390
person 0.73936,402,359,436,422
person 0.54184,568,274,589,311
