object_probs,left,top,right,bottom
motorbike 0.60149,551,289,583,315
car 0.85678,223,258,287,315
car 0.76161,327,249,397,296
car 0.66089,191,233,231,264
person 0.86708,550,273,578,312
person 0.82730,297,290,319,323
person 0.78146,251,335,284,391
