object_probs,left,top,right,bottom
person 0.73900 motorbike 0.50552,185,303,207,344
car 0.97034,219,269,265,304
car 0.75298,332,255,401,302
person 0.66788,514,276,536,306
