object_probs,left,top,right,bottom
motorbike 0.83902,217,485,263,539
car 0.97432,245,269,298,311
car 0.92061,327,250,393,298
car 0.78647,276,355,343,394
car 0.63210,416,249,462,296
person 0.95552,217,446,261,512
