object_probs,left,top,right,bottom
motorbike 0.86983,574,288,607,317
car 0.98831,653,338,835,405
car 0.82318,326,248,398,297
person 0.70121,577,278,604,309
person 0.65594,441,244,461,286
person 0.64958,170,249,186,291
