object_probs,left,top,right,bottom
truck 0.99679,728,318,994,502
motorbike 0.73439,676,349,714,387
car 0.99271,507,313,603,377
car 0.92116,357,258,409,303
car 0.67406,322,251,359,282
person 0.70108,680,332,709,369
