object_probs,left,top,right,bottom
motorbike 0.94422,754,412,851,457
motorbike 0.80961,579,347,639,387
motorbike 0.73246,178,525,229,592
motorbike 0.67782,391,266,418,303
car 0.88204,325,249,399,298
person 0.93910,494,273,515,305
person 0.92421,177,491,231,579
person 0.83412,201,254,218,282
person 0.82018,588,331,635,379
person 0.74945,796,382,843,446
person 0.68049,598,275,626,310
person 0.57851,779,380,821,442
