object_probs,left,top,right,bottom
motorbike 0.85796,294,331,319,367
motorbike 0.70306,235,334,258,368
car 0.97891,201,252,244,288
car 0.85460,327,250,400,299
