object_probs,left,top,right,bottom
truck 0.79213,429,253,543,348
motorbike 0.52755,186,309,207,342
car 0.93132,350,262,419,307
car 0.91548,595,321,728,416
car 0.70535,317,249,355,273
person 0.62036,191,271,209,304
