object_probs,left,top,right,bottom
motorbike 0.93791,741,344,804,385
motorbike 0.80768,399,365,463,419
person 0.64210 motorbike 0.68227,695,296,729,325
person 0.89109 motorbike 0.65446,290,305,320,341
motorbike 0.53098,249,398,277,430
car 0.90308,322,247,403,299
person 0.89582,244,364,278,426
person 0.81649,754,329,802,379
person 0.74593,840,293,875,326
