object_probs,left,top,right,bottom
motorbike 0.53076,539,289,567,313
car 0.98835,792,342,968,408
car 0.78991,327,250,398,298
person 0.82355,542,274,564,308
