object_probs,left,top,right,bottom
motorbike 0.83975,756,352,795,387
motorbike 0.81638,866,359,926,427
person 0.51980,870,354,924,425
motorbike 0.56641,226,438,253,471
car 0.98166,388,269,460,321
person 0.86800,752,327,794,381
person 0.86134,219,396,254,463
person 0.53111,500,272,518,302
