object_probs,left,top,right,bottom
motorbike 0.80024,395,267,423,306
motorbike 0.56818,251,416,292,479
car 0.97420,224,258,271,300
car 0.91338,327,250,389,297
car 0.67165,274,338,336,374
person 0.84898,249,404,285,469
