object_probs,left,top,right,bottom
motorbike 0.86907,549,332,592,368
person 0.71353 motorbike 0.63909,292,339,339,397
motorbike 0.56772,392,267,419,302
car 0.98762,19,509,275,682
car 0.92811,324,248,398,299
person 0.80159,214,283,235,321
person 0.78680,861,289,896,327
person 0.77626,232,332,258,376
person 0.66715,553,316,589,346
person 0.60576,951,274,975,309
