object_probs,left,top,right,bottom
car 0.83000,325,248,399,298
car 0.52248,1055,361,1079,409
person 0.90885,482,269,507,301
person 0.63226,523,271,549,305
person 0.52211,189,275,205,305
