object_probs,left,top,right,bottom
motorbike 0.96640,729,408,824,457
motorbike 0.81626,193,492,244,575
motorbike 0.73627,557,344,615,386
motorbike 0.65527,391,266,418,302
motorbike 0.55304,612,289,643,322
car 0.88582,325,249,398,298
person 0.96450,192,476,244,562
person 0.92110,501,272,524,305
person 0.88371,565,330,614,379
person 0.84498,738,383,820,449
person 0.65750,200,251,213,280
