object_probs,left,top,right,bottom
motorbike 0.61424,396,267,420,300
car 0.99487,849,343,1034,410
car 0.86041,326,249,398,298
person 0.72775,530,273,556,308
