object_probs,left,top,right,bottom
truck 0.51565,385,253,466,326
motorbike 0.77100,816,296,860,328
car 0.98092,502,300,604,372
car 0.65475,301,246,339,272
car 0.56181,340,261,385,296
person 0.62712,208,288,228,326
