object_probs,left,top,right,bottom
truck 0.73242,446,254,560,353
car 0.96381,627,327,768,430
car 0.92710,357,265,425,311
car 0.73484,320,249,356,276
car 0.56941,299,248,346,276
person 0.51715,183,292,204,329
