object_probs,left,top,right,bottom
motorbike 0.78087,294,333,321,369
motorbike 0.66746,238,332,263,371
motorbike 0.56572,395,268,419,301
car 0.96125,203,252,246,290
car 0.83267,328,250,399,299
