object_probs,left,top,right,bottom
motorbike 0.89740,1018,345,1079,396
motorbike 0.85483,251,350,279,384
motorbike 0.78894,571,288,605,318
motorbike 0.52142,393,268,418,302
car 0.92546,220,259,272,309
car 0.82475,327,250,399,296
person 0.68969,289,288,311,319
person 0.68857,571,278,600,311
person 0.62765,250,334,278,377
