object_probs,left,top,right,bottom
motorbike 0.65908,206,311,228,339
motorbike 0.61388,242,289,261,317
car 0.90551,326,250,397,298
car 0.89502,187,241,230,275
person 0.67281,204,296,226,325
