object_probs,left,top,right,bottom
motorbike 0.60224,601,289,636,318
car 0.98918,585,337,759,399
car 0.78658,327,246,403,298
person 0.65384,170,246,185,289
