object_probs,left,top,right,bottom
car 0.97097,548,312,676,397
car 0.89754,347,259,405,300
car 0.66431,304,246,344,274
