object_probs,left,top,right,bottom
person 0.70838 motorbike 0.87952,229,332,253,369
motorbike 0.87873,517,321,566,366
motorbike 0.66709,281,338,324,390
motorbike 0.57792,391,267,418,302
motorbike 0.53198,206,285,226,316
car 0.98810,47,493,297,661
car 0.91122,325,248,399,299
person 0.79996,203,280,224,309
person 0.77119,521,309,565,360
