object_probs,left,top,right,bottom
motorbike 0.61882,129,540,208,613
car 0.96509,278,283,349,329
car 0.81459,326,249,397,298
car 0.75389,247,371,350,500
person 0.84620,128,511,180,597
