object_probs,left,top,right,bottom
truck 0.98380,649,310,822,443
truck 0.66758,1014,417,1079,568
motorbike 0.78488,581,329,611,357
motorbike 0.63740,415,271,432,293
motorbike 0.55588,896,383,954,432
car 0.99459,453,296,538,354
car 0.79126,345,254,393,293
car 0.61660,284,233,313,261
car 0.56532,307,251,344,278
car 0.50890,366,253,399,280
person 0.92892,580,314,610,350
person 0.76624,512,275,531,304
person 0.54200,910,357,935,389
