object_probs,left,top,right,bottom
motorbike 0.85761,692,341,758,385
motorbike 0.73397,370,361,432,414
motorbike 0.62099,269,307,294,338
car 0.98405,0,592,105,719
car 0.91088,322,246,402,300
person 0.95128,267,293,296,333
person 0.81717,694,328,755,379
person 0.65469,871,288,903,326
person 0.63756,728,291,760,326
person 0.55009,850,286,876,322
person 0.50317,370,349,432,406
