object_probs,left,top,right,bottom
motorbike 0.84688,859,363,918,421
motorbike 0.84098,743,350,786,387
motorbike 0.53379,263,375,287,405
motorbike 0.50352,224,439,253,473
car 0.98546,388,269,459,321
car 0.50453,1002,273,1079,328
person 0.88318,743,328,785,379
person 0.86873,217,398,252,465
person 0.69268,495,272,515,302
person 0.63393,861,350,908,404
person 0.52011,260,349,285,394
