object_probs,left,top,right,bottom
truck 0.98283,649,310,822,444
truck 0.64765,1014,418,1079,568
motorbike 0.77776,581,329,611,357
motorbike 0.64717,415,271,432,293
motorbike 0.56519,896,383,954,432
car 0.99471,453,296,538,354
car 0.78792,344,261,393,297
car 0.62115,284,233,313,261
car 0.54829,307,251,343,277
car 0.51525,365,253,399,280
person 0.92779,581,314,609,350
person 0.77043,512,275,531,304
person 0.55436,910,357,935,389
