object_probs,left,top,right,bottom
truck 0.72834,427,251,540,347
car 0.95372,595,320,725,414
car 0.91200,352,262,418,306
car 0.65576,316,249,354,273
person 0.64906,191,271,210,304
