object_probs,left,top,right,bottom
truck 0.57421,187,426,337,562
motorbike 0.73603,394,267,420,297
motorbike 0.72338,851,284,899,327
motorbike 0.60196,0,577,103,687
car 0.99172,316,298,402,345
car 0.75282,329,251,394,293
car 0.70548,193,411,339,543
person 0.66204,949,279,982,322
