object_probs,left,top,right,bottom
motorbike 0.86279,982,346,1057,397
motorbike 0.79541,249,351,275,378
person 0.51177 motorbike 0.56216,393,267,419,303
person 0.75857 motorbike 0.55162,245,333,274,371
motorbike 0.50771,286,286,307,315
car 0.92967,218,257,269,305
car 0.82568,326,250,397,296
person 0.62658,988,337,1034,393
