object_probs,left,top,right,bottom
motorbike 0.60904,209,504,256,553
car 0.96595,251,272,307,314
car 0.90888,325,249,394,299
car 0.50771,392,253,456,295
person 0.92722,202,458,244,528
