object_probs,left,top,right,bottom
truck 0.61113,453,254,564,357
bus 0.57359,462,250,563,358
car 0.96055,364,269,430,312
car 0.92740,629,331,775,434
car 0.74482,318,250,356,276
person 0.55130,188,272,207,301
