object_probs,left,top,right,bottom
motorbike 0.85474,393,268,422,306
car 0.98488,226,260,279,305
car 0.85673,328,250,389,297
car 0.74155,429,257,475,301
person 0.70251,245,417,283,487
