object_probs,left,top,right,bottom
truck 0.97743,565,291,735,412
truck 0.59626,875,390,1078,554
motorbike 0.80788,531,306,560,340
motorbike 0.66252,744,329,785,383
car 0.99220,422,287,500,340
car 0.95040,338,251,381,286
car 0.87766,871,392,1070,546
car 0.63756,305,249,338,276
car 0.58155,286,234,315,257
car 0.50124,392,255,416,279
person 0.67288,174,249,189,284
