object_probs,left,top,right,bottom
motorbike 0.94040,961,347,1028,394
motorbike 0.76537,421,325,458,366
motorbike 0.62630,564,289,593,315
person 0.65685,417,319,458,366
motorbike 0.58790,556,406,638,451
motorbike 0.56760,247,441,287,500
car 0.91305,325,249,401,299
person 0.95573,246,419,287,491
person 0.75946,704,288,732,322
person 0.62124,966,327,1014,384
person 0.55786,568,273,591,315
