object_probs,left,top,right,bottom
motorbike 0.72006,370,350,393,379
person 0.88258 motorbike 0.68981,365,330,392,371
motorbike 0.54607,223,464,268,522
car 0.90231,212,249,257,286
car 0.87992,259,289,331,359
car 0.81332,329,250,396,297
car 0.50314,389,267,419,302
person 0.97703,220,433,267,510
