object_probs,left,top,right,bottom
truck 0.60694,350,245,415,302
motorbike 0.87516,882,365,942,419
motorbike 0.81876,1052,394,1078,468
motorbike 0.80748,560,291,591,316
motorbike 0.68230,227,395,254,433
motorbike 0.55960,244,331,270,372
car 0.96532,410,275,493,333
car 0.54808,284,234,317,261
car 0.50804,185,254,220,280
person 0.72828,222,370,247,410
person 0.69160,566,275,587,309
person 0.58362,233,251,245,275
