object_probs,left,top,right,bottom
motorbike 0.82905,401,315,438,350
motorbike 0.61658,227,251,245,272
car 0.81796,327,249,396,298
person 0.59547,163,275,182,302
