object_probs,left,top,right,bottom
motorbike 0.94993,718,344,790,387
motorbike 0.80575,211,311,236,340
motorbike 0.77156,258,268,275,293
motorbike 0.58264,388,269,418,301
car 0.85229,193,250,243,284
car 0.76948,326,247,399,298
person 0.67260,211,297,233,333
