object_probs,left,top,right,bottom
motorbike 0.75382,1046,336,1078,399
car 0.78227,325,249,398,297
person 0.68324,289,293,311,323
person 0.68210,453,270,476,300
