object_probs,left,top,right,bottom
motorbike 0.90069,292,331,316,364
motorbike 0.75981,234,334,257,367
car 0.97906,199,252,242,286
car 0.84892,326,250,400,298
person 0.54129,289,318,312,346
