object_probs,left,top,right,bottom
motorbike 0.92881,352,328,377,365
motorbike 0.65122,445,270,463,295
motorbike 0.52107,708,282,755,327
motorbike 0.51966,250,450,281,487
car 0.86133,206,247,254,286
car 0.79160,253,280,319,347
car 0.75490,328,250,394,297
person 0.91357,240,408,279,467
person 0.68842,353,316,376,350
