object_probs,left,top,right,bottom
truck 0.75052,418,248,528,345
car 0.99013,578,320,708,408
car 0.89123,349,259,416,305
car 0.56089,315,250,355,275
person 0.67891,193,273,212,307
