object_probs,left,top,right,bottom
truck 0.78685,1,488,258,685
motorbike 0.80752,711,291,755,326
motorbike 0.69868,820,293,861,324
car 0.99461,421,320,549,373
car 0.85869,324,248,409,299
person 0.81934,518,273,538,305
