object_probs,left,top,right,bottom
motorbike 0.51393,395,267,419,301
car 0.94528,207,246,253,279
car 0.92999,303,310,377,358
car 0.92945,240,267,296,316
car 0.78472,329,250,400,298
car 0.56141,288,367,380,453
person 0.79874,412,400,450,461
person 0.78534,503,271,522,304
person 0.55569,416,398,441,431
