object_probs,left,top,right,bottom
motorbike 0.93225,741,380,824,429
person 0.60381 motorbike 0.90398,329,295,357,323
motorbike 0.50951,0,579,97,699
car 0.94419,276,387,372,470
car 0.55957,339,259,418,300
person 0.83623,194,288,215,326
person 0.81647,757,356,807,422
