object_probs,left,top,right,bottom
motorbike 0.52406,208,333,227,367
car 0.97907,513,306,623,381
car 0.73290,303,247,342,272
car 0.72486,341,262,393,296
person 0.51104,205,288,226,323
