object_probs,left,top,right,bottom
motorbike 0.50869,395,266,418,300
car 0.98074,190,246,234,278
car 0.82001,326,250,398,298
person 0.88348,260,293,284,329
person 0.69117,212,309,237,345
