object_probs,left,top,right,bottom
motorbike 0.81122,213,486,260,545
car 0.96998,248,271,302,313
car 0.91272,326,249,394,298
car 0.62587,416,260,462,298
person 0.92537,213,453,259,530
