object_probs,left,top,right,bottom
motorbike 0.90757,659,381,740,429
motorbike 0.88606,308,290,331,320
motorbike 0.73666,35,559,159,670
motorbike 0.59167,189,288,205,315
car 0.97910,285,367,369,446
car 0.70222,328,250,398,297
car 0.50006,324,235,360,256
person 0.85326,188,278,205,309
person 0.81999,672,356,722,420
