object_probs,left,top,right,bottom
motorbike 0.81739,243,308,266,344
motorbike 0.69284,260,419,299,483
person 0.94898,258,402,298,467
person 0.76904,240,295,264,334
person 0.76789,166,282,183,322
person 0.56585,318,230,334,264
person 0.53657,195,247,213,276
