object_probs,left,top,right,bottom
car 0.50271 truck 0.75741,878,394,1076,558
truck 0.51767,262,305,334,377
motorbike 0.93069,841,358,892,408
motorbike 0.75463,964,289,1002,323
motorbike 0.72391,705,342,751,389
person 0.73879,842,343,888,400
car 0.98089,446,292,531,351
car 0.97745,545,325,676,406
car 0.95634,392,266,455,312
bicycle 0.62946,2,597,92,679
person 0.73575,844,339,878,369
person 0.60437,703,324,744,384
person 0.54424,586,294,605,318
