object_probs,left,top,right,bottom
truck 0.73002,686,405,899,548
car 0.51802,674,408,893,545
motorbike 0.95822,304,537,409,620
motorbike 0.95608,449,541,533,608
motorbike 0.85693,890,469,951,527
car 0.87096,353,260,406,300
car 0.80782,915,317,1026,399
person 0.96499,899,429,948,512
person 0.82889,454,497,528,577
person 0.54451,332,503,383,578
