object_probs,left,top,right,bottom
motorbike 0.78132,13,573,133,663
motorbike 0.76012,267,350,293,390
motorbike 0.67058,222,271,239,297
motorbike 0.66215,253,270,267,290
motorbike 0.65237,270,368,296,401
person 0.91619,251,256,266,285
person 0.80985,195,311,215,347
person 0.78047,170,278,184,303
person 0.54236,32,540,117,624
