object_probs,left,top,right,bottom
truck 0.95218,564,429,809,596
motorbike 0.84480,1019,399,1063,459
motorbike 0.61422,733,536,812,615
car 0.90517,874,327,997,423
car 0.88749,354,266,405,298
person 0.85704,730,492,805,603
person 0.85134,1019,375,1064,452
person 0.74169,176,254,189,283
person 0.60803,974,274,1001,314
