object_probs,left,top,right,bottom
motorbike 0.89782,975,418,1048,476
motorbike 0.84860,613,294,644,320
motorbike 0.84574,824,353,861,389
person 0.55665 motorbike 0.77864,479,277,499,302
motorbike 0.77819,773,362,820,413
motorbike 0.68355,548,309,578,342
motorbike 0.66335,533,293,570,321
car 0.97838,654,349,803,444
car 0.94259,391,270,455,320
car 0.85501,344,258,393,298
car 0.56591,321,249,356,277
person 0.83575,771,346,815,402
person 0.82078,819,326,860,384
person 0.57139,988,395,1034,469
