object_probs,left,top,right,bottom
truck 0.94807,683,405,825,510
motorbike 0.91815,966,325,994,368
motorbike 0.89000,352,522,451,598
car 0.92010,1019,318,1078,393
car 0.90017,358,268,406,299
person 0.79757,363,494,410,577
person 0.50562,968,319,991,352
