object_probs,left,top,right,bottom
truck 0.55675,928,345,1013,420
motorbike 0.87413,770,385,819,434
motorbike 0.79726,256,423,297,481
motorbike 0.50974,265,450,296,484
car 0.87219,358,267,407,299
person 0.92989,771,362,816,422
person 0.71114,252,408,293,466
person 0.50659,973,333,993,356
