object_probs,left,top,right,bottom
truck 0.52942,944,332,1027,404
motorbike 0.76483,268,431,300,466
motorbike 0.72031,801,361,845,416
motorbike 0.67210,804,390,844,424
car 0.87801,360,267,406,299
person 0.76055,800,350,842,403
person 0.58615,260,396,294,431
