object_probs,left,top,right,bottom
motorbike 0.87595,148,525,219,589
motorbike 0.82888,186,308,206,339
motorbike 0.77287,212,271,229,291
motorbike 0.71898,261,332,285,373
motorbike 0.63784,265,348,287,380
person 0.87538 motorbike 0.62721,238,251,254,281
person 0.69843 motorbike 0.58359,166,273,182,300
car 0.50746,224,216,249,235
person 0.78261,143,488,217,553
person 0.60464,212,258,230,282
person 0.54952,185,300,205,328
