object_probs,left,top,right,bottom
car 0.86160,359,267,407,298
person 0.65281,187,274,203,303
