object_probs,left,top,right,bottom
person 0.62262 motorbike 0.92505,438,289,461,323
motorbike 0.88981,194,269,216,295
person 0.63787 motorbike 0.86610,227,333,250,369
motorbike 0.78895,161,500,224,569
motorbike 0.74745,230,349,250,377
motorbike 0.73197,289,359,328,411
person 0.89126,195,251,217,289
person 0.78818,289,344,328,403
person 0.74861,164,478,218,562
person 0.54746,290,336,320,364
