object_probs,left,top,right,bottom
motorbike 0.54500,231,335,261,374
car 0.99878,392,510,688,675
car 0.90710,357,268,407,299
person 0.75223,976,305,1012,356
