object_probs,left,top,right,bottom
car 0.65065 truck 0.50528,672,346,843,468
motorbike 0.92205,576,312,603,345
motorbike 0.85751,784,292,821,326
motorbike 0.79857,666,327,697,362
car 0.98860,464,300,565,367
car 0.98343,408,275,472,329
car 0.72071,367,258,408,299
person 0.59288,575,299,602,323
