object_probs,left,top,right,bottom
person 0.55693 motorbike 0.50626,186,273,202,301
car 0.86827,359,267,407,299
