object_probs,left,top,right,bottom
motorbike 0.92876,445,574,542,664
motorbike 0.89457,717,557,790,647
motorbike 0.76005,368,629,489,719
person 0.68799 motorbike 0.75454,254,308,277,348
motorbike 0.56956,74,685,195,719
motorbike 0.55972,370,675,485,719
person 0.63652 motorbike 0.55390,202,269,218,297
person 0.89880,729,523,779,599
person 0.88749,96,622,171,713
person 0.76565,387,623,468,706
person 0.75725,447,538,535,652
person 0.53031,463,538,514,623
