object_probs,left,top,right,bottom
car 0.58870 truck 0.60698,708,399,911,530
motorbike 0.95569,373,512,466,596
motorbike 0.93911,937,441,987,505
motorbike 0.92980,534,503,606,568
motorbike 0.56275,426,621,546,718
car 0.95073,930,318,1039,396
car 0.87915,357,266,406,298
car 0.55828,1062,269,1078,303
person 0.96036,939,413,987,493
person 0.80867,546,468,598,559
person 0.69431,441,619,494,705
person 0.52928,381,497,465,580
