object_probs,left,top,right,bottom
motorbike 0.79706,458,270,476,295
motorbike 0.77709,288,371,314,406
motorbike 0.68386,215,462,257,526
person 0.67199 motorbike 0.66324,253,311,280,351
motorbike 0.52570,403,254,422,280
car 0.99669,730,363,906,486
car 0.99329,561,318,672,381
person 0.81235,284,347,311,392
person 0.73935,215,439,253,510
person 0.66743,213,436,234,478
