object_probs,left,top,right,bottom
motorbike 0.81685,934,328,970,369
motorbike 0.76550,247,352,274,391
motorbike 0.62616,250,367,277,401
car 0.98667,134,598,489,710
car 0.88419,359,268,407,299
