object_probs,left,top,right,bottom
truck 0.60528,785,370,1010,533
motorbike 0.91956,653,335,692,370
motorbike 0.90087,777,352,817,388
motorbike 0.55954,903,292,938,325
car 0.98972,512,315,630,391
car 0.97842,430,284,507,342
car 0.94934,382,262,441,309
car 0.66210,789,368,1009,511
person 0.87456,780,331,812,361
person 0.67113,774,329,817,381
person 0.66233,657,315,683,343
