object_probs,left,top,right,bottom
motorbike 0.89206,246,309,271,349
motorbike 0.84471,183,478,261,546
motorbike 0.59250,233,286,253,317
motorbike 0.55718,260,417,287,453
motorbike 0.53352,18,540,128,643
car 0.99623,703,344,855,435
car 0.94264,986,427,1079,576
person 0.77811,231,276,251,310
person 0.71828,27,531,121,616
person 0.69940,183,460,259,532
