object_probs,left,top,right,bottom
motorbike 0.72039,222,465,285,520
motorbike 0.69576,621,289,651,321
motorbike 0.66201,111,519,189,598
motorbike 0.61215,238,311,263,342
car 0.97893,740,359,906,447
person 0.84636,229,277,262,336
person 0.84211,228,432,282,513
person 0.53377,228,272,251,304
