object_probs,left,top,right,bottom
car 0.99853,794,382,968,495
car 0.84929,355,258,409,301
