object_probs,left,top,right,bottom
car 0.99616,208,570,535,716
car 0.85958,358,267,407,298
person 0.58600,182,256,196,289
