object_probs,left,top,right,bottom
motorbike 0.85651,214,482,260,542
motorbike 0.77934,244,391,271,432
motorbike 0.70414,648,341,692,397
motorbike 0.53635,239,367,273,427
person 0.87656,259,293,289,330
person 0.84414,296,296,319,330
person 0.81857,193,296,214,334
person 0.62079,653,333,685,368
person 0.59242,211,464,258,530
person 0.57817,241,372,269,413
