object_probs,left,top,right,bottom
truck 0.58287,737,357,929,489
car 0.73011,729,357,924,495
motorbike 0.89710,616,329,646,360
motorbike 0.84251,722,331,757,370
motorbike 0.73889,843,296,884,329
car 0.97463,496,305,592,381
car 0.96132,420,279,488,333
car 0.93399,372,260,425,302
