object_probs,left,top,right,bottom
motorbike 0.95690,995,409,1072,462
motorbike 0.91998,730,331,772,369
motorbike 0.79011,867,362,922,409
car 0.99155,397,275,465,330
car 0.96571,359,257,410,301
car 0.94740,498,311,599,378
car 0.60363,179,415,349,562
person 0.82990,872,344,920,399
person 0.56761,1012,377,1056,443
