object_probs,left,top,right,bottom
motorbike 0.92366,503,615,603,711
motorbike 0.92251,831,496,882,575
motorbike 0.87148,238,627,369,715
motorbike 0.75852,546,536,638,612
motorbike 0.58584,251,313,269,334
motorbike 0.52589,376,250,398,273
person 0.91517,196,257,209,290
person 0.87924,248,293,269,326
person 0.85499,837,465,882,536
person 0.70549,552,497,632,579
person 0.68534,242,575,316,657
person 0.56875,525,573,572,661
person 0.56399,101,254,118,287
