object_probs,left,top,right,bottom
truck 0.86707,293,518,514,690
truck 0.54671,1046,294,1079,351
motorbike 0.93997,780,380,825,432
person 0.58380,783,365,825,428
motorbike 0.50155,983,425,1030,483
car 0.91835,361,268,406,298
person 0.79335,986,392,1027,471
person 0.57672,938,327,964,356
