object_probs,left,top,right,bottom
car 0.58394 truck 0.58791,637,339,797,450
truck 0.56387,280,343,358,430
motorbike 0.86109,743,293,776,326
motorbike 0.78697,639,314,663,345
motorbike 0.77665,553,307,579,339
car 0.97730,461,294,546,361
car 0.94073,399,268,463,322
car 0.74540,360,254,407,295
