object_probs,left,top,right,bottom
truck 0.52959,986,321,1062,382
motorbike 0.87540,266,395,295,431
motorbike 0.79397,870,340,909,393
motorbike 0.60610,871,369,906,399
car 0.89793,359,267,407,299
person 0.79864,869,327,908,384
person 0.59028,262,375,291,407
