object_probs,left,top,right,bottom
motorbike 0.94758,638,310,670,346
motorbike 0.87360,809,372,866,415
person 0.75800 motorbike 0.61745,748,327,793,375
motorbike 0.56913,824,295,859,327
motorbike 0.56239,757,347,792,380
car 0.97849,376,268,443,321
car 0.95452,984,430,1079,590
car 0.93918,460,294,546,358
car 0.75802,343,259,393,297
car 0.59697,441,261,502,300
person 0.85047,824,349,859,385
