object_probs,left,top,right,bottom
motorbike 0.75508,249,373,273,410
motorbike 0.73285,718,292,752,325
motorbike 0.64453,222,288,244,323
motorbike 0.59818,215,464,264,524
car 0.99461,853,378,1043,481
person 0.83989,212,446,260,503
person 0.82808,218,266,242,315
person 0.70094,249,355,270,386
person 0.59981,354,255,368,285
