object_probs,left,top,right,bottom
truck 0.74486,968,326,1054,397
motorbike 0.81424,845,372,887,408
motorbike 0.60850,268,409,299,444
motorbike 0.52072,262,383,300,441
car 0.88598,360,267,406,298
person 0.73867,845,343,886,400
person 0.59990,262,375,291,407
