object_probs,left,top,right,bottom
motorbike 0.72162,744,563,823,673
motorbike 0.59763,717,288,755,324
motorbike 0.57321,992,410,1028,449
car 0.97560,0,622,386,715
car 0.93340,344,265,395,296
car 0.65635,657,393,832,517
person 0.97434,744,532,823,649
person 0.90606,993,378,1034,440
person 0.62590,193,278,211,305
person 0.61557,823,453,870,536
