object_probs,left,top,right,bottom
car 0.99909,577,452,818,582
car 0.83935,358,266,407,298
person 0.77167,176,250,192,282
