object_probs,left,top,right,bottom
motorbike 0.90076,534,309,560,337
motorbike 0.81447,783,346,819,379
motorbike 0.76580,921,402,986,460
person 0.50452,783,332,814,370
motorbike 0.70834,512,291,542,318
motorbike 0.68379,595,291,624,317
motorbike 0.62536,729,341,774,396
motorbike 0.60007,459,273,483,298
car 0.99141,625,344,777,438
car 0.93407,384,270,450,318
car 0.91517,339,259,390,299
person 0.69835,733,337,756,364
person 0.58759,784,320,806,347
person 0.52605,533,294,559,323
