object_probs,left,top,right,bottom
motorbike 0.74338,141,501,212,573
person 0.72538 motorbike 0.63041,417,253,434,282
motorbike 0.60498,291,415,321,451
motorbike 0.59911,907,294,947,326
motorbike 0.56145,377,251,393,274
car 0.98779,633,344,784,445
car 0.98377,506,301,600,360
car 0.94998,1017,440,1079,572
person 0.53354,152,483,198,552
