object_probs,left,top,right,bottom
truck 0.76838,878,348,972,436
motorbike 0.81608,695,408,752,459
motorbike 0.72152,222,465,269,524
car 0.87531,358,268,407,299
person 0.89793,220,443,266,505
person 0.85565,696,385,742,442
