object_probs,left,top,right,bottom
car 0.99577,499,461,758,637
car 0.85774,358,266,407,298
person 0.76266,175,253,193,284
