object_probs,left,top,right,bottom
motorbike 0.90957,262,329,288,367
motorbike 0.75354,251,433,281,473
car 0.98991,644,331,778,410
car 0.98297,882,414,1075,560
person 0.86771,241,289,264,327
person 0.86339,531,275,557,312
person 0.72292,260,314,286,351
person 0.67226,247,402,281,462
person 0.55185,246,400,270,430
