object_probs,left,top,right,bottom
car 0.99818,401,495,690,664
car 0.89666,358,267,407,298
person 0.63226,181,257,196,287
