object_probs,left,top,right,bottom
motorbike 0.94063,642,308,676,347
motorbike 0.88457,820,373,877,416
motorbike 0.71131,755,327,800,376
person 0.57292,758,333,797,369
car 0.96371,377,268,444,321
car 0.93023,462,296,550,359
car 0.90700,993,435,1079,588
car 0.78316,345,259,394,297
car 0.58215,47,461,293,650
car 0.57028,442,261,504,301
person 0.79738,838,350,871,385
