object_probs,left,top,right,bottom
car 0.99597,774,384,964,494
car 0.86969,355,257,408,301
