object_probs,left,top,right,bottom
motorbike 0.77996,966,334,994,363
motorbike 0.74619,241,349,267,388
car 0.99649,314,531,619,708
car 0.89869,357,267,407,299
person 0.83296,964,309,995,357
