object_probs,left,top,right,bottom
truck 0.73863,948,395,1079,609
motorbike 0.90315,891,368,948,417
motorbike 0.59136,70,560,164,640
car 0.98911,456,293,548,355
car 0.97319,570,328,703,415
car 0.90373,395,269,462,316
car 0.63493,256,298,328,363
person 0.85752,748,343,794,398
person 0.69103,905,351,937,383
person 0.66291,748,335,778,366
person 0.64234,897,346,942,402
