object_probs,left,top,right,bottom
motorbike 0.92643,200,456,273,534
motorbike 0.90669,242,308,268,346
motorbike 0.62130,600,287,631,318
motorbike 0.57701,35,527,153,631
motorbike 0.57208,477,272,498,299
motorbike 0.52990,261,414,288,450
car 0.99447,718,351,871,441
car 0.93015,1021,439,1079,569
person 0.85432,202,442,269,512
person 0.76465,230,275,251,308
person 0.62778,322,244,337,279
person 0.55283,233,281,269,340
