object_probs,left,top,right,bottom
motorbike 0.88571,415,644,515,719
motorbike 0.86047,480,558,568,638
person 0.52703 motorbike 0.85006,252,308,276,346
motorbike 0.82948,755,528,810,625
motorbike 0.74218,130,626,259,713
car 0.53307,371,246,391,272
person 0.85294,758,506,810,606
person 0.72158,134,617,218,705
person 0.67134,253,299,274,329
person 0.65647,423,616,505,704
person 0.56250,476,532,560,644
person 0.55353,200,266,213,294
