object_probs,left,top,right,bottom
truck 0.64574,278,345,362,441
motorbike 0.89973,1009,387,1070,441
motorbike 0.63669,608,309,632,340
motorbike 0.55903,704,291,739,324
car 0.99438,442,294,530,353
car 0.98491,393,267,454,322
car 0.87616,356,252,404,292
car 0.84299,609,324,761,440
