object_probs,left,top,right,bottom
motorbike 0.85608,280,386,326,442
motorbike 0.80546,247,372,271,406
motorbike 0.75336,239,445,284,499
motorbike 0.62601,758,291,796,325
car 0.99098,896,389,1079,501
person 0.92422,238,422,280,483
person 0.82790,213,264,235,309
person 0.64293,245,351,269,388
person 0.53499,551,275,580,313
