object_probs,left,top,right,bottom
motorbike 0.96535,648,429,709,483
motorbike 0.77112,191,489,254,545
motorbike 0.59881,850,359,949,432
car 0.89942,358,268,407,299
car 0.51919,1062,292,1078,329
person 0.91636,651,399,698,465
person 0.79849,193,463,244,529
