object_probs,left,top,right,bottom
truck 0.92343,607,428,767,550
truck 0.78455,996,324,1075,400
motorbike 0.90585,204,581,318,659
motorbike 0.73504,925,345,958,383
car 0.91499,360,267,406,298
car 0.59856,997,320,1073,394
person 0.83060,927,331,956,371
person 0.65130,217,542,266,619
person 0.60830,700,421,729,444
