object_probs,left,top,right,bottom
person 0.55596 motorbike 0.55094,186,271,202,296
car 0.95357,0,639,331,719
car 0.85627,360,267,407,299
