object_probs,left,top,right,bottom
motorbike 0.89819,264,326,290,369
motorbike 0.80603,249,435,279,477
motorbike 0.70680,438,269,458,293
car 0.99528,636,328,767,407
car 0.98087,858,403,1072,551
person 0.93032,241,289,265,329
person 0.85426,526,277,548,308
person 0.78362,244,403,278,462
person 0.64484,262,315,286,351
person 0.55378,438,251,458,285
person 0.53722,245,401,268,431
person 0.53706,298,238,311,266
