object_probs,left,top,right,bottom
motorbike 0.55516,190,291,207,314
car 0.98575,1010,335,1078,413
car 0.82594,359,267,407,298
person 0.78200,189,275,206,309
person 0.55518,352,252,366,275
