object_probs,left,top,right,bottom
car 0.97509,1032,315,1079,389
car 0.90376,358,267,406,299
car 0.54479,430,258,452,284
