object_probs,left,top,right,bottom
car 0.84088,354,260,407,301
person 0.51289,524,274,548,307
