object_probs,left,top,right,bottom
truck 0.64907,947,331,1030,404
motorbike 0.87136,806,361,849,416
motorbike 0.64956,262,403,303,460
motorbike 0.63260,269,429,301,465
car 0.84980,359,266,406,299
person 0.75874,805,349,847,404
person 0.64729,261,395,294,429
