object_probs,left,top,right,bottom
motorbike 0.93074,858,386,916,433
motorbike 0.86907,1032,398,1079,452
motorbike 0.77986,202,485,262,547
motorbike 0.70855,27,579,150,678
motorbike 0.63297,610,294,642,321
person 0.76504 motorbike 0.53729,701,315,737,349
car 0.98621,420,277,483,326
car 0.98401,487,301,585,372
car 0.91767,641,353,804,453
car 0.57127,246,287,309,353
person 0.80439,861,357,908,424
person 0.76106,1035,367,1076,428
person 0.73392,865,357,896,390
person 0.71330,200,459,239,529
