object_probs,left,top,right,bottom
motorbike 0.64632,977,332,1005,357
motorbike 0.54541,239,348,264,383
car 0.99905,368,516,663,682
car 0.89903,357,268,407,299
person 0.77052,975,310,1008,352
