object_probs,left,top,right,bottom
truck 0.79914,939,333,1024,406
motorbike 0.77485,268,432,299,469
motorbike 0.73564,798,392,839,426
car 0.86750,359,267,406,299
person 0.66767,797,352,837,402
person 0.60810,260,401,298,463
person 0.50491,258,397,291,431
