object_probs,left,top,right,bottom
motorbike 0.77301,224,286,248,326
motorbike 0.61377,195,486,244,547
motorbike 0.58982,250,373,278,409
motorbike 0.53063,258,409,306,459
car 0.99378,820,370,998,468
person 0.94132,191,454,245,532
person 0.76796,221,267,244,311
person 0.51431,517,274,542,306
person 0.50666,251,358,273,388
