object_probs,left,top,right,bottom
truck 0.60930,226,392,362,525
motorbike 0.89246,939,380,1001,429
motorbike 0.74500,787,346,826,386
car 0.99632,408,276,480,333
car 0.96682,518,318,632,389
car 0.95599,367,259,418,307
person 0.86129,791,324,832,381
person 0.78022,947,358,994,418
person 0.63495,573,277,596,305
