object_probs,left,top,right,bottom
truck 0.78676,268,359,365,465
motorbike 0.86462,927,363,977,415
car 0.99343,428,281,510,348
car 0.97590,385,264,440,316
car 0.77568,572,321,711,421
person 0.63604,930,347,973,405
person 0.57112,657,289,689,328
