object_probs,left,top,right,bottom
motorbike 0.82786,5,587,122,702
car 0.83831,354,259,407,301
person 0.62208,296,248,307,271
