object_probs,left,top,right,bottom
car 0.98165,957,339,1079,437
car 0.76547,357,266,407,298
person 0.76412,191,291,214,329
