object_probs,left,top,right,bottom
motorbike 0.93618,839,480,893,549
motorbike 0.79871,1002,378,1041,437
motorbike 0.64398,591,289,626,319
motorbike 0.62882,484,624,628,716
motorbike 0.54840,920,287,956,324
car 0.89004,338,264,388,294
car 0.72170,471,444,703,597
person 0.95046,1005,364,1040,427
person 0.95006,209,293,231,330
person 0.93307,838,445,887,512
person 0.51950,595,276,621,309
