object_probs,left,top,right,bottom
person 0.54035 motorbike 0.80472,743,295,775,324
motorbike 0.77254,566,295,592,322
motorbike 0.62465,686,347,729,385
car 0.99325,833,401,1027,523
car 0.97088,0,545,149,711
car 0.96822,427,284,508,339
car 0.92867,370,265,423,311
car 0.74170,334,253,379,283
car 0.74102,1056,389,1079,483
car 0.55585,649,313,688,353
