object_probs,left,top,right,bottom
motorbike 0.93139,657,310,689,348
motorbike 0.89859,848,379,902,430
motorbike 0.83396,778,350,818,383
motorbike 0.56242,843,297,880,328
car 0.97723,386,273,447,327
car 0.94460,463,300,557,363
car 0.85880,347,258,394,298
car 0.82801,72,452,311,638
car 0.80700,1022,438,1079,581
person 0.90867,863,350,896,388
person 0.88268,773,327,818,378
