object_probs,left,top,right,bottom
truck 0.70786,866,354,964,439
motorbike 0.86275,674,428,725,475
motorbike 0.84405,214,487,263,541
car 0.90531,359,268,407,299
person 0.86395,673,392,719,443
person 0.69607,206,454,257,508
