object_probs,left,top,right,bottom
motorbike 0.89392,224,467,268,527
motorbike 0.56006,246,390,270,425
motorbike 0.54297,676,372,715,409
person 0.95992,296,294,319,331
person 0.86695,191,295,211,334
person 0.80917,259,293,286,329
person 0.58231,672,339,716,402
