object_probs,left,top,right,bottom
motorbike 0.80859,250,369,282,404
motorbike 0.66743,932,350,961,377
motorbike 0.64465,929,328,962,369
motorbike 0.54509,247,352,277,389
person 0.78319,927,318,964,375
car 0.97474,77,603,454,709
car 0.88133,358,268,407,299
