object_probs,left,top,right,bottom
motorbike 0.76820,847,450,904,535
motorbike 0.72156,1009,394,1041,434
motorbike 0.62759,922,287,963,323
motorbike 0.61844,597,288,628,318
motorbike 0.53639,497,625,637,717
car 0.90498,341,265,388,293
car 0.55708,478,441,708,599
person 0.96433,208,293,230,329
person 0.95797,1008,364,1045,424
person 0.84584,849,442,901,516
person 0.61512,600,276,624,311
