object_probs,left,top,right,bottom
car 0.99417,142,593,489,713
car 0.85728,358,267,406,298
person 0.63615,182,258,197,287
