object_probs,left,top,right,bottom
truck 0.67308,275,359,362,455
motorbike 0.87635,964,381,1021,430
motorbike 0.67455,675,294,712,325
motorbike 0.55671,589,306,609,338
car 0.98260,438,287,521,354
car 0.98174,388,267,447,319
car 0.74032,593,327,727,432
car 0.57380,512,295,541,327
person 0.75103,966,359,1014,420
person 0.55631,974,357,1005,389
