object_probs,left,top,right,bottom
motorbike 0.74074,848,369,890,408
motorbike 0.64130,266,395,297,433
car 0.87784,360,267,406,299
person 0.67473,849,342,890,398
person 0.57834,262,375,292,407
