object_probs,left,top,right,bottom
truck 0.76837,273,356,366,458
motorbike 0.83777,951,366,1012,421
person 0.54793,957,359,1008,420
motorbike 0.51038,584,305,608,339
car 0.98342,435,283,513,348
car 0.96448,386,266,447,318
car 0.67980,591,322,724,429
person 0.58657,967,357,995,389
