object_probs,left,top,right,bottom
motorbike 0.86513,225,288,249,327
motorbike 0.63099,258,423,309,479
motorbike 0.62322,192,506,239,554
motorbike 0.57257,251,373,277,409
motorbike 0.50523,181,482,244,545
car 0.99502,815,367,989,467
person 0.88708,187,462,240,531
person 0.80380,222,267,245,307
person 0.62787,515,273,539,305
person 0.53914,251,359,273,387
