object_probs,left,top,right,bottom
motorbike 0.70379,558,287,592,316
car 0.87421,354,259,406,301
person 0.62217,561,273,587,311
