object_probs,left,top,right,bottom
car 0.97465,1011,324,1079,390
car 0.91018,358,267,406,299
