object_probs,left,top,right,bottom
motorbike 0.89224,265,326,292,370
motorbike 0.69842,437,269,456,293
motorbike 0.57717,248,436,278,476
car 0.99534,848,402,1074,545
car 0.99271,633,335,761,406
person 0.94466,241,289,265,330
person 0.91743,520,275,543,307
person 0.77169,242,403,277,464
person 0.68065,436,250,456,286
