object_probs,left,top,right,bottom
person 0.57721 motorbike 0.57464,186,272,202,298
car 0.87021,360,267,407,299
