object_probs,left,top,right,bottom
motorbike 0.60086,204,310,227,340
car 0.99732,834,379,1002,497
car 0.83099,353,259,406,301
person 0.66463,201,292,224,332
