object_probs,left,top,right,bottom
motorbike 0.52135,190,292,209,316
car 0.96738,1002,340,1077,414
car 0.84712,354,259,407,302
person 0.61419,189,275,206,308
