object_probs,left,top,right,bottom
car 0.82690,359,266,406,299
car 0.54940,454,268,485,295
