object_probs,left,top,right,bottom
truck 0.80587,265,361,366,473
motorbike 0.92183,901,367,957,413
motorbike 0.52245,640,292,668,323
car 0.99214,424,280,506,346
car 0.97558,378,264,436,315
car 0.86624,569,334,694,412
car 0.61411,349,255,381,290
person 0.83615,905,345,951,404
