object_probs,left,top,right,bottom
car 0.99191,993,325,1079,408
car 0.90467,358,267,405,299
car 0.58688,420,258,440,281
