object_probs,left,top,right,bottom
truck 0.83108,660,417,896,562
motorbike 0.94363,392,552,483,640
motorbike 0.91175,259,556,370,639
motorbike 0.55978,866,486,924,545
car 0.89300,352,259,406,300
car 0.73899,908,321,1022,394
person 0.78004,400,518,477,600
person 0.71963,870,451,924,533
person 0.58193,282,521,329,594
