object_probs,left,top,right,bottom
motorbike 0.94229,927,445,970,502
motorbike 0.90814,638,555,719,637
motorbike 0.78841,393,540,467,614
motorbike 0.77839,449,597,540,677
motorbike 0.68759,395,256,414,279
person 0.52479,449,572,540,668
motorbike 0.50976,381,251,395,273
person 0.95318,929,415,970,487
person 0.92929,189,253,204,282
person 0.90474,401,515,452,601
person 0.84772,664,459,736,536
person 0.83248,258,651,343,719
person 0.71253,241,279,261,309
