object_probs,left,top,right,bottom
motorbike 0.89478,248,304,272,344
motorbike 0.72819,2,564,98,679
person 0.55162 motorbike 0.69744,274,330,302,377
motorbike 0.59869,235,439,272,502
motorbike 0.52671,423,254,440,283
person 0.81750 motorbike 0.52586,491,275,512,303
car 0.99554,796,385,996,513
car 0.98981,596,325,720,399
person 0.87494,247,297,270,331
person 0.70889,234,419,271,490
