object_probs,left,top,right,bottom
person 0.62814 motorbike 0.83171,478,271,498,300
car 0.90049,353,259,407,301
