object_probs,left,top,right,bottom
motorbike 0.87114,715,333,753,370
motorbike 0.86000,611,327,642,360
motorbike 0.79544,838,296,882,329
car 0.98424,496,303,591,382
car 0.95944,420,278,487,333
car 0.91698,373,260,425,300
car 0.81077,728,357,914,491
person 0.64382,718,317,747,347
