object_probs,left,top,right,bottom
motorbike 0.87567,196,486,242,545
motorbike 0.85596,396,255,414,278
motorbike 0.82203,264,324,289,367
motorbike 0.75945,288,370,320,414
motorbike 0.63330,441,268,459,292
car 0.99624,693,358,862,469
car 0.99341,543,312,645,376
person 0.77150,196,450,234,508
