object_probs,left,top,right,bottom
motorbike 0.91245,203,269,225,301
motorbike 0.89519,280,382,320,443
person 0.80618 motorbike 0.81500,399,271,422,306
motorbike 0.68340,237,350,265,392
motorbike 0.67879,36,529,151,640
person 0.88110,204,252,224,290
person 0.84709,283,356,329,423
person 0.64758,235,335,256,369
