object_probs,left,top,right,bottom
car 0.99422,104,597,463,710
car 0.81633,360,267,407,298
