object_probs,left,top,right,bottom
motorbike 0.94897,870,389,928,438
motorbike 0.88598,514,291,537,315
motorbike 0.86803,920,363,970,412
motorbike 0.69911,600,328,631,357
motorbike 0.65280,599,312,629,347
person 0.53745 motorbike 0.60789,574,294,604,322
car 0.98752,715,364,889,476
car 0.95441,406,278,477,329
car 0.94714,352,259,406,305
car 0.67446,322,249,360,276
person 0.95042,922,343,966,405
person 0.87080,510,276,535,307
person 0.67269,873,363,920,424
