object_probs,left,top,right,bottom
car 0.58481 truck 0.59676,703,400,908,531
motorbike 0.93689,362,521,454,596
motorbike 0.92726,519,503,593,572
motorbike 0.78622,931,437,982,505
motorbike 0.72499,407,627,531,719
car 0.89942,927,319,1037,396
car 0.85869,357,266,406,298
car 0.51791,1059,271,1077,303
person 0.93921,933,416,981,499
person 0.92371,521,474,592,557
person 0.76893,382,491,425,579
person 0.65950,419,622,511,712
