object_probs,left,top,right,bottom
person 0.69404 motorbike 0.54909,188,275,205,305
car 0.86762,354,260,407,302
car 0.85540,1047,330,1078,396
