object_probs,left,top,right,bottom
bus 0.65398,561,424,762,556
motorbike 0.86818,1040,375,1070,414
motorbike 0.64921,918,441,963,495
car 0.91817,338,263,392,295
person 0.93143,918,406,962,470
person 0.80762,203,290,222,322
person 0.79553,600,617,685,718
person 0.77387,1040,345,1072,405
