object_probs,left,top,right,bottom
motorbike 0.50729,545,289,583,315
car 0.90475,353,259,406,301
person 0.61417,549,271,577,311
