object_probs,left,top,right,bottom
truck 0.55417,831,363,1004,480
car 0.57416,824,365,996,478
motorbike 0.87141,626,424,688,487
motorbike 0.81642,799,495,870,578
motorbike 0.77887,802,375,839,438
car 0.84842,358,267,407,299
car 0.70097,998,294,1076,375
person 0.86762,803,364,838,430
person 0.82664,638,404,677,471
person 0.77792,809,468,863,562
