object_probs,left,top,right,bottom
motorbike 0.89899,221,333,245,362
car 0.99866,618,453,842,582
car 0.91891,360,268,406,299
person 0.52418,1028,294,1055,331
