object_probs,left,top,right,bottom
car 0.90351,358,267,406,299
car 0.78523,1056,310,1079,381
