object_probs,left,top,right,bottom
motorbike 0.94098,959,385,1021,433
motorbike 0.93443,798,365,849,415
person 0.55932 motorbike 0.83933,656,313,691,340
motorbike 0.72418,144,522,220,588
motorbike 0.68333,573,289,603,316
car 0.99334,472,298,560,361
car 0.97403,604,338,750,434
car 0.95959,406,267,477,320
car 0.86213,248,290,318,356
person 0.93830,964,358,1010,424
person 0.71890,800,346,845,405
person 0.60652,969,361,1001,389
person 0.59922,139,507,218,572
person 0.52064,807,349,835,381
