object_probs,left,top,right,bottom
car 0.99089,926,358,1059,453
car 0.79472,357,266,407,298
person 0.74312,193,291,216,331
