object_probs,left,top,right,bottom
person 0.68020 motorbike 0.78306,479,270,501,301
car 0.89535,353,259,407,301
