object_probs,left,top,right,bottom
car 0.99299,923,344,1060,438
car 0.73082,359,267,405,299
