object_probs,left,top,right,bottom
motorbike 0.91884,263,328,288,368
motorbike 0.80059,250,434,280,476
motorbike 0.65511,441,269,460,293
motorbike 0.53645,115,538,197,615
car 0.98764,641,330,775,408
car 0.98601,875,402,1071,554
person 0.92635,241,289,264,328
person 0.81602,530,275,554,311
person 0.76431,246,402,280,463
person 0.75667,261,315,286,350
person 0.51167,246,401,269,430
