object_probs,left,top,right,bottom
motorbike 0.86432,210,510,261,571
motorbike 0.85861,839,344,884,394
motorbike 0.80773,265,399,307,466
motorbike 0.80047,1015,418,1078,476
motorbike 0.70256,0,592,47,680
motorbike 0.62695,718,299,750,324
car 0.99554,529,317,647,394
car 0.98289,442,280,517,335
car 0.97550,747,376,938,494
person 0.72072,206,472,258,528
person 0.64169,840,336,872,370
