object_probs,left,top,right,bottom
person 0.53039 motorbike 0.60593,211,313,234,349
car 0.99893,726,417,917,542
car 0.85825,358,268,406,299
person 0.68160,1054,289,1074,329
