object_probs,left,top,right,bottom
motorbike 0.81439,792,522,860,591
motorbike 0.80066,618,425,679,489
car 0.85040,357,267,407,299
car 0.83055,998,296,1075,375
car 0.82305,818,364,997,480
person 0.83665,796,477,844,558
person 0.81172,795,374,834,442
person 0.70608,626,415,674,486
