object_probs,left,top,right,bottom
person 0.59629 motorbike 0.62411,509,271,535,307
car 0.86784,354,259,407,301
