object_probs,left,top,right,bottom
car 0.99180,980,334,1079,413
car 0.89912,358,267,406,299
