object_probs,left,top,right,bottom
motorbike 0.96075,582,443,647,508
motorbike 0.86561,743,533,820,618
motorbike 0.84184,761,400,803,459
car 0.86639,808,369,979,487
car 0.83428,353,260,406,302
car 0.72274,985,297,1074,374
person 0.95630,762,380,801,448
person 0.86117,593,418,635,492
person 0.83188,749,492,802,580
