object_probs,left,top,right,bottom
motorbike 0.83591,266,326,291,369
motorbike 0.70922,185,506,236,556
motorbike 0.67069,293,394,321,427
motorbike 0.60589,436,268,453,293
motorbike 0.56470,964,292,999,322
car 0.99060,672,354,842,463
car 0.98513,536,308,633,375
person 0.87343,184,459,225,527
person 0.54895,288,369,317,411
