object_probs,left,top,right,bottom
motorbike 0.81895,892,353,929,390
motorbike 0.77067,263,388,290,422
car 0.90359,359,267,406,299
person 0.90732,891,326,929,380
