object_probs,left,top,right,bottom
car 0.81915,354,259,407,301
person 0.63416,296,248,307,271
