object_probs,left,top,right,bottom
car 0.95191,1021,323,1079,388
car 0.89909,358,267,406,299
