object_probs,left,top,right,bottom
motorbike 0.76835,271,348,297,392
person 0.81950,214,274,234,311
person 0.51984,270,337,293,371
