object_probs,left,top,right,bottom
motorbike 0.73156,270,431,302,472
motorbike 0.67190,242,311,262,341
person 0.85316,263,397,303,464
person 0.78231,239,295,262,335
person 0.69199,164,283,181,319
person 0.54454,320,230,332,261
person 0.53682,193,246,211,275
