object_probs,left,top,right,bottom
motorbike 0.72115,593,288,630,318
car 0.86061,354,259,407,301
person 0.55931,295,248,305,270
