object_probs,left,top,right,bottom
car 0.99852,861,364,1015,461
car 0.77697,350,255,412,301
