object_probs,left,top,right,bottom
motorbike 0.89445,867,381,924,433
motorbike 0.84666,784,340,830,388
person 0.78252 motorbike 0.69739,665,307,699,349
motorbike 0.64499,666,328,699,357
car 0.98070,387,274,449,328
car 0.96469,469,302,561,364
car 0.90860,355,259,398,301
car 0.90204,88,441,317,623
person 0.86945,885,352,912,390
person 0.82293,785,328,829,380
