object_probs,left,top,right,bottom
motorbike 0.89808,763,334,796,371
motorbike 0.80723,897,383,961,451
motorbike 0.77399,457,273,476,299
motorbike 0.71425,514,291,548,325
motorbike 0.71109,579,293,609,315
person 0.71548 motorbike 0.59980,719,333,742,365
person 0.57348,904,379,953,450
motorbike 0.50249,502,289,523,313
car 0.98755,616,339,761,430
car 0.96664,379,269,443,316
car 0.89773,336,258,387,300
car 0.60834,311,249,341,277
person 0.70222,501,277,522,306
person 0.60369,765,317,784,345
