object_probs,left,top,right,bottom
truck 0.86562,400,484,614,629
motorbike 0.90840,829,360,868,414
person 0.54926 motorbike 0.70056,982,312,1004,339
car 0.90073,359,268,406,298
car 0.59214,925,337,1063,428
person 0.59058,830,347,867,408
person 0.56060,1030,374,1070,450
person 0.50772,835,352,862,389
