object_probs,left,top,right,bottom
motorbike 0.76946,0,587,104,702
car 0.83664,354,259,407,301
person 0.63989,296,248,308,271
