object_probs,left,top,right,bottom
truck 0.63503,1015,292,1078,368
car 0.56248 truck 0.61029,848,355,1009,465
motorbike 0.83040,675,422,723,473
motorbike 0.74471,863,473,915,550
car 0.86729,360,267,407,299
person 0.80324,864,450,915,541
person 0.65787,683,389,721,448
