object_probs,left,top,right,bottom
car 0.99855,305,525,608,706
car 0.85442,358,267,407,298
person 0.61623,181,257,196,287
