object_probs,left,top,right,bottom
motorbike 0.89155,700,351,741,384
motorbike 0.87573,574,295,602,325
motorbike 0.65111,745,299,778,322
motorbike 0.56844,659,313,693,350
car 0.99694,846,402,1052,528
car 0.97425,427,285,511,342
car 0.95439,370,265,424,312
car 0.90713,2,537,171,709
car 0.77537,336,255,379,282
person 0.58131,706,332,737,364
