object_probs,left,top,right,bottom
car 0.98201,965,336,1079,436
car 0.82615,359,267,407,299
person 0.72401,191,291,212,326
