object_probs,left,top,right,bottom
motorbike 0.94065,599,307,626,336
motorbike 0.91366,690,328,731,364
motorbike 0.84211,737,345,782,393
motorbike 0.69628,782,299,819,324
car 0.99427,897,418,1079,559
car 0.97429,371,265,432,317
car 0.94045,445,292,524,350
car 0.77122,339,255,382,289
person 0.89886,745,333,777,367
person 0.89583,596,296,623,327
person 0.56361,695,315,725,346
