object_probs,left,top,right,bottom
car 0.99921,727,403,922,515
car 0.85206,355,258,407,300
person 0.63870,176,244,190,279
