object_probs,left,top,right,bottom
motorbike 0.90075,564,294,590,323
motorbike 0.75862,741,295,773,324
motorbike 0.75020,680,344,724,382
motorbike 0.53735,643,312,677,348
car 0.99575,821,396,1023,521
car 0.96444,425,282,505,339
car 0.92063,360,263,420,309
car 0.91296,0,553,140,708
car 0.71167,334,254,379,282
car 0.59178,1046,393,1077,479
person 0.50034,314,229,328,260
