object_probs,left,top,right,bottom
motorbike 0.86942,249,310,276,353
motorbike 0.79268,6,573,101,665
motorbike 0.78925,176,503,248,567
person 0.57563 motorbike 0.73658,459,270,481,296
person 0.55932 motorbike 0.72512,235,283,255,320
motorbike 0.65005,163,476,245,550
motorbike 0.50782,253,413,280,451
motorbike 0.50233,572,286,599,316
car 0.99288,683,340,831,425
car 0.96336,953,423,1078,575
person 0.75378,168,466,239,534
person 0.50570,251,391,277,430
