object_probs,left,top,right,bottom
motorbike 0.91567,902,426,975,483
motorbike 0.70880,220,351,243,382
motorbike 0.63817,272,414,299,450
motorbike 0.55812,268,394,292,425
person 0.87462,915,388,967,471
person 0.85094,278,273,293,303
person 0.80658,218,333,242,374
person 0.70799,179,289,198,327
person 0.62121,237,275,256,307
