object_probs,left,top,right,bottom
person 0.56627 motorbike 0.65869,185,273,202,299
car 0.86636,360,267,407,299
