object_probs,left,top,right,bottom
motorbike 0.50193,201,310,226,338
car 0.99866,852,377,1010,485
car 0.83222,354,259,406,301
person 0.68874,198,292,223,334
