object_probs,left,top,right,bottom
motorbike 0.56965,190,292,207,311
car 0.96002,1023,335,1079,403
car 0.87255,354,259,407,302
person 0.69508,189,275,206,306
