object_probs,left,top,right,bottom
car 0.98875,876,373,1029,473
car 0.84907,353,259,406,301
person 0.59329,197,292,221,333
