object_probs,left,top,right,bottom
truck 0.50196,952,397,1079,617
motorbike 0.90713,900,368,958,417
motorbike 0.82296,752,358,801,407
motorbike 0.74903,57,530,171,641
person 0.68397,753,343,799,398
car 0.99032,458,294,549,355
car 0.97798,573,330,713,416
car 0.93075,397,269,463,316
car 0.68922,255,297,328,362
person 0.92316,902,346,950,404
person 0.78943,759,337,788,368
person 0.59000,978,396,1007,429
