object_probs,left,top,right,bottom
motorbike 0.89682,523,463,593,532
motorbike 0.82207,703,418,756,483
motorbike 0.81162,660,575,746,662
car 0.93402,776,378,961,499
car 0.86294,357,267,406,298
car 0.76176,967,308,1062,378
person 0.92735,708,402,754,472
person 0.87255,1026,376,1061,443
person 0.80318,662,531,740,651
person 0.75444,670,524,721,600
person 0.69801,543,438,588,512
person 0.50398,542,437,571,472
