object_probs,left,top,right,bottom
motorbike 0.91538,700,327,733,361
motorbike 0.89455,825,344,872,391
motorbike 0.79459,924,390,994,444
car 0.98002,393,272,456,329
car 0.95917,356,258,405,300
car 0.94444,479,301,580,369
car 0.70102,141,430,333,588
person 0.88172,948,367,981,408
person 0.79685,698,315,730,351
person 0.69427,834,330,863,369
