object_probs,left,top,right,bottom
truck 0.66241,224,394,361,529
motorbike 0.87813,929,367,990,419
motorbike 0.77272,783,346,822,383
person 0.56602,937,359,987,417
motorbike 0.61460,948,292,981,324
person 0.72963,783,330,819,371
car 0.99613,407,275,478,333
car 0.96029,516,317,630,387
car 0.95282,366,259,418,306
person 0.66512,567,274,591,305
person 0.66073,949,355,977,389
