object_probs,left,top,right,bottom
car 0.98792,884,357,1037,452
car 0.65387,357,259,408,301
