object_probs,left,top,right,bottom
motorbike 0.71764,240,348,266,385
motorbike 0.71763,974,332,1001,359
car 0.99771,355,519,651,699
car 0.89464,357,267,407,299
person 0.78339,971,311,1004,352
