object_probs,left,top,right,bottom
truck 0.74854,202,402,350,546
motorbike 0.95718,897,370,957,414
motorbike 0.87925,757,331,796,369
person 0.62130,755,323,798,373
motorbike 0.65174,1049,396,1077,471
motorbike 0.57519,930,291,965,324
car 0.98795,403,274,473,331
car 0.95254,504,308,611,383
car 0.94520,362,258,415,301
person 0.83696,903,347,952,403
person 0.58309,911,349,944,387
