object_probs,left,top,right,bottom
motorbike 0.50462,190,291,208,315
car 0.98122,1005,340,1075,413
car 0.84291,359,267,407,299
person 0.70665,189,275,206,309
person 0.55302,352,252,366,275
