object_probs,left,top,right,bottom
motorbike 0.92329,630,555,710,641
motorbike 0.90507,922,440,966,504
motorbike 0.81789,434,595,530,682
motorbike 0.73447,386,566,453,634
motorbike 0.64470,394,255,413,279
motorbike 0.60938,380,251,395,273
motorbike 0.55020,656,475,731,550
person 0.93305,925,418,965,488
person 0.92504,189,253,204,283
person 0.88323,385,520,436,598
person 0.81062,241,657,322,718
person 0.79217,671,459,721,537
person 0.59659,242,280,261,309
