object_probs,left,top,right,bottom
car 0.85185,354,259,407,301
person 0.63609,296,248,307,270
