object_probs,left,top,right,bottom
motorbike 0.94593,585,598,688,691
motorbike 0.77174,983,422,1030,483
motorbike 0.62229,930,290,964,320
car 0.90213,352,267,404,298
car 0.76950,482,457,752,610
person 0.96932,591,554,670,653
person 0.92030,983,395,1025,472
person 0.79865,1038,353,1064,386
person 0.61950,176,257,191,286
