object_probs,left,top,right,bottom
motorbike 0.85127,840,345,886,392
motorbike 0.79248,556,311,590,344
motorbike 0.78541,1008,420,1074,486
motorbike 0.77777,793,370,842,416
motorbike 0.70439,537,292,569,319
motorbike 0.59385,484,276,506,303
motorbike 0.52415,621,292,653,317
car 0.98791,663,357,825,454
car 0.94684,391,271,460,319
car 0.91053,346,259,396,297
car 0.67506,321,250,355,276
person 0.82934,847,335,876,367
person 0.72210,795,353,818,383
person 0.56752,1026,400,1070,471
