object_probs,left,top,right,bottom
motorbike 0.76149,877,396,945,468
motorbike 0.75612,223,350,245,383
motorbike 0.62215,271,416,294,451
motorbike 0.54426,267,396,291,427
person 0.84237,279,274,295,305
person 0.84151,180,288,198,329
person 0.81314,219,336,244,373
person 0.51313,882,391,935,467
