object_probs,left,top,right,bottom
motorbike 0.91241,857,381,917,431
motorbike 0.85760,782,349,822,384
person 0.78803 motorbike 0.84876,661,309,693,348
motorbike 0.54052,665,326,691,356
car 0.97676,388,273,448,327
car 0.96232,466,302,559,363
car 0.90002,79,448,316,630
car 0.83508,354,258,398,301
car 0.63432,1045,457,1079,572
person 0.86925,780,328,824,378
person 0.80929,871,351,906,389
