object_probs,left,top,right,bottom
motorbike 0.81307,229,459,275,529
motorbike 0.76357,252,329,276,358
person 0.95244,223,441,270,509
person 0.82732,204,248,222,282
person 0.82096,174,292,193,329
person 0.80206,251,313,276,354
person 0.77872,227,248,243,276
person 0.56236,198,248,214,279
