object_probs,left,top,right,bottom
motorbike 0.76504,281,438,312,478
motorbike 0.75904,94,541,176,613
motorbike 0.60033,401,253,416,278
motorbike 0.55074,845,292,888,326
car 0.99233,485,298,571,351
car 0.98984,596,331,737,427
car 0.98296,924,414,1079,587
person 0.84196,276,349,312,406
person 0.70494,274,404,312,466
