object_probs,left,top,right,bottom
motorbike 0.90092,224,350,247,386
motorbike 0.87772,843,406,905,463
motorbike 0.68862,268,431,295,464
motorbike 0.57601,243,289,263,317
motorbike 0.53842,266,415,292,448
person 0.85957,181,291,202,329
person 0.80003,221,339,246,373
person 0.64657,852,374,901,447
person 0.62654,280,275,296,304
person 0.61094,262,398,290,429
person 0.52227,242,278,266,306
