object_probs,left,top,right,bottom
motorbike 0.77185,268,439,299,478
motorbike 0.71336,243,307,265,343
person 0.96413,260,400,299,465
person 0.79108,239,294,265,336
person 0.75620,165,282,182,321
person 0.61125,194,246,212,276
person 0.59859,318,230,334,265
