object_probs,left,top,right,bottom
motorbike 0.80795,270,346,299,394
person 0.70656,179,647,259,714
person 0.64397,216,275,235,312
