object_probs,left,top,right,bottom
motorbike 0.80762,590,311,619,350
motorbike 0.78217,685,328,721,367
person 0.64501 motorbike 0.75553,808,291,842,325
car 0.98788,476,300,573,372
car 0.96990,412,277,480,330
car 0.79100,369,252,428,297
car 0.71356,692,354,876,476
