object_probs,left,top,right,bottom
motorbike 0.75063,240,442,277,505
motorbike 0.71620,713,362,762,418
person 0.96579,292,288,314,325
person 0.92595,253,289,277,325
person 0.88268,187,293,206,332
person 0.68583,714,346,760,403
