object_probs,left,top,right,bottom
car 0.67607 truck 0.57125,618,331,775,444
motorbike 0.88553,620,312,645,340
motorbike 0.87334,1030,380,1079,441
motorbike 0.86015,716,295,754,326
car 0.99103,446,296,532,354
car 0.98469,394,267,456,323
car 0.89704,357,252,404,293
