object_probs,left,top,right,bottom
truck 0.90062,195,549,441,714
truck 0.52607,1034,293,1079,359
motorbike 0.93453,946,445,996,502
motorbike 0.82400,749,379,795,440
car 0.80305,358,267,407,299
car 0.60716,886,344,1040,443
person 0.94878,948,409,995,492
person 0.85193,913,331,939,358
person 0.58579,755,367,792,428
person 0.54773,760,374,785,412
