object_probs,left,top,right,bottom
truck 0.94998,942,354,1079,561
motorbike 0.90039,500,296,527,323
motorbike 0.86470,705,330,741,360
motorbike 0.80950,831,377,881,434
person 0.69496 motorbike 0.71485,478,276,499,301
motorbike 0.59271,438,271,458,292
car 0.96321,376,270,431,313
car 0.95687,581,333,715,417
car 0.71119,337,260,380,297
car 0.60906,308,248,338,274
person 0.62283,709,313,736,350
person 0.60682,555,278,578,308
