object_probs,left,top,right,bottom
motorbike 0.86062,694,349,734,382
person 0.58522 motorbike 0.83782,571,293,597,325
motorbike 0.76658,654,311,688,351
motorbike 0.66689,744,297,776,324
motorbike 0.56925,699,333,732,364
car 0.99312,841,402,1038,524
car 0.96411,428,285,510,340
car 0.95466,0,538,158,714
car 0.92907,370,264,423,312
car 0.74339,336,254,378,282
