object_probs,left,top,right,bottom
motorbike 0.92450,324,610,441,708
motorbike 0.85607,589,634,685,719
motorbike 0.77550,262,324,286,369
person 0.90254 motorbike 0.62512,208,271,225,302
person 0.91138,342,581,425,695
person 0.67130,597,585,678,698
person 0.60850,261,316,285,354
person 0.57548,604,584,654,665
person 0.56639,251,680,317,719
