object_probs,left,top,right,bottom
motorbike 0.91833,390,618,509,716
motorbike 0.89352,763,440,819,513
motorbike 0.82223,160,623,305,718
motorbike 0.79113,870,439,919,502
motorbike 0.77961,676,443,738,500
motorbike 0.72505,634,517,707,597
person 0.96592,768,419,817,495
person 0.90557,877,384,924,445
person 0.89164,223,252,241,287
person 0.81451,677,416,726,485
person 0.72855,404,580,484,690
person 0.58026,649,491,700,584
