object_probs,left,top,right,bottom
car 0.98666,956,333,1073,422
car 0.87056,359,267,405,299
