object_probs,left,top,right,bottom
person 0.55150 motorbike 0.63094,185,271,202,297
car 0.87582,360,266,407,299
