object_probs,left,top,right,bottom
bus 0.56412,547,425,754,568
motorbike 0.87461,899,439,947,503
motorbike 0.62849,1035,373,1065,411
motorbike 0.59783,962,283,1004,320
motorbike 0.57498,1034,389,1062,419
motorbike 0.55352,618,571,727,659
car 0.92971,338,264,390,294
person 0.94718,899,417,945,490
person 0.91955,205,290,224,324
person 0.90813,564,644,661,719
person 0.81290,1033,346,1066,407
