object_probs,left,top,right,bottom
car 0.99836,675,433,884,558
car 0.90545,359,268,406,299
person 0.83022,1039,291,1065,333
