object_probs,left,top,right,bottom
motorbike 0.92259,817,470,872,557
motorbike 0.81803,440,633,584,719
motorbike 0.73835,1063,329,1078,363
motorbike 0.69570,578,290,610,317
motorbike 0.69514,994,378,1030,439
motorbike 0.62888,993,407,1027,447
motorbike 0.60568,210,310,234,336
motorbike 0.59107,903,289,941,324
car 0.88961,339,263,387,293
person 0.92864,211,294,234,332
person 0.91552,994,367,1029,428
person 0.89702,817,456,867,535
person 0.58734,1063,307,1078,353
person 0.56388,584,275,608,311
