object_probs,left,top,right,bottom
motorbike 0.82490,914,376,982,448
motorbike 0.78236,124,566,201,631
motorbike 0.73438,238,462,286,518
motorbike 0.70011,750,324,796,371
car 0.98395,507,308,605,377
car 0.98226,681,357,851,468
car 0.96417,428,278,492,329
car 0.71194,236,282,298,342
person 0.84354,119,520,194,593
person 0.81634,235,439,282,510
