object_probs,left,top,right,bottom
person 0.63217 motorbike 0.75433,491,271,516,304
car 0.90675,353,259,407,301
