object_probs,left,top,right,bottom
truck 0.60180,914,345,1004,422
motorbike 0.74742,752,379,801,437
motorbike 0.66518,260,458,292,494
car 0.87725,359,267,406,299
person 0.91971,753,368,798,426
person 0.74497,245,419,287,481
