object_probs,left,top,right,bottom
car 0.82622,354,260,407,301
person 0.66278,296,248,307,270
