object_probs,left,top,right,bottom
person 0.55384 motorbike 0.71931,497,271,518,303
car 0.89944,353,259,407,301
