object_probs,left,top,right,bottom
motorbike 0.82884,248,372,272,409
person 0.66183 motorbike 0.74200,740,291,781,326
motorbike 0.67207,277,403,327,451
motorbike 0.56083,364,266,378,292
person 0.55930,276,387,321,443
car 0.98281,883,383,1079,493
person 0.91077,229,429,275,489
person 0.80788,215,263,236,310
person 0.74137,248,351,269,387
person 0.59572,362,256,376,287
