object_probs,left,top,right,bottom
truck 0.92332,317,523,550,668
motorbike 0.85094,792,379,839,428
motorbike 0.73525,997,423,1043,477
car 0.90408,361,268,406,298
person 0.66115,952,323,975,348
person 0.57707,998,394,1044,467
