object_probs,left,top,right,bottom
motorbike 0.80531,972,330,997,360
motorbike 0.77436,240,350,266,387
car 0.99684,337,523,643,706
car 0.88237,357,267,407,299
person 0.88832,968,312,998,354
