object_probs,left,top,right,bottom
truck 0.58865,778,366,1005,530
car 0.51019,783,365,999,514
motorbike 0.90098,648,335,688,371
motorbike 0.68270,766,348,805,389
motorbike 0.54248,897,294,937,326
car 0.98659,510,311,623,389
car 0.97806,428,284,504,343
car 0.95365,381,262,441,308
person 0.68244,765,328,808,381
person 0.55702,652,312,681,345
person 0.54865,769,329,800,358
