object_probs,left,top,right,bottom
motorbike 0.90267,535,330,567,361
motorbike 0.79194,303,327,328,365
motorbike 0.75644,211,333,231,356
motorbike 0.74195,235,415,270,482
motorbike 0.69195,775,293,821,326
person 0.94149,208,314,230,348
person 0.90268,185,253,200,281
person 0.85383,534,310,565,349
person 0.77210,233,405,270,474
person 0.74610,283,315,312,349
person 0.57361,303,317,326,353
