object_probs,left,top,right,bottom
motorbike 0.69034,206,311,228,341
car 0.99731,815,383,991,495
car 0.79837,353,259,406,302
person 0.75646,204,292,225,334
