object_probs,left,top,right,bottom
motorbike 0.50796,437,267,460,293
car 0.90117,358,267,406,299
car 0.69076,1063,316,1078,374
