object_probs,left,top,right,bottom
motorbike 0.91461,246,309,271,348
motorbike 0.73363,196,480,268,548
motorbike 0.56792,260,416,287,453
motorbike 0.53188,471,270,494,299
motorbike 0.50915,233,285,253,317
car 0.99513,708,348,859,437
car 0.94444,994,432,1078,574
person 0.80861,194,458,266,533
person 0.75954,231,275,251,309
person 0.54150,43,523,134,604
