object_probs,left,top,right,bottom
motorbike 0.64641,210,315,231,347
car 0.99892,758,408,939,526
car 0.86791,357,268,407,299
car 0.51454,1062,284,1077,324
