object_probs,left,top,right,bottom
motorbike 0.92111,819,345,866,391
motorbike 0.88654,916,390,985,442
motorbike 0.86975,692,328,727,364
car 0.98169,392,272,455,329
car 0.96983,355,259,406,300
car 0.96192,479,302,578,368
car 0.69172,120,431,337,603
person 0.78447,827,335,857,368
person 0.78013,692,312,726,350
person 0.70990,928,363,974,418
person 0.54037,821,330,865,382
