object_probs,left,top,right,bottom
motorbike 0.83540,267,327,292,368
motorbike 0.78357,182,506,226,558
motorbike 0.67339,293,395,322,429
motorbike 0.51010,436,267,451,292
car 0.98399,530,310,628,374
car 0.98371,667,353,839,462
person 0.94495,183,461,223,527
person 0.56964,287,370,317,410
person 0.52190,436,255,451,287
