object_probs,left,top,right,bottom
truck 0.54237,659,347,832,464
car 0.59297,665,347,840,465
motorbike 0.91084,571,309,599,345
motorbike 0.88118,664,327,695,362
motorbike 0.86737,777,294,817,326
car 0.99058,463,300,562,366
car 0.98034,408,275,471,329
car 0.79793,365,260,409,299
person 0.67197,667,313,693,347
