object_probs,left,top,right,bottom
car 0.99836,670,425,877,550
car 0.79179,355,258,407,301
person 0.59023,176,246,191,281
