object_probs,left,top,right,bottom
person 0.55686 motorbike 0.56677,185,271,202,297
car 0.86548,360,266,407,299
