object_probs,left,top,right,bottom
truck 0.56830,249,374,366,502
motorbike 0.94328,1002,388,1070,440
motorbike 0.92463,838,344,885,394
car 0.99622,414,283,491,338
car 0.97741,371,263,427,311
car 0.93871,542,323,655,402
car 0.83375,344,254,380,289
person 0.73128,1019,366,1064,424
person 0.64287,601,278,627,307
person 0.62850,845,337,874,369
