object_probs,left,top,right,bottom
truck 0.74516,1020,294,1078,365
motorbike 0.98083,885,445,948,535
motorbike 0.84189,699,400,747,461
car 0.86019,359,267,407,299
car 0.61343,867,348,1021,447
person 0.94399,890,433,945,524
person 0.78755,703,383,743,452
