object_probs,left,top,right,bottom
motorbike 0.71368,695,364,743,415
motorbike 0.64303,236,356,268,415
motorbike 0.54146,905,294,950,326
motorbike 0.54020,234,443,272,508
person 0.96470,295,292,317,327
person 0.88593,253,290,279,326
person 0.83906,188,295,208,332
person 0.63363,696,344,742,402
