object_probs,left,top,right,bottom
motorbike 0.61091,189,292,207,311
car 0.91230,1028,326,1079,406
car 0.86759,355,259,408,302
person 0.65551,189,275,206,305
