object_probs,left,top,right,bottom
car 0.98885,957,339,1079,415
car 0.87282,358,267,405,299
