object_probs,left,top,right,bottom
motorbike 0.92110,543,292,568,320
motorbike 0.89338,616,311,647,343
motorbike 0.88333,971,410,1046,463
motorbike 0.84678,650,332,685,369
motorbike 0.80945,1029,379,1077,436
car 0.99033,772,384,980,508
car 0.96716,423,284,498,337
car 0.89229,361,263,413,309
car 0.82259,1,600,65,711
car 0.63699,327,250,369,282
person 0.91057,1031,365,1075,426
person 0.53235,653,314,683,345
