object_probs,left,top,right,bottom
truck 0.75155,906,344,994,424
motorbike 0.88084,245,443,289,501
motorbike 0.65550,739,415,786,449
car 0.85478,358,268,407,299
person 0.96901,242,421,286,487
person 0.87378,738,372,783,424
