object_probs,left,top,right,bottom
car 0.98408,928,344,1061,434
car 0.80652,359,267,405,299
