object_probs,left,top,right,bottom
motorbike 0.89283,241,438,285,507
motorbike 0.53124,251,332,270,354
person 0.96819,239,423,283,489
person 0.85035,247,311,271,349
person 0.84210,171,289,190,326
person 0.82341,197,247,214,279
person 0.79161,206,249,226,281
