object_probs,left,top,right,bottom
truck 0.72057,868,352,966,437
motorbike 0.85240,219,485,266,537
motorbike 0.57801,681,425,736,474
car 0.88776,358,268,408,299
person 0.83047,678,390,724,441
person 0.79199,211,448,261,509
