object_probs,left,top,right,bottom
motorbike 0.78772,289,373,318,411
motorbike 0.68674,454,268,473,295
motorbike 0.67615,208,485,255,536
motorbike 0.67450,258,327,286,363
motorbike 0.66708,402,255,419,279
car 0.99681,716,363,890,480
car 0.98450,554,313,661,379
person 0.92396,206,442,244,507
person 0.81935,258,312,286,356
person 0.72198,285,350,312,391
