object_probs,left,top,right,bottom
motorbike 0.61628,190,292,207,313
car 0.96133,1015,335,1078,410
car 0.83471,355,259,408,302
person 0.70320,189,275,206,307
person 0.51897,353,253,366,275
