object_probs,left,top,right,bottom
car 0.99362,898,348,1039,447
car 0.69296,350,256,412,302
