object_probs,left,top,right,bottom
car 0.64145 truck 0.56664,756,384,949,512
motorbike 0.90035,483,476,560,550
motorbike 0.81076,661,439,714,504
motorbike 0.78438,588,584,709,693
motorbike 0.70233,1002,394,1041,462
car 0.88174,358,267,407,298
car 0.63944,962,312,1053,385
person 0.91411,664,420,714,492
person 0.89393,1004,383,1041,451
person 0.80980,608,553,657,634
person 0.74172,501,448,551,535
