object_probs,left,top,right,bottom
car 0.81789,359,266,406,299
car 0.57720,453,267,484,296
