object_probs,left,top,right,bottom
person 0.71383 motorbike 0.81331,481,270,505,301
car 0.89683,353,259,407,301
