object_probs,left,top,right,bottom
motorbike 0.71521,183,271,198,293
car 0.91718,347,265,404,298
car 0.90415,375,501,669,668
car 0.58072,794,354,954,458
person 0.94955,926,428,977,516
person 0.79487,989,374,1022,412
person 0.64969,986,372,1029,444
person 0.62759,183,260,197,286
