object_probs,left,top,right,bottom
motorbike 0.89473,854,404,921,464
motorbike 0.86459,223,350,247,385
motorbike 0.64697,267,417,292,451
motorbike 0.50728,270,430,295,462
person 0.86574,180,290,200,329
person 0.84559,220,338,246,374
person 0.73044,280,275,296,305
person 0.72017,861,380,909,447
person 0.56925,264,397,290,427
