object_probs,left,top,right,bottom
person 0.63834 motorbike 0.65321,228,289,248,325
motorbike 0.63973,281,397,308,433
person 0.82580,269,363,307,423
person 0.54381,321,229,335,265
