object_probs,left,top,right,bottom
truck 0.91929,693,403,832,508
motorbike 0.93202,369,520,465,597
motorbike 0.87142,969,325,999,365
car 0.91972,1021,315,1079,393
car 0.88607,357,268,407,299
person 0.80318,379,486,429,581
person 0.63697,970,318,995,352
