object_probs,left,top,right,bottom
motorbike 0.82714,269,325,295,373
motorbike 0.61443,241,416,277,484
motorbike 0.61002,248,309,269,337
motorbike 0.57286,248,452,278,490
motorbike 0.55415,36,544,150,649
car 0.99397,832,396,1048,528
car 0.99105,618,333,742,399
person 0.95422,244,293,266,331
person 0.83406,239,406,275,467
person 0.60376,511,274,533,305
person 0.53118,432,253,451,286
