object_probs,left,top,right,bottom
car 0.79592 truck 0.63860,320,511,642,698
motorbike 0.75727,185,271,200,295
motorbike 0.69175,845,290,888,326
motorbike 0.63979,944,401,1016,467
motorbike 0.55008,910,444,965,536
car 0.90608,348,263,403,298
car 0.88622,782,357,926,465
person 0.82266,911,435,966,523
person 0.71537,966,377,1009,447
person 0.51501,971,379,1002,417
