object_probs,left,top,right,bottom
motorbike 0.89995,113,520,188,599
motorbike 0.66630,287,430,315,470
motorbike 0.58591,280,400,316,465
motorbike 0.52203,404,253,422,278
motorbike 0.50715,867,292,905,326
car 0.99370,608,335,753,431
car 0.98218,493,298,579,353
car 0.97217,949,419,1079,584
person 0.74734,275,344,312,405
person 0.57104,277,384,312,447
