object_probs,left,top,right,bottom
motorbike 0.89311,276,383,319,447
motorbike 0.87254,203,267,226,302
motorbike 0.85302,34,530,147,642
person 0.84598 motorbike 0.75738,394,271,417,306
motorbike 0.66023,237,349,266,393
motorbike 0.56692,860,291,899,327
person 0.84935,205,252,225,290
person 0.83387,281,356,329,419
person 0.51487,235,335,256,369
