object_probs,left,top,right,bottom
truck 0.89536,194,549,441,714
truck 0.52217,1034,293,1079,359
motorbike 0.93394,946,445,996,502
motorbike 0.82508,749,379,795,440
car 0.81260,358,267,407,299
car 0.60330,886,344,1040,444
person 0.94496,948,410,995,492
person 0.85141,913,331,939,359
person 0.58271,755,367,792,428
person 0.54968,760,374,785,412
