object_probs,left,top,right,bottom
motorbike 0.93588,881,380,942,438
motorbike 0.77986,719,327,763,361
motorbike 0.60662,221,482,268,539
car 0.97622,656,356,823,455
car 0.95679,424,276,485,326
car 0.95327,495,304,594,378
car 0.51319,243,284,305,345
person 0.83391,719,311,761,360
person 0.77294,884,359,932,429
person 0.67558,315,232,328,263
person 0.65079,219,456,265,530
