object_probs,left,top,right,bottom
motorbike 0.51061,545,288,583,315
car 0.90997,353,259,406,301
person 0.61551,549,271,577,311
