object_probs,left,top,right,bottom
motorbike 0.93570,700,520,773,599
motorbike 0.91406,470,519,547,593
motorbike 0.85403,542,554,624,636
motorbike 0.73964,353,650,453,717
motorbike 0.73086,970,435,1001,472
motorbike 0.64773,395,253,417,279
motorbike 0.52835,720,447,787,533
person 0.87925,971,398,1009,460
person 0.84683,732,436,784,522
person 0.76359,237,274,256,306
person 0.66931,471,491,550,577
person 0.61328,365,611,440,680
person 0.58419,557,508,617,607
person 0.50088,975,395,1005,433
