object_probs,left,top,right,bottom
motorbike 0.94341,898,385,962,443
motorbike 0.83933,734,332,779,363
motorbike 0.74606,230,462,279,524
motorbike 0.64270,102,534,187,647
car 0.98093,503,309,601,375
car 0.97876,669,356,838,461
car 0.94509,428,277,491,329
car 0.60844,242,285,303,344
person 0.73086,734,312,777,360
person 0.72186,228,445,276,513
person 0.70970,903,361,949,422
person 0.56142,317,232,328,262
