object_probs,left,top,right,bottom
car 0.88677,359,267,406,299
car 0.57037,440,266,466,292
