object_probs,left,top,right,bottom
motorbike 0.97311,757,460,809,523
motorbike 0.91600,863,443,909,504
motorbike 0.90509,668,446,731,502
motorbike 0.86125,372,621,495,713
motorbike 0.83923,150,628,302,719
motorbike 0.69798,627,546,693,605
motorbike 0.60729,412,253,434,283
motorbike 0.50746,440,266,464,295
motorbike 0.50150,217,647,302,717
person 0.95175,761,423,807,491
person 0.90765,672,416,721,489
person 0.90070,870,383,921,453
person 0.85194,225,253,242,287
person 0.60457,381,617,477,709
