object_probs,left,top,right,bottom
motorbike 0.79214,288,372,315,409
motorbike 0.76237,209,459,255,528
motorbike 0.73833,456,269,475,295
car 0.99610,723,362,897,481
car 0.98687,559,317,666,379
person 0.84528,211,442,251,512
person 0.78553,284,347,311,393
person 0.76427,258,310,286,356
