object_probs,left,top,right,bottom
truck 0.71183,822,363,931,456
motorbike 0.95549,605,449,670,502
motorbike 0.85496,156,504,229,574
car 0.88874,358,268,407,299
person 0.85949,607,414,655,488
