object_probs,left,top,right,bottom
motorbike 0.87674,904,382,970,446
motorbike 0.85762,234,463,282,522
motorbike 0.81224,115,564,200,637
motorbike 0.63152,738,329,783,363
car 0.98846,675,355,841,466
car 0.98626,505,309,602,376
car 0.95557,428,276,491,329
car 0.67581,237,282,298,343
person 0.88969,740,321,786,368
person 0.88494,231,442,279,512
person 0.71092,914,376,967,444
person 0.51660,318,232,329,263
