object_probs,left,top,right,bottom
motorbike 0.70571,108,520,186,600
motorbike 0.67631,285,436,316,474
motorbike 0.64045,404,251,421,277
car 0.98964,602,334,747,430
car 0.98799,491,297,578,353
car 0.98509,939,419,1079,587
person 0.83818,276,348,313,405
person 0.57954,276,399,315,464
