object_probs,left,top,right,bottom
motorbike 0.89675,282,386,328,440
motorbike 0.78596,248,373,271,405
motorbike 0.66131,243,446,288,497
car 0.99031,910,392,1079,501
person 0.88620,242,421,284,484
person 0.79825,213,262,234,310
person 0.71079,246,350,269,388
person 0.64531,555,276,584,312
person 0.54254,764,292,802,325
