object_probs,left,top,right,bottom
motorbike 0.53973,185,270,200,293
car 0.98769,64,600,446,713
car 0.84816,360,267,406,298
