object_probs,left,top,right,bottom
motorbike 0.82639,228,351,254,390
motorbike 0.82550,776,387,837,439
person 0.79943 motorbike 0.75906,289,286,307,320
person 0.63077 motorbike 0.72886,247,287,270,319
motorbike 0.62676,230,368,257,399
motorbike 0.55372,262,451,290,486
motorbike 0.51651,261,434,286,473
person 0.85683,781,362,828,426
person 0.76768,185,294,203,327
