object_probs,left,top,right,bottom
car 0.99569,968,338,1079,415
car 0.87264,358,267,406,299
car 0.65668,415,258,435,282
