object_probs,left,top,right,bottom
motorbike 0.76830,270,328,296,364
car 0.75738,355,259,407,301
person 0.64901,268,317,292,355
