object_probs,left,top,right,bottom
motorbike 0.72349,558,288,588,316
car 0.83123,360,267,407,299
person 0.73592,557,275,584,310
person 0.51025,333,270,352,297
