object_probs,left,top,right,bottom
motorbike 0.90137,144,567,221,631
car 0.84071,348,258,409,303
person 0.88712,147,523,200,593
