object_probs,left,top,right,bottom
truck 0.60876,0,425,282,681
motorbike 0.84608,417,312,446,344
motorbike 0.52302,445,267,462,294
car 0.97664,782,339,929,399
car 0.86842,238,272,284,306
car 0.56928,365,268,406,297
person 0.58929,333,269,352,298
