object_probs,left,top,right,bottom
motorbike 0.59890,308,395,332,421
car 0.89288,356,267,407,299
person 0.60300,303,368,330,410
