object_probs,left,top,right,bottom
motorbike 0.80648,349,374,379,411
car 0.80712,348,257,409,303
person 0.85338,346,355,373,387
