object_probs,left,top,right,bottom
motorbike 0.72951,346,449,377,485
motorbike 0.64370,735,291,778,325
motorbike 0.50132,338,423,379,483
car 0.85871,355,258,408,302
person 0.87901,334,405,377,464
