object_probs,left,top,right,bottom
motorbike 0.61903,265,338,288,358
car 0.79135,355,258,407,301
person 0.93776,258,308,286,357
