object_probs,left,top,right,bottom
motorbike 0.62945,246,306,271,345
car 0.84859,357,268,406,299
person 0.71642,244,298,269,333
person 0.66403,420,254,434,281
