object_probs,left,top,right,bottom
motorbike 0.89031,330,353,356,381
car 0.99642,0,555,212,719
car 0.85886,355,258,408,302
person 0.87295,326,331,354,369
