object_probs,left,top,right,bottom
car 0.87599,356,267,407,299
person 0.53837,291,346,326,400
