object_probs,left,top,right,bottom
motorbike 0.78650,297,482,343,536
car 0.86729,360,267,407,298
person 0.92620,289,445,339,508
