object_probs,left,top,right,bottom
motorbike 0.61593,284,310,305,336
car 0.99730,205,425,362,552
car 0.78112,356,259,408,301
person 0.90705,282,293,305,329
