object_probs,left,top,right,bottom
car 0.88218,354,260,407,301
person 0.62104,299,364,334,423
