object_probs,left,top,right,bottom
motorbike 0.87190,182,550,256,606
motorbike 0.69563,725,284,774,328
car 0.84100,354,260,407,301
person 0.72856,177,505,255,570
person 0.55086,298,251,312,273
