object_probs,left,top,right,bottom
motorbike 0.57310,652,329,714,379
motorbike 0.51209,220,253,233,279
car 0.90214,274,311,338,374
car 0.88494,360,266,408,299
car 0.72901,305,247,341,271
