object_probs,left,top,right,bottom
motorbike 0.50443,243,312,266,338
car 0.83154,359,267,407,299
person 0.95560,238,295,265,336
