object_probs,left,top,right,bottom
motorbike 0.65684,74,563,182,668
car 0.89121,354,259,407,301
person 0.66035,296,249,309,272
