object_probs,left,top,right,bottom
truck 0.75893,0,419,280,696
person 0.65496 motorbike 0.87037,415,311,448,346
motorbike 0.67624,444,267,464,295
motorbike 0.51301,331,268,352,297
car 0.99248,768,333,931,401
car 0.95546,235,268,284,310
car 0.77116,360,266,408,298
