object_probs,left,top,right,bottom
car 0.84900,355,260,407,301
person 0.77063,284,412,329,468
