object_probs,left,top,right,bottom
motorbike 0.93260,779,346,845,389
motorbike 0.74815,237,266,252,291
car 0.97884,289,337,359,412
car 0.92727,360,267,407,299
person 0.64109,797,329,844,380
