object_probs,left,top,right,bottom
motorbike 0.70922,315,466,358,520
car 0.85166,360,267,406,299
person 0.84811,305,428,350,486
