object_probs,left,top,right,bottom
motorbike 0.89347,309,329,334,360
car 0.98976,72,497,302,646
car 0.81016,357,258,408,302
person 0.88672,307,315,332,351
