object_probs,left,top,right,bottom
motorbike 0.88083,1020,347,1079,394
person 0.66720 motorbike 0.73092,271,285,290,323
car 0.99624,238,408,372,519
car 0.81572,356,259,408,301
