object_probs,left,top,right,bottom
truck 0.50866,0,426,279,682
motorbike 0.86581,417,312,446,344
car 0.97357,787,339,926,400
car 0.89994,239,272,284,306
car 0.64214,364,268,406,297
