object_probs,left,top,right,bottom
car 0.81724,355,261,408,303
person 0.90018,190,278,208,308
person 0.87996,477,267,495,300
