object_probs,left,top,right,bottom
motorbike 0.93825,836,346,903,391
motorbike 0.85173,245,271,261,298
car 0.95340,290,353,365,427
car 0.92767,359,267,407,299
person 0.57787,869,332,898,369
