object_probs,left,top,right,bottom
truck 0.77321,0,423,280,692
person 0.65530 motorbike 0.86979,415,311,448,346
motorbike 0.72190,444,267,464,295
car 0.99366,769,333,930,402
car 0.95588,235,268,284,310
car 0.75738,360,266,408,298
