object_probs,left,top,right,bottom
motorbike 0.88880,283,486,332,545
car 0.88332,360,267,407,298
person 0.95716,277,449,329,510
