object_probs,left,top,right,bottom
motorbike 0.84962,348,377,377,408
car 0.84836,347,258,408,303
person 0.82338,343,352,373,387
