object_probs,left,top,right,bottom
truck 0.79365,0,431,285,719
person 0.58611 motorbike 0.87461,416,312,446,345
motorbike 0.73661,443,267,464,295
motorbike 0.59456,330,269,351,297
car 0.98899,770,333,932,402
car 0.95040,235,269,284,309
car 0.81716,360,266,407,298
