object_probs,left,top,right,bottom
motorbike 0.95372,765,347,836,388
motorbike 0.75434,234,267,249,291
person 0.55979,233,258,249,285
car 0.97343,287,334,358,404
car 0.91578,360,267,408,299
person 0.80117,777,328,826,381
