object_probs,left,top,right,bottom
motorbike 0.78217,344,375,372,404
car 0.89696,2,616,75,719
car 0.83926,348,257,409,303
person 0.79766,336,343,373,397
