object_probs,left,top,right,bottom
motorbike 0.54097,309,438,337,473
car 0.90130,355,259,407,301
person 0.78647,296,398,336,466
