object_probs,left,top,right,bottom
motorbike 0.53025,308,435,338,470
car 0.89868,354,259,407,301
person 0.60609,297,396,338,464
