object_probs,left,top,right,bottom
motorbike 0.87857,308,329,332,358
car 0.98833,90,483,307,635
car 0.79748,357,258,408,302
person 0.93227,303,312,329,352
person 0.55107,1009,270,1040,310
