object_probs,left,top,right,bottom
car 0.75606,358,267,406,299
person 0.80872,169,272,185,303
