object_probs,left,top,right,bottom
motorbike 0.83937,353,395,386,432
motorbike 0.57514,821,290,860,327
car 0.80644,355,259,408,302
person 0.73024,347,372,381,407
