object_probs,left,top,right,bottom
motorbike 0.94180,772,348,840,389
motorbike 0.73424,235,267,251,291
car 0.95754,287,335,359,410
car 0.91525,359,267,408,299
person 0.68781,779,328,828,382
person 0.57312,804,330,835,368
