object_probs,left,top,right,bottom
motorbike 0.74733,291,351,318,390
car 0.86849,354,259,407,302
person 0.70790,289,339,312,373
