object_probs,left,top,right,bottom
motorbike 0.95075,950,344,1022,393
car 0.99246,269,392,375,472
car 0.84599,360,266,406,298
person 0.61596,965,328,1014,385
