object_probs,left,top,right,bottom
motorbike 0.85384,511,330,549,362
car 0.99484,921,334,1079,404
car 0.97722,251,287,305,336
car 0.77555,0,541,106,716
car 0.62799,360,266,407,298
person 0.84152,514,317,548,348
