object_probs,left,top,right,bottom
motorbike 0.51647,302,379,327,410
car 0.86951,356,267,407,299
person 0.55907,295,350,322,389
