object_probs,left,top,right,bottom
motorbike 0.93277,779,346,845,389
motorbike 0.74482,237,266,252,291
car 0.97837,289,337,359,412
car 0.92844,360,267,408,299
person 0.63857,797,329,844,380
