object_probs,left,top,right,bottom
motorbike 0.73507,458,268,475,296
person 0.74982 motorbike 0.52555,207,287,227,317
car 0.82919,355,260,408,303
