object_probs,left,top,right,bottom
person 0.71303 motorbike 0.64929,464,270,483,297
car 0.82978,355,260,408,302
person 0.57250,196,280,215,309
