object_probs,left,top,right,bottom
car 0.81703,359,267,406,299
person 0.92631,237,294,265,336
