object_probs,left,top,right,bottom
car 0.78802,358,267,406,299
person 0.74804,540,273,565,309
