object_probs,left,top,right,bottom
motorbike 0.75324,484,328,522,362
motorbike 0.58013,332,271,352,296
car 0.99532,881,338,1048,403
car 0.95887,248,281,299,330
car 0.87406,360,267,406,298
person 0.83995,492,314,519,348
