object_probs,left,top,right,bottom
motorbike 0.92362,902,346,969,393
motorbike 0.70212,251,274,268,303
car 0.98837,283,372,367,450
car 0.91227,360,266,407,298
person 0.67165,931,332,961,370
