object_probs,left,top,right,bottom
person 0.76740 motorbike 0.64971,462,268,480,298
car 0.83400,355,260,408,303
person 0.64668,200,280,219,309
