object_probs,left,top,right,bottom
motorbike 0.93961,792,346,861,389
motorbike 0.82706,238,266,254,293
car 0.96164,288,338,361,414
car 0.91641,359,267,407,299
person 0.59643,800,328,849,383
