object_probs,left,top,right,bottom
motorbike 0.75960,13,583,136,694
car 0.80001,355,259,407,300
person 0.63138,296,249,307,271
person 0.54179,24,568,70,638
