object_probs,left,top,right,bottom
car 0.86170,359,267,406,299
person 0.93399,281,424,324,486
