object_probs,left,top,right,bottom
person 0.74362 motorbike 0.66707,495,271,516,303
car 0.79093,358,267,406,299
person 0.61227,176,275,194,305
