object_probs,left,top,right,bottom
motorbike 0.94852,964,347,1033,395
motorbike 0.51926,265,284,281,315
car 0.99585,267,378,377,493
car 0.86231,355,258,408,301
person 0.60992,994,334,1023,369
