object_probs,left,top,right,bottom
motorbike 0.96842,868,348,938,392
motorbike 0.76964,249,272,265,300
car 0.99118,285,366,368,440
car 0.85065,354,260,408,302
person 0.80350,881,328,930,384
person 0.54597,890,331,923,368
