object_probs,left,top,right,bottom
person 0.56543 motorbike 0.50448,294,348,320,391
car 0.86858,356,267,407,299
