object_probs,left,top,right,bottom
motorbike 0.76476,270,328,296,364
car 0.76342,355,258,408,301
person 0.64900,268,317,292,355
