object_probs,left,top,right,bottom
motorbike 0.71838,223,525,282,578
car 0.82656,359,266,406,298
person 0.69359,216,477,266,547
person 0.58131,299,252,313,273
