object_probs,left,top,right,bottom
motorbike 0.62212,304,376,329,412
car 0.88205,356,267,407,299
person 0.52411,300,355,328,394
