object_probs,left,top,right,bottom
motorbike 0.83285,287,355,310,381
car 0.82765,354,259,407,302
person 0.89879,280,330,308,376
