object_probs,left,top,right,bottom
motorbike 0.77492,31,577,153,683
motorbike 0.62808,578,287,611,317
car 0.81234,359,267,406,299
person 0.64833,579,276,608,312
