object_probs,left,top,right,bottom
car 0.74593,358,267,405,299
person 0.89390,258,308,286,355
