object_probs,left,top,right,bottom
motorbike 0.96599,939,347,1008,394
car 0.98089,278,389,370,468
car 0.88400,356,259,408,302
person 0.52344,970,333,999,370
