object_probs,left,top,right,bottom
person 0.55047 motorbike 0.61086,457,268,474,297
car 0.77402,349,259,409,303
person 0.87651,209,287,230,320
