object_probs,left,top,right,bottom
motorbike 0.52423,812,284,860,328
motorbike 0.50996,285,493,317,528
car 0.87867,359,267,406,298
person 0.82125,272,445,319,509
