object_probs,left,top,right,bottom
motorbike 0.94518,912,348,983,393
motorbike 0.55755,254,276,272,305
car 0.98810,280,372,368,457
car 0.88362,360,265,407,298
