object_probs,left,top,right,bottom
motorbike 0.69857,608,329,668,375
motorbike 0.55378,214,256,226,277
car 0.97935,267,303,327,364
car 0.80765,355,259,408,301
car 0.70951,306,247,343,271
person 0.68339,612,325,661,374
