object_probs,left,top,right,bottom
car 0.75299,359,267,407,299
person 0.93318,225,289,248,326
person 0.60666,437,254,454,286
