object_probs,left,top,right,bottom
car 0.86587,354,260,407,301
person 0.61571,300,367,335,425
