object_probs,left,top,right,bottom
motorbike 0.78353,267,335,290,359
car 0.79222,354,258,406,302
person 0.94605,260,310,287,357
