object_probs,left,top,right,bottom
motorbike 0.91363,277,488,329,548
car 0.88057,361,267,407,299
person 0.92396,274,455,327,528
