object_probs,left,top,right,bottom
motorbike 0.89202,290,311,311,339
car 0.99727,186,437,353,562
car 0.78827,360,266,407,299
person 0.94312,286,295,308,330
