object_probs,left,top,right,bottom
truck 0.69245,0,425,281,684
motorbike 0.86500,417,312,446,344
motorbike 0.53693,444,267,463,294
car 0.97679,783,339,930,400
car 0.90702,236,267,285,309
car 0.67959,363,267,406,297
person 0.50329,332,269,352,298
