object_probs,left,top,right,bottom
motorbike 0.80741,267,334,291,360
car 0.71818,355,259,407,301
person 0.93856,262,311,289,357
