object_probs,left,top,right,bottom
motorbike 0.52205,299,398,340,460
car 0.89472,354,259,407,301
person 0.74424,296,388,336,446
