object_probs,left,top,right,bottom
car 0.76882,359,267,407,299
person 0.79733,216,289,237,323
