object_probs,left,top,right,bottom
car 0.90393,354,259,407,301
person 0.52943,300,379,339,443
