object_probs,left,top,right,bottom
car 0.79238,360,267,407,299
person 0.90423,228,292,250,328
person 0.50453,435,254,452,286
