object_probs,left,top,right,bottom
motorbike 0.95795,135,561,221,637
car 0.81930,347,258,409,303
person 0.74260,135,525,209,596
