object_probs,left,top,right,bottom
motorbike 0.91189,1012,347,1075,394
person 0.61244 motorbike 0.84963,270,286,289,321
car 0.99534,241,404,372,517
car 0.83270,356,258,408,301
