object_probs,left,top,right,bottom
motorbike 0.83000,417,312,447,345
car 0.95255,787,340,925,401
car 0.92104,238,274,287,307
car 0.72375,365,269,405,296
