object_probs,left,top,right,bottom
truck 0.81467,0,431,285,719
person 0.57871 motorbike 0.87512,416,312,446,345
motorbike 0.74954,443,268,464,295
motorbike 0.58934,330,269,351,297
car 0.98851,770,333,932,402
car 0.94935,235,269,284,309
car 0.81523,360,266,407,298
