object_probs,left,top,right,bottom
motorbike 0.87546,216,528,286,588
car 0.77610,360,267,407,299
person 0.94253,211,485,275,552
