object_probs,left,top,right,bottom
motorbike 0.86138,14,587,133,696
motorbike 0.77103,570,288,606,318
car 0.79781,360,267,406,299
person 0.74482,569,275,601,310
