object_probs,left,top,right,bottom
truck 0.80748,0,435,275,716
person 0.58880 motorbike 0.89102,415,311,447,345
motorbike 0.74533,443,267,463,295
motorbike 0.52422,331,268,352,297
car 0.98895,768,334,931,402
car 0.93203,235,267,284,310
car 0.75743,361,266,408,298
