object_probs,left,top,right,bottom
motorbike 0.65434,257,505,304,553
car 0.85849,359,267,406,298
person 0.85898,249,462,300,528
