object_probs,left,top,right,bottom
motorbike 0.70421,573,288,608,319
motorbike 0.66210,17,579,135,687
car 0.82615,359,267,407,299
person 0.64488,572,276,604,310
