object_probs,left,top,right,bottom
car 0.82872,358,267,406,299
person 0.79979,251,307,275,347
person 0.53786,417,252,432,280
