object_probs,left,top,right,bottom
car 0.99793,208,425,366,549
car 0.77511,360,266,406,298
person 0.76678,281,291,304,329
