object_probs,left,top,right,bottom
motorbike 0.93350,799,345,864,389
motorbike 0.81250,239,265,254,293
car 0.95305,289,339,361,415
car 0.90864,359,267,407,299
person 0.60308,817,329,863,381
