object_probs,left,top,right,bottom
motorbike 0.92417,816,347,883,391
motorbike 0.64341,242,269,259,297
car 0.97632,288,348,364,421
car 0.92598,359,267,407,299
person 0.60626,847,332,879,370
