object_probs,left,top,right,bottom
truck 0.84311,0,422,280,691
person 0.58663 motorbike 0.89936,415,311,447,345
motorbike 0.68770,444,267,463,295
motorbike 0.50177,332,268,352,297
car 0.98369,768,333,931,402
car 0.94081,235,267,284,310
car 0.76825,361,267,408,298
