object_probs,left,top,right,bottom
motorbike 0.78795,252,507,300,557
car 0.84757,355,260,407,301
person 0.85775,240,462,289,528
