object_probs,left,top,right,bottom
motorbike 0.74946,107,579,203,652
car 0.85967,354,259,407,301
person 0.65646,297,249,310,273
