object_probs,left,top,right,bottom
truck 0.79978,0,432,280,718
person 0.61557 motorbike 0.87401,415,311,447,346
motorbike 0.72320,443,267,464,295
motorbike 0.51839,331,268,352,297
car 0.99285,769,333,930,402
car 0.94900,235,268,284,310
car 0.74961,360,266,408,298
