object_probs,left,top,right,bottom
truck 0.77087,6,516,140,713
motorbike 0.88233,493,330,531,362
car 0.99226,894,340,1064,404
car 0.95303,249,281,300,331
car 0.86768,360,267,406,298
person 0.87959,494,317,528,347
