object_probs,left,top,right,bottom
motorbike 0.95799,959,347,1027,394
car 0.99435,268,376,378,489
car 0.84842,360,266,406,298
