object_probs,left,top,right,bottom
motorbike 0.59762,556,287,586,316
car 0.76515,358,267,406,299
person 0.79620,554,273,581,311
