object_probs,left,top,right,bottom
car 0.81357,359,267,406,299
person 0.89367,234,293,259,331
