object_probs,left,top,right,bottom
motorbike 0.95839,894,351,965,392
motorbike 0.61531,251,274,267,303
car 0.98885,284,371,367,448
car 0.88072,359,267,407,299
person 0.70401,932,331,961,369
person 0.53907,905,328,951,383
