object_probs,left,top,right,bottom
motorbike 0.53721,307,441,336,475
car 0.85869,355,260,407,301
person 0.89357,294,403,335,463
