object_probs,left,top,right,bottom
motorbike 0.84879,487,330,527,362
motorbike 0.54521,332,271,352,296
car 0.99310,887,339,1053,404
car 0.94527,249,281,299,330
car 0.82905,360,268,406,298
person 0.84897,493,316,525,346
