object_probs,left,top,right,bottom
motorbike 0.78440,119,556,206,644
car 0.82249,348,258,409,303
person 0.50380,120,538,197,613
