object_probs,left,top,right,bottom
motorbike 0.90384,920,348,987,393
motorbike 0.58344,255,276,273,306
car 0.98737,279,373,367,459
car 0.86625,360,266,407,298
person 0.59047,951,332,981,369
