object_probs,left,top,right,bottom
truck 0.79479,0,431,285,719
person 0.58249 motorbike 0.87648,416,312,446,345
motorbike 0.73780,443,268,464,295
motorbike 0.59543,330,269,351,297
car 0.98920,770,333,932,402
car 0.95065,235,269,284,309
car 0.81873,360,266,407,298
