object_probs,left,top,right,bottom
motorbike 0.94520,746,345,814,387
motorbike 0.61499,233,267,247,290
person 0.62512,231,257,247,285
car 0.95991,287,329,354,399
car 0.89193,359,266,407,298
person 0.84029,755,327,806,382
