object_probs,left,top,right,bottom
motorbike 0.65070,218,256,230,278
motorbike 0.55725,631,327,691,377
car 0.95466,269,306,333,367
car 0.82592,359,265,407,299
car 0.67315,307,248,341,271
person 0.64795,634,325,682,376
