object_probs,left,top,right,bottom
motorbike 0.83602,349,376,377,409
car 0.81145,348,258,409,303
person 0.86137,344,353,373,387
