object_probs,left,top,right,bottom
truck 0.75148,0,427,280,673
person 0.53825 motorbike 0.88813,416,312,446,345
motorbike 0.63120,444,267,463,294
car 0.97649,779,338,931,400
car 0.90989,235,265,285,309
car 0.68158,363,267,407,297
person 0.52654,332,268,352,297
