object_probs,left,top,right,bottom
motorbike 0.84022,353,415,386,451
car 0.85596,355,258,407,302
person 0.76028,345,380,375,410
person 0.71866,346,382,384,437
