object_probs,left,top,right,bottom
motorbike 0.85580,352,416,386,452
car 0.87134,355,258,407,302
person 0.75620,345,383,383,437
person 0.72750,345,381,375,410
