object_probs,left,top,right,bottom
motorbike 0.83990,290,353,314,387
car 0.87634,354,259,407,302
person 0.85112,287,337,312,373
