object_probs,left,top,right,bottom
car 0.86952,358,268,406,299
person 0.76115,247,305,271,345
person 0.57739,419,255,433,281
