object_probs,left,top,right,bottom
motorbike 0.95054,785,347,853,389
motorbike 0.77398,237,266,253,292
car 0.96650,288,338,360,413
car 0.92307,360,267,407,299
person 0.69662,798,329,847,382
person 0.61878,807,331,839,368
