object_probs,left,top,right,bottom
car 0.90499,354,260,407,301
person 0.75056,299,380,338,443
