object_probs,left,top,right,bottom
car 0.86326,359,267,406,298
person 0.88269,257,448,306,511
