object_probs,left,top,right,bottom
motorbike 0.73945,317,326,342,368
car 0.98085,9,520,270,696
car 0.85015,356,257,408,301
