object_probs,left,top,right,bottom
car 0.75944,359,267,407,299
person 0.90370,210,288,232,321
