object_probs,left,top,right,bottom
motorbike 0.96549,803,347,872,390
motorbike 0.75580,239,266,255,293
car 0.97164,288,347,364,418
car 0.91791,359,267,407,299
person 0.65080,819,329,867,382
