object_probs,left,top,right,bottom
truck 0.79672,0,431,286,719
person 0.58503 motorbike 0.87528,416,312,446,345
motorbike 0.73733,443,268,464,295
motorbike 0.58805,330,269,351,297
car 0.98921,770,333,932,402
car 0.95043,235,269,284,309
car 0.81783,360,266,407,298
