object_probs,left,top,right,bottom
motorbike 0.73186,349,384,389,437
motorbike 0.61692,353,407,387,443
motorbike 0.60741,805,290,846,323
car 0.87163,355,258,408,302
person 0.77747,347,373,379,409
