object_probs,left,top,right,bottom
motorbike 0.76947,418,311,446,344
car 0.95566,787,340,925,401
car 0.83890,238,271,285,304
car 0.53787,365,268,407,297
