object_probs,left,top,right,bottom
motorbike 0.94800,810,349,880,390
motorbike 0.67212,242,269,259,297
car 0.97615,289,347,364,419
car 0.92294,358,267,407,299
person 0.60387,820,329,869,382
