object_probs,left,top,right,bottom
car 0.75284,358,267,406,299
person 0.75819,517,274,542,306
person 0.51535,164,273,180,301
