object_probs,left,top,right,bottom
motorbike 0.86127,349,438,380,475
car 0.84942,355,258,408,302
person 0.84991,341,400,379,461
