object_probs,left,top,right,bottom
motorbike 0.77822,117,561,206,642
car 0.85376,354,259,407,301
person 0.61483,297,249,310,273
