object_probs,left,top,right,bottom
motorbike 0.69945,291,352,316,389
car 0.88800,354,259,407,302
person 0.79359,288,338,312,373
