object_probs,left,top,right,bottom
person 0.82464 motorbike 0.61640,480,272,499,301
car 0.79636,358,267,407,299
person 0.80232,187,278,204,307
