object_probs,left,top,right,bottom
motorbike 0.68974,192,544,257,600
motorbike 0.56182,732,291,777,327
car 0.84676,354,260,407,301
person 0.74744,185,497,259,571
person 0.53859,299,251,312,273
