object_probs,left,top,right,bottom
car 0.92907,790,341,921,402
car 0.52213,365,272,407,298
