object_probs,left,top,right,bottom
motorbike 0.69797,319,329,348,372
car 0.98669,1,523,262,700
car 0.86024,356,257,408,301
