object_probs,left,top,right,bottom
person 0.77154 motorbike 0.53445,248,305,273,346
car 0.83963,357,267,406,299
person 0.59171,418,253,433,281
