object_probs,left,top,right,bottom
truck 0.79500,0,431,285,719
person 0.58271 motorbike 0.87695,416,312,446,345
motorbike 0.73762,443,268,464,295
motorbike 0.58575,330,269,351,297
car 0.98920,770,333,932,402
car 0.95061,235,269,284,309
car 0.82035,360,266,407,298
