object_probs,left,top,right,bottom
person 0.86375 motorbike 0.67970,479,271,497,300
car 0.79282,358,267,407,299
person 0.86958,188,277,205,307
