object_probs,left,top,right,bottom
motorbike 0.91517,278,487,329,548
car 0.90873,361,267,407,299
person 0.91616,275,456,327,528
