object_probs,left,top,right,bottom
truck 0.81734,0,422,280,690
person 0.58748 motorbike 0.89833,415,311,447,345
motorbike 0.70617,444,267,464,295
car 0.98558,767,333,932,402
car 0.92435,235,267,284,310
car 0.65734,362,267,407,298
