object_probs,left,top,right,bottom
car 0.88883,354,260,407,301
person 0.60725,299,362,333,422
