object_probs,left,top,right,bottom
car 0.75441,359,267,407,299
person 0.82913,215,289,237,322
