object_probs,left,top,right,bottom
motorbike 0.95892,906,347,974,394
motorbike 0.57106,253,275,270,304
car 0.98848,282,373,368,453
car 0.89322,360,266,407,298
person 0.63259,932,333,963,368
person 0.53211,923,330,970,383
