object_probs,left,top,right,bottom
truck 0.55370,0,426,280,676
motorbike 0.85964,417,312,446,344
car 0.96449,787,340,925,401
car 0.90691,239,272,283,306
car 0.66319,363,266,407,298
