object_probs,left,top,right,bottom
person 0.64110 motorbike 0.52482,606,190,620,216
person 0.67299,645,234,663,267
person 0.62745,624,234,645,265
