object_probs,left,top,right,bottom
car 0.85567,519,223,566,268
car 0.67090,337,246,387,298
car 0.61364,458,192,487,212
person 0.64707,179,254,214,287
