object_probs,left,top,right,bottom
car 0.76206,519,223,565,269
car 0.62650,456,191,487,213
car 0.57369,317,253,384,310
car 0.51459,579,177,601,196
car 0.50512,599,234,621,260
