object_probs,left,top,right,bottom
car 0.98968,0,434,144,600
car 0.82193,523,222,567,269
