object_probs,left,top,right,bottom
car 0.99466,128,346,266,439
car 0.98714,210,294,304,358
car 0.90515,0,483,52,612
