object_probs,left,top,right,bottom
motorbike 0.74762,268,245,291,276
car 0.82726,520,224,566,269
car 0.67239,455,191,487,213
person 0.77623,267,236,288,269
