object_probs,left,top,right,bottom
car 0.93823,282,271,367,335
car 0.68683,519,222,565,269
car 0.57494,811,212,909,243
