object_probs,left,top,right,bottom
car 0.99750,583,407,854,510
car 0.99682,647,494,996,652
person 0.85875,284,233,308,268
person 0.68226,642,234,660,271
