object_probs,left,top,right,bottom
car 0.75770,522,224,566,270
car 0.61297,451,193,488,213
car 0.56931,592,218,626,239
