object_probs,left,top,right,bottom
car 0.52580,812,212,913,244
person 0.53899,642,229,661,264
