object_probs,left,top,right,bottom
truck 0.83807,210,289,308,372
car 0.77537,525,226,564,265
car 0.75786,313,249,366,296
car 0.65589,455,192,486,212
person 0.82922,79,359,112,428
