object_probs,left,top,right,bottom
truck 0.91720,148,316,282,414
car 0.92346,286,261,354,313
car 0.71818,524,226,564,264
car 0.60774,455,192,487,213
car 0.52897,393,231,420,254
