object_probs,left,top,right,bottom
car 0.98925,135,320,255,413
car 0.98311,289,270,368,316
car 0.84238,383,232,416,254
car 0.82154,524,225,564,264
car 0.52028,456,192,486,211
