object_probs,left,top,right,bottom
car 0.99699,56,368,213,479
car 0.98974,244,288,334,358
car 0.83084,538,211,576,242
car 0.74317,302,256,371,305
car 0.52042,597,214,629,233
