object_probs,left,top,right,bottom
car 0.96935,252,281,351,349
car 0.79485,519,222,565,268
car 0.52191,813,212,909,241
car 0.51344,598,232,624,260
