object_probs,left,top,right,bottom
car 0.95924,92,347,233,449
car 0.95510,534,210,577,243
car 0.95431,265,283,347,344
car 0.79544,314,248,379,301
car 0.73596,0,491,24,581
