object_probs,left,top,right,bottom
person 0.63271 motorbike 0.59604,229,248,256,282
car 0.87363,519,223,566,268
car 0.85748,456,190,487,212
