object_probs,left,top,right,bottom
motorbike 0.82155,245,283,272,324
car 0.71418,522,223,566,269
car 0.64968,453,191,489,213
car 0.55605,382,230,416,252
person 0.69083,246,273,269,312
