object_probs,left,top,right,bottom
car 0.99592,62,362,223,472
car 0.98397,250,284,340,345
car 0.73211,537,211,577,243
car 0.55328,306,254,374,305
