object_probs,left,top,right,bottom
truck 0.53326,523,219,564,266
car 0.99889,149,324,283,420
car 0.65294,527,225,564,264
