object_probs,left,top,right,bottom
car 0.99877,375,449,702,590
car 0.99865,237,378,455,476
person 0.69833,225,249,250,281
person 0.57367,642,235,660,269
