object_probs,left,top,right,bottom
motorbike 0.57003,3,291,50,324
car 0.98088,197,305,308,394
car 0.81781,521,222,565,268
car 0.68453,459,188,487,212
car 0.51924,581,172,607,190
