object_probs,left,top,right,bottom
motorbike 0.56511,271,248,300,274
car 0.99874,515,398,779,503
car 0.98784,603,480,947,642
person 0.56221,642,234,660,271
person 0.54057,274,236,298,267
