object_probs,left,top,right,bottom
car 0.99188,0,378,169,504
car 0.97749,194,308,307,383
car 0.86707,529,215,570,246
car 0.73097,322,252,388,305
car 0.58138,456,190,487,214
