object_probs,left,top,right,bottom
motorbike 0.63061,310,234,333,260
car 0.89488,520,223,567,269
car 0.73452,452,192,489,213
