object_probs,left,top,right,bottom
truck 0.53339,335,234,397,295
car 0.84357,522,223,566,268
car 0.55521,456,190,489,214
person 0.84800,267,266,292,305
