object_probs,left,top,right,bottom
traffic light 0.58532,418,171,434,195
bus 0.99815,723,300,1075,537
car 0.60172,456,191,489,213
person 0.57844,624,233,646,264
