object_probs,left,top,right,bottom
motorbike 0.55286,43,343,83,404
car 0.98771,171,331,278,403
car 0.69326,580,166,611,188
person 0.65785,646,232,662,264
person 0.64939,265,273,283,302
