object_probs,left,top,right,bottom
car 0.99880,0,405,180,554
car 0.83784,522,221,566,268
car 0.65129,456,192,490,214
