object_probs,left,top,right,bottom
car 0.91582,276,273,364,336
car 0.71257,518,223,565,269
car 0.53034,459,189,485,211
