object_probs,left,top,right,bottom
motorbike 0.68130,28,288,72,323
car 0.98519,219,296,327,371
car 0.75216,520,222,565,269
