object_probs,left,top,right,bottom
car 0.99913,344,385,592,482
car 0.99770,473,448,810,619
car 0.64952,813,213,911,245
person 0.70443,248,243,271,280
person 0.58153,643,234,660,270
