object_probs,left,top,right,bottom
car 0.78030,519,223,566,269
car 0.55567,458,191,487,212
person 0.90444,203,252,237,286
