object_probs,left,top,right,bottom
motorbike 0.78854,248,283,274,322
car 0.76427,522,223,565,269
car 0.68128,452,191,490,213
car 0.57335,319,237,391,307
person 0.73672,249,270,273,315
