object_probs,left,top,right,bottom
car 0.99506,734,490,1072,662
car 0.94105,693,414,949,519
person 0.71150,642,234,661,270
person 0.52523,621,195,633,221
