object_probs,left,top,right,bottom
car 0.99479,757,495,1077,667
car 0.97681,708,417,998,518
car 0.60228,302,237,327,262
person 0.69742,642,234,660,270
person 0.52564,620,196,633,218
