object_probs,left,top,right,bottom
car 0.51157,810,214,911,244
person 0.63511,642,235,661,270
