object_probs,left,top,right,bottom
car 0.98554,171,326,277,403
car 0.98184,0,441,117,597
car 0.94178,241,281,325,337
car 0.79206,548,208,586,236
car 0.50266,454,192,489,217
person 0.55589,297,250,314,282
