object_probs,left,top,right,bottom
car 0.94687,150,329,278,418
car 0.93765,229,287,321,343
car 0.90556,0,448,97,638
