object_probs,left,top,right,bottom
car 0.63402 truck 0.53560,522,223,566,269
person 0.59126 motorbike 0.82990,243,285,268,326
car 0.59968,318,242,383,303
person 0.60199,243,273,265,309
