object_probs,left,top,right,bottom
car 0.99506,780,501,1079,668
car 0.85322,755,420,1045,523
car 0.51449,814,213,909,243
person 0.77393,308,235,331,261
person 0.63764,642,235,660,269
