object_probs,left,top,right,bottom
motorbike 0.52938,303,235,329,263
car 0.90217,520,224,567,269
car 0.77702,453,192,489,214
