object_probs,left,top,right,bottom
motorbike 0.57890,136,267,175,304
car 0.74378,519,223,565,269
car 0.73231,305,256,383,316
car 0.54736,458,186,489,213
