object_probs,left,top,right,bottom
car 0.99048,0,419,144,561
car 0.98803,187,318,301,393
car 0.94287,256,272,337,331
car 0.62262,547,205,586,235
