object_probs,left,top,right,bottom
car 0.92521,274,273,363,338
car 0.71564,519,222,565,269
car 0.58332,457,189,487,214
car 0.58175,810,213,912,242
