object_probs,left,top,right,bottom
traffic light 0.57297,417,172,434,197
bus 0.99083,426,222,994,541
person 0.53067,621,231,646,267
