object_probs,left,top,right,bottom
car 0.99117,180,319,301,393
car 0.98952,0,423,134,568
car 0.89530,255,269,334,335
car 0.76362,548,206,586,235
