object_probs,left,top,right,bottom
motorbike 0.69758,215,251,251,285
car 0.88110,519,223,566,269
car 0.65886,811,212,908,241
car 0.64852,457,191,486,211
