object_probs,left,top,right,bottom
motorbike 0.81484,163,458,207,523
motorbike 0.59987,570,228,585,251
motorbike 0.55355,199,394,228,423
car 0.51471,816,213,908,245
person 0.94183,158,423,204,489
person 0.90094,246,293,269,324
person 0.88859,192,355,229,418
person 0.63379,628,233,645,262
person 0.61599,645,232,662,264
