object_probs,left,top,right,bottom
traffic light 0.50854,417,171,433,195
bus 0.99070,827,305,1079,541
car 0.53296,455,190,489,213
