object_probs,left,top,right,bottom
truck 0.64570,279,250,361,334
truck 0.53415,522,223,564,269
motorbike 0.78831,186,331,213,365
car 0.72484,526,226,563,266
car 0.70968,351,231,390,264
car 0.65283,456,192,485,212
car 0.51062,273,260,359,340
person 0.86740,183,310,208,350
