object_probs,left,top,right,bottom
car 0.93325,0,447,127,619
car 0.87532,523,222,567,269
car 0.66722,595,212,634,237
person 0.71819,340,235,357,265
