object_probs,left,top,right,bottom
car 0.99321,269,285,346,340
car 0.53956,576,170,609,196
person 0.96395,177,290,209,333
person 0.72994,148,356,187,424
