object_probs,left,top,right,bottom
car 0.96037,214,298,328,373
car 0.80373,521,221,564,269
