object_probs,left,top,right,bottom
motorbike 0.72506,312,253,329,277
motorbike 0.57318,91,417,134,483
motorbike 0.57176,355,232,372,250
motorbike 0.50002,127,329,158,361
car 0.99577,235,296,325,364
car 0.83576,578,170,609,192
person 0.92523,90,398,133,466
person 0.62115,549,233,568,268
person 0.60427,646,232,662,266
person 0.55484,626,234,643,263
