object_probs,left,top,right,bottom
car 0.93206,0,447,127,619
car 0.87061,523,222,567,269
car 0.65699,595,212,634,237
person 0.71954,340,235,357,265
