object_probs,left,top,right,bottom
person 0.60544 motorbike 0.58897,255,265,275,295
car 0.99575,116,351,249,445
car 0.93311,200,294,302,361
car 0.91405,0,508,28,600
car 0.51477,555,211,588,232
person 0.51392,226,274,244,298
