object_probs,left,top,right,bottom
motorbike 0.94999,292,309,321,345
person 0.50024 motorbike 0.79914,565,229,578,253
motorbike 0.71595,205,399,242,454
motorbike 0.58138,244,354,266,379
person 0.90267,288,271,309,298
person 0.85441,201,369,240,426
person 0.77945,241,327,267,369
person 0.71754,289,294,318,327
person 0.63390,645,231,661,264
person 0.61408,625,234,642,262
person 0.59603,23,372,65,421
person 0.58491,242,318,266,346
person 0.56301,565,217,579,244
person 0.54744,602,236,620,260
