object_probs,left,top,right,bottom
truck 0.91957,177,301,301,399
truck 0.54519,298,253,367,305
car 0.77675,520,224,565,269
car 0.73148,455,192,486,212
car 0.66940,396,229,422,252
car 0.65006,297,255,351,307
car 0.51397,0,295,53,318
