object_probs,left,top,right,bottom
truck 0.52337,326,237,395,301
car 0.78816,522,223,566,269
car 0.64798,454,190,491,213
person 0.86879,254,269,281,315
