object_probs,left,top,right,bottom
car 0.98013,902,498,1078,667
car 0.65316,934,425,1075,510
car 0.50337,809,212,909,244
person 0.69042,642,235,661,270
