object_probs,left,top,right,bottom
car 0.99420,182,316,303,407
car 0.83864,521,222,564,269
car 0.51784,2,284,30,325
