object_probs,left,top,right,bottom
car 0.86025,521,222,566,269
car 0.50404,810,212,911,244
person 0.85708,290,263,312,300
