object_probs,left,top,right,bottom
car 0.89591,522,221,566,269
person 0.60479,307,255,328,285
