object_probs,left,top,right,bottom
traffic light 0.56040,417,171,434,196
bus 0.99961,465,284,1056,543
person 0.52402,621,232,645,266
