object_probs,left,top,right,bottom
truck 0.66568,298,251,372,320
motorbike 0.68589,218,302,244,345
car 0.76402,525,226,564,264
car 0.54418,456,193,485,213
person 0.62030,218,293,244,336
