object_probs,left,top,right,bottom
car 0.99333,269,285,346,340
car 0.55950,576,170,609,196
person 0.96442,177,290,209,333
person 0.73757,148,356,187,424
