object_probs,left,top,right,bottom
car 0.99545,236,291,332,363
car 0.71823,580,171,605,193
car 0.70931,521,221,564,268
car 0.60668,457,191,487,213
