object_probs,left,top,right,bottom
traffic light 0.51609,417,171,433,195
bus 0.99115,827,306,1079,541
car 0.53015,455,190,489,213
