object_probs,left,top,right,bottom
car 0.99753,0,392,178,532
car 0.99122,212,308,310,379
car 0.96986,268,268,347,320
car 0.72263,543,207,585,237
car 0.64373,454,189,490,214
