object_probs,left,top,right,bottom
car 0.78188,519,223,565,268
car 0.60820,330,247,391,299
car 0.59938,458,192,486,211
person 0.53190,173,254,207,291
