object_probs,left,top,right,bottom
car 0.90327,519,223,566,268
car 0.64055,452,191,489,214
