object_probs,left,top,right,bottom
motorbike 0.55277,272,248,297,274
car 0.99674,498,398,764,500
car 0.98824,593,478,930,643
person 0.58419,642,234,661,271
