object_probs,left,top,right,bottom
car 0.58149,814,214,910,244
person 0.69691,371,217,386,239
person 0.57493,642,235,660,268
