object_probs,left,top,right,bottom
traffic light 0.50608,417,172,433,195
motorbike 0.53279,271,244,298,274
car 0.90181,519,224,566,269
car 0.67201,453,191,489,214
