object_probs,left,top,right,bottom
bus 0.99639,739,304,1066,539
car 0.57562,456,190,489,212
