object_probs,left,top,right,bottom
car 0.86458,520,224,566,269
car 0.72632,456,191,487,213
person 0.55261,269,236,289,270
