object_probs,left,top,right,bottom
car 0.97886,249,286,346,356
car 0.75728,520,221,564,269
car 0.52596,458,193,484,213
car 0.50719,599,233,624,258
