object_probs,left,top,right,bottom
car 0.93844,0,455,115,633
car 0.85078,523,222,566,269
car 0.62433,595,212,631,236
person 0.52323,337,235,355,265
