object_probs,left,top,right,bottom
car 0.99711,541,403,804,499
car 0.98514,621,493,969,648
person 0.56886,642,234,660,271
