object_probs,left,top,right,bottom
truck 0.96153,54,345,221,472
car 0.97909,239,278,325,340
car 0.75451,452,193,487,215
car 0.75023,356,245,401,281
car 0.70794,522,223,565,267
car 0.67984,2,297,29,323
car 0.67815,562,189,586,204
car 0.60446,427,200,457,217
