object_probs,left,top,right,bottom
car 0.72051,813,214,911,244
person 0.69298,642,235,660,269
person 0.69212,370,216,384,241
