object_probs,left,top,right,bottom
motorbike 0.53984,268,248,290,277
car 0.99779,440,389,694,482
car 0.99767,538,471,880,630
person 0.72190,267,236,285,269
