object_probs,left,top,right,bottom
car 0.99038,218,291,309,355
car 0.98485,142,338,266,431
car 0.96174,0,468,70,622
person 0.67993,268,258,292,284
