object_probs,left,top,right,bottom
car 0.99398,135,341,267,434
car 0.99105,215,292,308,357
car 0.96412,0,481,60,614
person 0.77883,267,258,288,284
