object_probs,left,top,right,bottom
car 0.99220,131,323,252,414
car 0.97934,287,270,368,319
car 0.80907,382,233,416,255
car 0.79658,525,225,564,264
car 0.55757,456,192,486,212
car 0.52574,528,218,565,242
