object_probs,left,top,right,bottom
car 0.85843,519,223,565,269
car 0.64991,327,248,391,300
car 0.54614,456,190,487,211
car 0.50700,812,212,909,243
person 0.60781,168,251,199,291
