object_probs,left,top,right,bottom
traffic light 0.54595,418,171,434,197
bus 0.95043,0,267,122,439
person 0.54505,641,235,661,269
person 0.53037,613,246,630,285
