object_probs,left,top,right,bottom
car 0.88846,1007,503,1077,660
person 0.51904,642,235,660,270
