object_probs,left,top,right,bottom
motorbike 0.57415,286,287,308,317
car 0.99622,53,365,201,465
car 0.96386,0,464,96,633
car 0.53385,573,190,599,211
car 0.52228,455,191,486,212
person 0.92755,285,271,307,307
person 0.79509,310,235,328,268
person 0.54868,549,234,567,268
