object_probs,left,top,right,bottom
car 0.98585,218,290,310,356
car 0.98433,139,339,267,434
car 0.92368,0,474,63,619
person 0.54099,268,258,290,284
