object_probs,left,top,right,bottom
car 0.96357,0,448,99,631
car 0.94634,153,326,278,418
car 0.93783,232,286,323,343
person 0.61810,284,254,304,285
