object_probs,left,top,right,bottom
car 0.89848,519,224,567,269
car 0.69348,454,192,490,214
car 0.60257,292,236,320,267
