object_probs,left,top,right,bottom
motorbike 0.86555,126,428,174,505
motorbike 0.73765,47,511,100,599
motorbike 0.71236,586,214,604,236
motorbike 0.56616,102,391,137,432
person 0.80319,46,487,99,587
person 0.68178,645,232,663,265
person 0.58044,624,232,642,258
person 0.56533,102,362,142,423
