object_probs,left,top,right,bottom
person 0.56861 motorbike 0.75565,250,244,276,280
car 0.84998,520,224,566,269
car 0.81252,456,191,488,213
