object_probs,left,top,right,bottom
traffic light 0.60692,417,172,434,196
bus 0.99884,164,270,644,506
person 0.62116,621,230,642,262
