object_probs,left,top,right,bottom
car 0.98087,147,321,281,412
car 0.97903,0,415,110,567
car 0.85262,296,264,376,319
car 0.82267,532,213,574,242
car 0.73894,535,231,567,258
car 0.71239,453,194,485,213
car 0.50803,601,216,633,237
