object_probs,left,top,right,bottom
car 0.99671,53,356,203,467
car 0.99291,235,293,332,358
car 0.90048,341,247,393,293
car 0.84860,527,223,565,260
car 0.74475,458,191,486,213
car 0.70491,598,215,635,238
car 0.65427,530,216,568,245
car 0.51821,418,197,437,214
