object_probs,left,top,right,bottom
car 0.80583,968,506,1079,667
car 0.60064,810,213,910,244
person 0.59646,642,235,661,271
