object_probs,left,top,right,bottom
truck 0.67830,330,237,396,297
car 0.80034,522,222,566,269
car 0.55212,595,211,634,234
car 0.52822,455,190,489,213
person 0.77736,264,269,287,309
