object_probs,left,top,right,bottom
person 0.64046 motorbike 0.61206,242,272,261,301
car 0.98332,184,300,285,381
car 0.97526,92,358,236,462
