object_probs,left,top,right,bottom
person 0.70944 motorbike 0.63606,245,272,265,300
car 0.98790,191,303,289,368
car 0.91068,100,349,239,449
