object_probs,left,top,right,bottom
motorbike 0.57111,280,244,309,273
car 0.86702,519,223,567,268
car 0.73394,454,191,490,213
