object_probs,left,top,right,bottom
car 0.99176,832,512,1071,654
car 0.78210,823,431,1074,516
person 0.78626,315,231,336,258
person 0.75651,642,235,660,269
person 0.54247,621,196,633,223
person 0.53633,418,172,434,197
