object_probs,left,top,right,bottom
car 0.99807,24,387,200,506
car 0.98477,149,328,251,403
person 0.93821,101,325,136,385
person 0.77048,189,292,215,323
person 0.57790,342,247,359,278
