object_probs,left,top,right,bottom
truck 0.91693,0,386,151,553
car 0.96823,196,295,294,372
car 0.79343,334,256,387,301
car 0.69400,527,226,564,263
car 0.54644,530,219,562,240
