object_probs,left,top,right,bottom
car 0.97212,247,288,341,357
car 0.64035,523,226,564,265
car 0.58080,457,193,484,213
