object_probs,left,top,right,bottom
car 0.99773,455,394,721,502
car 0.99433,576,477,896,635
car 0.50057,811,213,912,245
person 0.60886,268,237,287,268
