object_probs,left,top,right,bottom
car 0.94086,1019,501,1079,656
car 0.56240,810,214,912,244
car 0.50947,338,230,360,252
person 0.64301,642,235,661,269
