object_probs,left,top,right,bottom
truck 0.60562,327,237,397,300
car 0.82965,522,222,566,268
car 0.56259,454,190,490,212
person 0.88354,259,267,285,314
