object_probs,left,top,right,bottom
car 0.99918,24,383,217,506
car 0.82780,522,222,565,268
car 0.59881,455,192,488,214
