object_probs,left,top,right,bottom
car 0.99922,557,407,822,510
car 0.99427,636,495,985,648
person 0.73107,285,234,306,267
person 0.55992,642,234,660,271
