object_probs,left,top,right,bottom
car 0.81512,522,224,566,271
car 0.51171,594,218,626,238
