object_probs,left,top,right,bottom
traffic light 0.61486,416,172,434,194
bus 0.99744,359,263,882,520
car 0.63508,812,211,912,243
person 0.59557,644,242,662,288
person 0.58586,621,231,644,266
