object_probs,left,top,right,bottom
car 0.99360,0,399,141,530
car 0.97441,177,312,294,402
car 0.92325,529,214,571,242
car 0.81722,311,261,383,311
car 0.69452,535,231,565,258
car 0.64728,455,193,487,214
