object_probs,left,top,right,bottom
car 0.99459,869,509,1070,663
car 0.82804,887,428,1079,502
car 0.51071,877,442,1079,561
person 0.69819,642,235,660,269
