object_probs,left,top,right,bottom
car 0.99488,853,511,1073,660
car 0.73076,856,442,1079,559
car 0.50593,808,213,909,244
person 0.72194,642,235,660,270
person 0.50870,613,245,630,284
