object_probs,left,top,right,bottom
traffic light 0.62460,416,172,434,197
bus 0.99900,136,264,624,500
person 0.64156,621,231,642,260
person 0.51684,642,193,655,219
