object_probs,left,top,right,bottom
motorbike 0.64980,354,228,369,250
car 0.61628,812,214,910,241
person 0.59646,641,235,661,270
