object_probs,left,top,right,bottom
car 0.99071,0,417,146,560
car 0.97693,190,317,300,393
car 0.93134,258,272,338,331
car 0.62059,545,204,585,235
