object_probs,left,top,right,bottom
car 0.97238,156,326,280,415
car 0.96193,0,446,103,622
car 0.93524,236,286,323,341
person 0.83042,288,253,308,282
