object_probs,left,top,right,bottom
car 0.98297,155,338,274,412
car 0.77866,578,167,610,187
person 0.79350,646,231,664,267
person 0.75631,256,276,275,307
person 0.73659,626,233,644,264
person 0.58944,549,233,568,268
person 0.58778,358,231,369,253
