object_probs,left,top,right,bottom
person 0.69551 motorbike 0.59824,224,249,252,282
car 0.81910,520,222,565,268
car 0.73567,457,191,486,212
car 0.60738,812,212,911,242
