object_probs,left,top,right,bottom
traffic light 0.71017,417,173,434,196
bus 0.99850,188,265,660,518
person 0.62062,621,230,642,265
