object_probs,left,top,right,bottom
car 0.93270,337,240,387,278
car 0.84665,521,224,566,268
car 0.66563,252,268,339,350
car 0.63049,457,190,488,211
person 0.75312,147,325,171,374
