object_probs,left,top,right,bottom
car 0.78311,519,223,565,268
car 0.71652,333,247,386,299
car 0.61788,458,191,487,212
person 0.76690,174,253,208,289
