object_probs,left,top,right,bottom
car 0.99828,296,440,606,583
car 0.99653,143,369,349,466
car 0.95613,977,503,1079,655
person 0.83915,203,252,228,284
person 0.53917,642,235,660,270
