object_probs,left,top,right,bottom
car 0.99683,48,374,210,485
car 0.99319,241,292,331,359
car 0.87926,538,210,576,240
car 0.82607,302,257,368,306
car 0.67916,597,213,632,234
