object_probs,left,top,right,bottom
motorbike 0.85571,102,331,131,364
motorbike 0.85418,163,331,196,369
motorbike 0.74118,58,398,99,455
motorbike 0.64181,311,293,335,323
car 0.87777,0,470,90,626
car 0.61159,322,234,356,254
car 0.56240,813,213,911,242
person 0.88760,99,312,131,348
person 0.78391,164,312,194,346
person 0.72657,644,231,661,264
person 0.57574,625,235,642,263
person 0.56772,549,233,568,268
person 0.51045,607,248,619,274
