object_probs,left,top,right,bottom
car 0.99838,82,359,242,466
car 0.69529,526,226,565,265
