object_probs,left,top,right,bottom
car 0.99771,9,386,187,509
car 0.99018,221,299,323,370
car 0.95730,281,263,357,318
car 0.66301,541,208,585,236
car 0.56476,458,192,487,213
person 0.77608,331,236,348,262
person 0.76096,355,233,370,263
