object_probs,left,top,right,bottom
traffic light 0.62001,417,171,433,196
bus 0.88149,0,266,152,438
car 0.51114,811,212,908,243
