object_probs,left,top,right,bottom
car 0.99529,236,291,332,364
car 0.71592,580,171,605,193
car 0.70919,521,221,564,268
car 0.59642,457,191,487,213
