object_probs,left,top,right,bottom
motorbike 0.68014,93,443,145,543
motorbike 0.60574,587,211,608,233
motorbike 0.56248,64,395,109,461
person 0.69988,644,231,662,267
person 0.60008,623,231,643,261
