object_probs,left,top,right,bottom
car 0.99909,71,365,232,475
car 0.76088,523,221,565,269
