object_probs,left,top,right,bottom
motorbike 0.86296,100,332,130,366
motorbike 0.82242,159,331,191,370
motorbike 0.66536,310,290,334,323
motorbike 0.65053,51,399,94,457
car 0.86528,0,474,88,623
car 0.66148,320,234,356,254
person 0.80808,97,313,128,346
person 0.73706,161,313,189,346
person 0.73537,644,231,661,265
person 0.57286,549,233,568,268
person 0.55083,625,235,643,264
