object_probs,left,top,right,bottom
car 0.80111,518,225,566,269
car 0.57542,457,190,487,211
person 0.85439,200,253,232,286
