object_probs,left,top,right,bottom
car 0.99396,182,316,303,407
car 0.82896,521,222,564,268
car 0.51330,2,285,30,325
