object_probs,left,top,right,bottom
car 0.99529,596,408,868,519
car 0.98865,666,487,1011,658
person 0.82953,287,234,313,266
person 0.60393,642,235,660,270
