object_probs,left,top,right,bottom
motorbike 0.50575,318,265,335,293
car 0.99177,105,333,231,433
car 0.98723,0,419,152,558
car 0.56564,966,605,1079,716
person 0.96816,8,371,46,426
person 0.77204,317,256,337,287
person 0.60937,137,316,166,344
person 0.50253,550,233,568,268
