object_probs,left,top,right,bottom
person 0.74950,645,232,663,268
person 0.65522,624,234,645,265
person 0.55930,604,190,619,214
