object_probs,left,top,right,bottom
motorbike 0.56636,636,270,658,305
motorbike 0.50332,599,249,622,279
car 0.72441,521,223,565,270
