object_probs,left,top,right,bottom
car 0.98527,46,363,193,471
car 0.98426,225,292,323,364
car 0.81008,528,224,566,260
car 0.80709,337,248,390,292
car 0.77407,529,216,569,243
car 0.67300,597,215,632,237
car 0.65173,458,191,485,213
