object_probs,left,top,right,bottom
car 0.97968,0,440,116,591
car 0.97249,173,324,289,402
car 0.95452,241,278,326,336
car 0.77475,547,208,586,235
