object_probs,left,top,right,bottom
car 0.97604,306,268,377,320
car 0.83539,1,437,89,590
car 0.80277,577,171,607,195
person 0.69436,227,272,247,310
person 0.64416,191,327,217,371
