object_probs,left,top,right,bottom
car 0.84485,519,226,567,269
car 0.73800,454,192,489,213
