object_probs,left,top,right,bottom
car 0.99817,6,398,194,526
car 0.86218,522,221,566,268
car 0.70032,455,191,490,215
