object_probs,left,top,right,bottom
truck 0.57166,313,243,385,314
car 0.62925 truck 0.54619,522,223,566,269
car 0.59567,454,191,487,212
person 0.71777,234,285,261,327
