object_probs,left,top,right,bottom
car 0.81585,518,225,566,269
car 0.56758,457,190,487,211
person 0.85394,200,253,232,286
