object_probs,left,top,right,bottom
car 0.88393,519,224,567,269
car 0.68847,453,191,490,213
