object_probs,left,top,right,bottom
motorbike 0.89831,245,292,266,318
motorbike 0.65833,170,330,196,368
car 0.99555,35,390,201,499
car 0.94234,907,559,1079,719
person 0.90894,246,274,266,303
person 0.75712,645,231,663,266
person 0.70431,626,233,644,263
person 0.69499,191,275,217,309
person 0.65747,172,313,193,348
person 0.63282,288,264,304,295
person 0.62543,550,232,568,270
person 0.61186,586,230,604,258
person 0.56165,613,197,624,217
person 0.51439,364,245,380,281
