object_probs,left,top,right,bottom
truck 0.92246,0,386,150,553
car 0.96823,196,295,294,372
car 0.80822,334,249,393,294
car 0.70009,527,227,564,264
car 0.54460,530,219,562,240
