object_probs,left,top,right,bottom
car 0.68161,298,258,378,321
car 0.67299,513,223,564,268
car 0.54042,456,188,489,213
