object_probs,left,top,right,bottom
traffic light 0.52354,418,172,433,198
car 0.99911,349,443,664,595
car 0.99803,208,372,420,473
person 0.61141,642,235,660,269
