object_probs,left,top,right,bottom
car 0.98888,0,410,148,551
car 0.97557,193,315,300,392
car 0.92775,259,262,340,322
car 0.60846,544,204,585,235
