object_probs,left,top,right,bottom
car 0.99266,183,320,301,392
car 0.98264,0,419,137,564
car 0.91734,254,270,336,333
car 0.63749,547,205,586,234
