object_probs,left,top,right,bottom
car 0.97121,161,325,283,413
car 0.96843,239,284,321,339
car 0.96117,0,445,105,620
car 0.55314,551,211,587,237
person 0.82959,293,251,308,281
