object_probs,left,top,right,bottom
traffic light 0.58544,417,173,431,194
truck 0.52392,521,225,565,269
car 0.99947,124,341,267,446
car 0.67458,525,228,564,268
