object_probs,left,top,right,bottom
motorbike 0.65324,0,503,57,663
motorbike 0.56553,594,211,616,238
person 0.53763,627,228,648,263
