object_probs,left,top,right,bottom
car 0.96288,259,280,351,349
car 0.80692,519,222,565,268
car 0.60468,814,212,910,241
car 0.55665,598,234,624,262
