object_probs,left,top,right,bottom
person 0.56837 motorbike 0.60700,325,245,347,277
car 0.80463,522,222,565,269
car 0.53302,815,212,907,241
