object_probs,left,top,right,bottom
motorbike 0.60427,330,248,349,273
car 0.85012,523,222,566,269
car 0.65041,814,212,909,242
car 0.64803,595,212,635,236
car 0.59219,1,476,89,685
