object_probs,left,top,right,bottom
traffic light 0.50663,417,172,433,196
person 0.60296,622,207,637,232
person 0.56973,642,235,660,269
