object_probs,left,top,right,bottom
car 0.99868,12,393,199,514
car 0.85040,522,221,565,268
car 0.70388,455,192,489,214
car 0.54812,429,189,460,212
