object_probs,left,top,right,bottom
car 0.97967,0,435,137,609
car 0.87200,523,222,567,269
car 0.58444,596,213,636,237
person 0.68556,341,235,357,265
