object_probs,left,top,right,bottom
person 0.58000 motorbike 0.74428,308,265,328,299
car 0.99508,86,344,221,448
car 0.93861,0,431,140,579
car 0.59894,896,598,1079,717
person 0.59500,113,321,147,352
person 0.56881,329,231,347,258
person 0.56743,550,234,568,268
