object_probs,left,top,right,bottom
traffic light 0.58313,416,172,434,195
bus 0.99847,255,264,767,523
car 0.60970,814,210,907,242
