object_probs,left,top,right,bottom
car 0.99412,131,344,266,438
car 0.97931,212,293,306,360
car 0.95323,0,482,56,612
person 0.72606,267,258,286,286
