object_probs,left,top,right,bottom
car 0.99268,115,329,241,420
car 0.96835,276,278,361,330
car 0.79761,526,224,563,263
car 0.70964,455,191,488,213
car 0.66113,371,237,408,263
car 0.60168,529,217,565,241
car 0.50538,388,232,418,254
