object_probs,left,top,right,bottom
traffic light 0.51530,416,172,434,194
bus 0.99762,335,262,870,521
car 0.65046,811,212,912,242
person 0.64916,644,241,661,288
person 0.59981,621,230,643,264
