object_probs,left,top,right,bottom
car 0.94539,170,308,271,388
car 0.92620,315,264,380,307
car 0.86976,524,223,565,263
car 0.77921,455,193,486,212
car 0.71345,395,229,420,252
car 0.64537,527,218,563,244
car 0.51749,811,212,911,244
