object_probs,left,top,right,bottom
motorbike 0.66984,126,442,170,500
motorbike 0.63621,195,377,233,435
person 0.70941 motorbike 0.57591,577,215,597,239
motorbike 0.55063,603,232,621,256
motorbike 0.53608,181,333,208,369
motorbike 0.51089,84,571,137,660
person 0.88409,126,417,169,489
person 0.73586,195,363,233,427
person 0.69318,643,233,661,266
person 0.59309,181,319,203,347
person 0.57927,75,531,142,644
person 0.52154,624,235,643,263
