object_probs,left,top,right,bottom
car 0.78781,519,222,565,268
car 0.66702,457,191,487,212
car 0.54368,598,233,621,260
