object_probs,left,top,right,bottom
car 0.99488,715,498,1061,653
car 0.98080,667,411,944,520
person 0.77904,641,234,660,271
person 0.56756,291,235,319,262
