object_probs,left,top,right,bottom
motorbike 0.60125,595,210,615,237
car 0.55168,812,212,913,243
person 0.52528,626,229,647,263
