object_probs,left,top,right,bottom
traffic light 0.52034,417,172,433,195
motorbike 0.75329,640,290,660,320
car 0.79860,521,224,565,271
car 0.52709,813,213,909,242
