object_probs,left,top,right,bottom
car 0.97971,580,287,654,363
car 0.89373,252,294,430,378
car 0.65009,0,295,54,318
car 0.58315,456,192,486,214
