object_probs,left,top,right,bottom
traffic light 0.60048,416,171,433,196
motorbike 0.91737,755,406,820,455
motorbike 0.57542,1048,408,1078,496
person 0.51863,769,374,817,445
