object_probs,left,top,right,bottom
motorbike 0.95947,362,393,446,443
motorbike 0.88461,634,416,726,486
car 0.63545,592,221,641,271
person 0.89690,381,360,425,425
person 0.88016,648,393,696,474
