object_probs,left,top,right,bottom
traffic light 0.66625,417,172,433,195
car 0.87853,590,210,632,240
person 0.69703,608,253,627,290
