object_probs,left,top,right,bottom
car 0.92533,595,208,644,241
person 0.65954,171,253,212,292
