object_probs,left,top,right,bottom
car 0.98154,582,288,657,366
car 0.92664,246,299,411,383
car 0.59768,0,295,54,318
car 0.59331,457,193,486,214
