object_probs,left,top,right,bottom
traffic light 0.50333,416,171,433,194
car 0.95027,0,360,107,485
car 0.69617,594,224,641,271
car 0.53963,580,167,604,184
