object_probs,left,top,right,bottom
traffic light 0.64048,417,172,433,195
car 0.99714,765,380,970,496
car 0.65597,601,188,639,218
