object_probs,left,top,right,bottom
motorbike 0.81177,646,331,675,365
car 0.94740,578,230,629,274
car 0.90745,507,231,556,274
car 0.50568,813,213,911,245
person 0.63719,646,315,673,345
