object_probs,left,top,right,bottom
motorbike 0.92208,771,432,868,484
car 0.66093,592,223,640,270
person 0.87611,800,397,839,472
