object_probs,left,top,right,bottom
motorbike 0.76781,92,368,150,422
car 0.98349,240,423,517,554
car 0.65496,593,225,641,272
person 0.68383,101,351,128,385
person 0.62548,651,230,666,266
