object_probs,left,top,right,bottom
car 0.98761,110,321,298,404
car 0.97966,598,308,694,394
