object_probs,left,top,right,bottom
car 0.99102,674,351,850,460
car 0.54605,605,187,635,213
car 0.52752,609,179,630,197
