object_probs,left,top,right,bottom
motorbike 0.69126,611,228,630,252
car 0.88125,603,187,635,214
car 0.87766,573,171,604,195
