object_probs,left,top,right,bottom
traffic light 0.67988,416,171,433,195
car 0.95150,586,213,632,245
car 0.94295,529,213,573,239
car 0.76819,593,225,631,251
