object_probs,left,top,right,bottom
person 0.50028 motorbike 0.64149,248,255,274,281
car 0.61387,596,217,644,265
