object_probs,left,top,right,bottom
traffic light 0.53248,416,171,434,196
car 0.82493,596,211,645,242
person 0.83798,186,251,217,288
