object_probs,left,top,right,bottom
motorbike 0.91946,967,440,1060,513
car 0.72007,574,170,604,192
car 0.67357,604,184,636,214
