object_probs,left,top,right,bottom
motorbike 0.61329,611,228,628,257
car 0.89539,602,189,635,216
car 0.73990,571,170,604,199
