object_probs,left,top,right,bottom
car 0.77455,596,210,645,240
person 0.63598,241,252,272,284
