object_probs,left,top,right,bottom
traffic light 0.52065,416,172,433,196
motorbike 0.95840,832,401,905,456
car 0.98474,569,262,630,326
car 0.90830,414,258,509,332
person 0.68827,842,376,891,445
