object_probs,left,top,right,bottom
motorbike 0.71380,67,367,125,418
car 0.98417,222,419,483,556
car 0.56928,593,225,641,272
