object_probs,left,top,right,bottom
car 0.99132,682,353,855,462
car 0.62845,608,179,630,197
person 0.55032,309,239,333,260
