object_probs,left,top,right,bottom
traffic light 0.69139,417,172,434,196
motorbike 0.96156,723,419,801,481
motorbike 0.91699,904,438,1001,506
motorbike 0.82490,604,288,630,323
motorbike 0.81193,637,349,664,387
motorbike 0.69316,353,232,368,250
car 0.86777,473,308,544,385
person 0.66238,924,401,976,491
person 0.53752,733,400,780,468
person 0.50469,739,362,781,422
