object_probs,left,top,right,bottom
motorbike 0.96810,902,440,994,501
car 0.83550,574,168,608,191
car 0.55868,604,186,636,213
person 0.53620,923,404,970,465
