object_probs,left,top,right,bottom
motorbike 0.89228,657,329,686,371
car 0.91218,577,232,629,275
car 0.90052,505,232,555,276
car 0.56647,812,213,912,245
person 0.64214,659,315,687,347
