object_probs,left,top,right,bottom
truck 0.74336,473,286,536,356
motorbike 0.87723,721,380,770,438
motorbike 0.67608,624,350,649,381
motorbike 0.65241,591,311,618,345
motorbike 0.63022,608,367,649,421
motorbike 0.60402,914,451,1047,549
motorbike 0.56028,624,293,643,320
motorbike 0.51159,682,335,701,366
car 0.59538,589,231,625,260
person 0.64959,621,341,643,369
person 0.62702,670,338,692,369
person 0.55833,947,412,978,451
person 0.55300,295,239,315,266
person 0.54435,684,312,703,343
