object_probs,left,top,right,bottom
traffic light 0.59696,417,172,432,195
car 0.88723,589,209,634,239
person 0.70248,607,251,627,292
