object_probs,left,top,right,bottom
traffic light 0.59134,416,171,433,196
car 0.99175,925,416,1078,539
car 0.79523,598,206,640,233
