object_probs,left,top,right,bottom
car 0.98713,634,326,767,428
car 0.88335,0,337,120,416
car 0.53249,607,182,635,211
car 0.50103,457,193,487,215
