object_probs,left,top,right,bottom
motorbike 0.90527,687,362,735,422
motorbike 0.84589,659,331,686,367
motorbike 0.77730,622,288,644,319
motorbike 0.77272,843,418,969,524
motorbike 0.76406,584,308,608,340
motorbike 0.67348,598,367,626,408
motorbike 0.53007,623,273,645,307
motorbike 0.52513,274,248,300,273
car 0.89071,474,287,538,344
car 0.55400,590,228,630,259
person 0.82507,598,335,625,364
person 0.63947,690,334,734,406
person 0.53394,666,298,687,326
person 0.52639,664,312,689,340
