object_probs,left,top,right,bottom
traffic light 0.54577,416,171,434,196
car 0.98662,941,414,1076,535
car 0.75029,598,208,638,233
