object_probs,left,top,right,bottom
car 0.99102,137,398,389,531
car 0.65727,578,169,604,192
car 0.62111,593,225,642,270
person 0.51406,652,228,668,260
