object_probs,left,top,right,bottom
motorbike 0.59605,611,229,629,259
car 0.87988,600,190,636,217
car 0.56403,571,168,608,197
