object_probs,left,top,right,bottom
car 0.97895,173,312,341,394
car 0.97046,588,296,675,377
