object_probs,left,top,right,bottom
motorbike 0.94968,855,405,928,459
motorbike 0.61198,375,303,419,352
car 0.97365,633,339,809,473
person 0.82027,876,373,920,448
person 0.75960,86,268,111,302
person 0.64860,609,232,627,263
person 0.63035,105,269,132,301
person 0.60392,692,312,711,338
