object_probs,left,top,right,bottom
traffic light 0.67862,416,171,433,195
motorbike 0.91908,927,419,1010,493
motorbike 0.89780,757,403,824,467
motorbike 0.77174,240,321,301,365
motorbike 0.64408,673,329,703,373
motorbike 0.56786,632,287,652,323
motorbike 0.52447,723,344,764,406
car 0.89524,973,478,1077,612
car 0.74935,551,300,609,350
person 0.75821,622,252,643,285
person 0.70969,264,312,295,344
person 0.52156,648,230,670,264
