object_probs,left,top,right,bottom
traffic light 0.59584,417,171,433,195
car 0.99303,0,385,204,507
car 0.56819,593,233,637,265
