object_probs,left,top,right,bottom
motorbike 0.60880,1007,397,1077,511
car 0.97958,295,288,443,365
car 0.97614,578,284,648,356
car 0.57913,454,191,488,216
car 0.54138,0,294,54,318
