object_probs,left,top,right,bottom
car 0.99597,688,354,863,463
person 0.71017,312,237,334,260
