object_probs,left,top,right,bottom
traffic light 0.56523,415,171,433,196
motorbike 0.83083,809,441,913,493
car 0.71400,592,221,640,270
person 0.71368,841,404,882,468
