object_probs,left,top,right,bottom
car 0.99150,652,337,807,447
car 0.89618,0,333,50,420
car 0.65255,455,191,490,214
car 0.51656,604,188,638,215
