object_probs,left,top,right,bottom
motorbike 0.96065,431,402,516,454
motorbike 0.83524,718,436,826,502
car 0.62599,592,224,640,271
person 0.78090,450,364,491,425
person 0.69441,735,405,784,470
