object_probs,left,top,right,bottom
motorbike 0.83819,99,367,161,423
car 0.98961,250,424,530,555
car 0.73184,593,225,641,272
car 0.73129,0,341,23,447
person 0.74783,651,231,667,265
