object_probs,left,top,right,bottom
motorbike 0.96674,652,421,745,477
motorbike 0.66892,989,432,1077,520
car 0.69294,592,223,640,271
person 0.84357,673,385,716,447
