object_probs,left,top,right,bottom
motorbike 0.89206,640,292,661,322
car 0.79440,520,224,565,272
car 0.50981,597,228,627,258
car 0.50410,813,212,909,242
person 0.71310,643,268,663,307
