object_probs,left,top,right,bottom
motorbike 0.78255,662,323,701,378
car 0.92235,502,229,554,279
car 0.89782,576,235,625,280
car 0.54936,813,213,912,245
