object_probs,left,top,right,bottom
traffic light 0.66633,416,172,433,195
car 0.69702,597,208,643,237
person 0.52549,74,275,104,305
person 0.51801,150,254,174,291
