object_probs,left,top,right,bottom
traffic light 0.54569,417,171,434,196
car 0.96933,969,414,1079,545
car 0.79709,597,209,640,234
