object_probs,left,top,right,bottom
truck 0.99773,41,318,334,515
motorbike 0.65205,752,443,846,504
car 0.96176,822,487,1079,663
person 0.85263,781,413,808,455
person 0.66439,646,233,666,271
