object_probs,left,top,right,bottom
motorbike 0.94715,192,328,256,371
motorbike 0.93601,814,420,892,485
motorbike 0.85007,1001,425,1078,519
motorbike 0.80586,751,364,798,424
motorbike 0.76611,693,348,725,393
motorbike 0.66123,643,292,662,328
motorbike 0.63351,644,308,663,336
motorbike 0.56177,621,267,643,301
car 0.91764,548,302,619,359
person 0.68564,196,309,245,360
person 0.62308,622,255,640,286
person 0.62018,644,232,664,266
person 0.61797,693,319,728,385
person 0.56962,205,310,237,345
