object_probs,left,top,right,bottom
motorbike 0.63185,44,287,92,321
motorbike 0.53123,135,270,171,302
car 0.71629,595,212,644,239
