object_probs,left,top,right,bottom
traffic light 0.54637,416,171,434,196
car 0.76836,596,209,644,240
person 0.62282,163,255,195,289
