object_probs,left,top,right,bottom
truck 0.57454,593,226,641,271
car 0.99100,67,391,324,517
