object_probs,left,top,right,bottom
motorbike 0.93197,770,385,830,435
car 0.87131,568,253,626,312
car 0.79512,456,250,527,318
person 0.85505,777,357,824,426
