object_probs,left,top,right,bottom
motorbike 0.91971,683,340,724,394
car 0.93463,496,238,548,291
car 0.91257,576,239,625,290
car 0.52491,813,210,909,243
person 0.88757,683,318,723,386
