object_probs,left,top,right,bottom
motorbike 0.94712,623,310,649,346
motorbike 0.90925,582,289,602,323
motorbike 0.81676,545,307,567,342
car 0.83849,506,229,558,279
car 0.64809,598,218,633,242
car 0.51929,597,226,628,253
person 0.77993,623,295,649,325
person 0.73294,545,289,568,331
