object_probs,left,top,right,bottom
traffic light 0.57907,415,171,433,196
motorbike 0.83024,809,441,913,493
car 0.72064,592,221,640,270
person 0.71523,841,404,882,468
