object_probs,left,top,right,bottom
car 0.69605,594,220,642,269
person 0.50485,353,231,368,253
