object_probs,left,top,right,bottom
truck 0.99433,232,355,552,557
car 0.64134,620,178,647,199
person 0.66043,647,235,665,270
