object_probs,left,top,right,bottom
traffic light 0.60286,416,171,433,196
car 0.98133,909,418,1077,538
car 0.84707,597,206,641,233
