object_probs,left,top,right,bottom
motorbike 0.91477,53,420,135,477
car 0.96233,0,279,77,335
car 0.52370,592,224,640,270
person 0.92679,63,384,118,469
