object_probs,left,top,right,bottom
car 0.99759,793,387,1026,511
car 0.63465,601,188,637,216
