object_probs,left,top,right,bottom
car 0.68461,597,209,645,252
person 0.60512,327,237,353,262
