object_probs,left,top,right,bottom
car 0.53983,593,221,641,270
person 0.56530,633,198,646,217
