object_probs,left,top,right,bottom
traffic light 0.54884,416,171,433,196
car 0.99629,722,361,912,482
car 0.51374,606,180,632,197
