object_probs,left,top,right,bottom
motorbike 0.91910,636,310,661,347
car 0.90773,579,226,629,270
car 0.88725,511,232,563,266
car 0.52203,455,192,486,214
person 0.51002,640,298,661,322
