object_probs,left,top,right,bottom
motorbike 0.86134,682,349,707,385
motorbike 0.78679,982,442,1073,569
motorbike 0.78285,742,382,805,448
motorbike 0.74795,597,312,624,348
motorbike 0.71893,602,328,624,359
motorbike 0.56875,621,289,645,323
motorbike 0.54329,626,380,667,434
car 0.82327,473,293,536,360
person 0.80250,639,350,663,387
person 0.54164,755,358,798,428
