object_probs,left,top,right,bottom
car 0.99496,25,331,212,411
car 0.99233,611,318,727,410
