object_probs,left,top,right,bottom
motorbike 0.91548,729,364,777,415
motorbike 0.80494,599,326,626,364
motorbike 0.59850,594,300,630,361
person 0.79610,733,335,774,404
