object_probs,left,top,right,bottom
traffic light 0.51444,417,171,433,194
car 0.94991,0,365,141,490
car 0.79900,593,225,640,270
