object_probs,left,top,right,bottom
motorbike 0.85310,583,305,609,342
motorbike 0.60598,684,340,725,393
motorbike 0.53199,286,245,323,279
person 0.69830,582,289,609,330
person 0.84285,689,315,727,385
