object_probs,left,top,right,bottom
car 0.98603,153,315,316,398
car 0.97615,592,306,687,386
car 0.51866,0,295,54,317
