object_probs,left,top,right,bottom
car 0.99201,661,342,820,450
car 0.77319,0,334,27,412
car 0.58905,456,190,489,214
person 0.54939,298,239,317,265
