object_probs,left,top,right,bottom
car 0.53984,593,222,641,269
car 0.53882,813,210,910,243
