object_probs,left,top,right,bottom
car 0.99492,671,349,842,460
car 0.62277,606,186,636,214
car 0.53212,456,191,489,215
