object_probs,left,top,right,bottom
motorbike 0.88956,689,338,731,398
car 0.93054,489,235,544,297
car 0.86912,575,238,625,290
person 0.86987,692,315,732,388
