object_probs,left,top,right,bottom
person 0.53215 motorbike 0.51808,272,248,298,275
car 0.70217,596,217,643,265
