object_probs,left,top,right,bottom
motorbike 0.89758,152,383,216,431
motorbike 0.58152,576,170,604,194
car 0.98810,294,425,577,561
car 0.87542,0,345,47,470
car 0.67744,594,224,642,272
person 0.68554,158,356,203,423
person 0.53948,650,233,666,266
person 0.51699,164,357,190,390
