object_probs,left,top,right,bottom
motorbike 0.53161,611,232,627,263
car 0.77384,599,195,632,221
car 0.51272,566,170,608,198
