object_probs,left,top,right,bottom
car 0.56433,446,192,486,214
car 0.51311,593,224,641,270
person 0.65700,633,200,647,218
