object_probs,left,top,right,bottom
motorbike 0.95619,275,386,353,442
motorbike 0.94254,103,389,165,439
motorbike 0.90930,505,466,606,530
car 0.97045,96,261,227,314
car 0.68062,593,220,642,272
car 0.52631,0,293,54,316
person 0.90655,110,363,153,427
person 0.78353,530,422,577,518
person 0.78073,280,365,324,418
person 0.77852,506,426,555,516
