object_probs,left,top,right,bottom
motorbike 0.90630,825,401,895,452
car 0.95117,625,329,780,464
person 0.79750,838,374,885,443
person 0.50284,78,270,102,299
