object_probs,left,top,right,bottom
traffic light 0.67855,416,171,432,195
motorbike 0.61140,607,271,631,306
car 0.97380,586,214,632,243
car 0.94069,528,214,573,239
