object_probs,left,top,right,bottom
car 0.70094,596,210,645,241
person 0.73324,245,252,271,282
