object_probs,left,top,right,bottom
motorbike 0.56310,260,249,292,280
person 0.53104 motorbike 0.51298,250,251,278,280
car 0.71755,598,207,644,252
