object_probs,left,top,right,bottom
motorbike 0.63666,610,231,628,260
car 0.90016,600,192,635,218
car 0.60645,569,169,605,199
