object_probs,left,top,right,bottom
car 0.72215,0,395,35,469
car 0.60636,593,226,641,270
car 0.55662,457,191,487,214
