object_probs,left,top,right,bottom
traffic light 0.62708,417,172,433,196
motorbike 0.87359,645,289,668,326
car 0.70207,519,224,565,269
person 0.52944,548,253,563,289
