object_probs,left,top,right,bottom
traffic light 0.70494,416,172,433,195
motorbike 0.82226,606,268,629,302
car 0.96525,585,211,633,242
car 0.94727,536,214,577,235
car 0.50339,457,191,487,214
