object_probs,left,top,right,bottom
traffic light 0.61281,416,172,432,196
car 0.70749,594,225,646,257
car 0.51991,595,212,643,239
