object_probs,left,top,right,bottom
car 0.99541,0,334,179,411
car 0.99145,619,320,742,414
