object_probs,left,top,right,bottom
traffic light 0.59193,416,171,433,195
car 0.99488,768,381,971,495
car 0.59673,601,189,638,219
