object_probs,left,top,right,bottom
motorbike 0.90992,654,414,747,488
motorbike 0.86901,378,401,459,448
car 0.64064,592,222,641,271
person 0.73272,666,395,715,474
person 0.61388,395,363,443,426
