object_probs,left,top,right,bottom
car 0.99544,22,388,261,509
car 0.56643,454,191,489,215
car 0.54190,593,232,638,264
