object_probs,left,top,right,bottom
traffic light 0.52070,417,172,433,194
motorbike 0.91550,617,292,641,326
car 0.91767,584,224,633,257
car 0.83447,520,222,566,251
car 0.51213,457,192,488,213
