object_probs,left,top,right,bottom
car 0.97927,580,287,654,363
car 0.90635,252,294,430,378
car 0.67295,0,295,54,318
car 0.58866,456,192,486,214
