object_probs,left,top,right,bottom
car 0.97728,640,332,780,436
car 0.84027,0,336,101,417
car 0.54224,457,192,488,214
