object_probs,left,top,right,bottom
motorbike 0.88872,659,347,689,388
motorbike 0.86906,784,380,847,433
motorbike 0.66967,572,327,601,366
person 0.66528 motorbike 0.65780,576,311,606,346
motorbike 0.61694,345,302,394,347
motorbike 0.61010,598,271,621,304
motorbike 0.57290,561,270,585,304
car 0.84428,499,239,553,294
car 0.76832,592,217,643,245
car 0.58860,454,191,488,216
person 0.92808,654,317,691,380
person 0.91063,793,355,842,425
person 0.63878,640,312,663,349
