object_probs,left,top,right,bottom
car 0.99179,12,388,251,509
car 0.51107,594,226,642,271
