object_probs,left,top,right,bottom
traffic light 0.67838,416,171,432,195
motorbike 0.60204,608,273,631,306
car 0.97005,586,213,631,244
car 0.96520,529,213,572,239
car 0.53870,592,226,630,249
