object_probs,left,top,right,bottom
motorbike 0.93247,858,404,933,465
car 0.96282,570,270,631,330
car 0.89003,394,264,506,340
person 0.78036,877,375,922,450
