object_probs,left,top,right,bottom
car 0.77129,596,211,644,246
person 0.82309,203,254,237,285
