object_probs,left,top,right,bottom
car 0.77338,596,211,644,244
person 0.76800,196,254,234,289
