object_probs,left,top,right,bottom
motorbike 0.63518,7,291,52,323
car 0.79256,596,208,644,236
person 0.63641,105,267,133,303
