object_probs,left,top,right,bottom
motorbike 0.97014,425,406,513,457
motorbike 0.94947,251,408,325,462
motorbike 0.91746,743,488,855,554
motorbike 0.74411,20,364,83,420
car 0.87673,155,256,275,305
car 0.58577,592,224,640,271
person 0.87167,751,437,803,547
person 0.86369,426,381,506,445
person 0.82384,260,381,306,443
