object_probs,left,top,right,bottom
truck 0.99195,236,349,567,560
car 0.68013,619,178,648,199
person 0.72369,647,235,665,270
