object_probs,left,top,right,bottom
motorbike 0.69152,611,228,630,252
car 0.88075,603,187,635,214
car 0.87718,573,171,604,195
