object_probs,left,top,right,bottom
motorbike 0.85306,678,366,725,420
motorbike 0.85096,899,416,995,476
car 0.60701,607,176,633,196
person 0.86007,920,381,964,447
