object_probs,left,top,right,bottom
motorbike 0.94775,755,433,851,484
car 0.63588,592,223,640,270
person 0.86787,781,392,823,471
