object_probs,left,top,right,bottom
car 0.83661,597,195,631,221
car 0.54299,559,188,594,208
