object_probs,left,top,right,bottom
motorbike 0.92841,130,326,198,377
motorbike 0.92147,785,389,853,440
motorbike 0.83622,891,442,973,504
motorbike 0.70479,724,371,756,410
motorbike 0.68683,651,310,674,345
motorbike 0.61304,620,270,644,312
car 0.96129,554,317,633,371
car 0.62412,456,192,489,215
person 0.76651,721,341,759,405
person 0.75046,642,234,662,267
person 0.66736,801,362,844,424
person 0.50473,159,318,190,348
