object_probs,left,top,right,bottom
motorbike 0.96495,237,403,308,461
motorbike 0.96090,410,404,497,457
motorbike 0.90200,723,488,833,551
motorbike 0.86069,14,366,73,420
car 0.85447,148,256,274,308
car 0.67386,591,224,640,270
person 0.90463,249,378,299,450
person 0.53402,755,443,799,541
person 0.53393,408,382,489,444
