object_probs,left,top,right,bottom
traffic light 0.54378,416,171,433,196
car 0.83737,595,206,643,235
car 0.55724,1,292,21,321
person 0.50522,81,270,106,308
