object_probs,left,top,right,bottom
motorbike 0.96987,922,421,1005,484
motorbike 0.67516,29,290,71,325
car 0.95184,671,347,856,496
person 0.91470,942,385,989,471
person 0.66667,140,256,167,289
person 0.54424,119,256,143,288
