object_probs,left,top,right,bottom
car 0.56413,597,206,644,252
car 0.53337,595,228,644,258
