object_probs,left,top,right,bottom
car 0.74121,595,223,646,254
car 0.71494,594,213,646,242
person 0.68693,312,240,333,263
