object_probs,left,top,right,bottom
motorbike 0.84450,718,361,764,411
car 0.91593,573,245,625,295
car 0.88092,482,238,542,304
car 0.50050,571,269,621,301
