object_probs,left,top,right,bottom
car 0.96137,582,287,660,371
car 0.93014,234,301,399,384
car 0.55922,0,295,54,318
