object_probs,left,top,right,bottom
car 0.99346,202,309,364,394
car 0.98563,587,295,670,377
car 0.52000,0,295,54,318
