object_probs,left,top,right,bottom
motorbike 0.87185,702,345,748,405
car 0.92285,573,241,625,291
car 0.80345,484,235,544,303
