object_probs,left,top,right,bottom
car 0.98347,203,306,371,392
car 0.96768,585,295,668,376
