object_probs,left,top,right,bottom
motorbike 0.75846,81,360,134,421
car 0.98479,228,421,508,556
car 0.63592,593,225,641,272
