object_probs,left,top,right,bottom
car 0.94313,0,365,149,492
car 0.84520,594,224,640,270
