object_probs,left,top,right,bottom
traffic light 0.50623,416,172,432,195
car 0.90311,590,207,634,235
person 0.56348,606,248,626,290
