object_probs,left,top,right,bottom
motorbike 0.88808,702,341,744,398
motorbike 0.83830,584,308,615,349
person 0.79725,702,320,740,385
