object_probs,left,top,right,bottom
motorbike 0.84476,682,349,721,393
motorbike 0.75474,285,248,325,280
motorbike 0.75112,583,304,608,341
person 0.69395,582,289,607,330
person 0.82701,684,316,722,383
