object_probs,left,top,right,bottom
motorbike 0.95122,795,388,858,439
motorbike 0.74662,625,351,656,389
car 0.59474,329,238,356,262
person 0.88406,800,350,849,427
person 0.51002,627,331,650,365
