object_probs,left,top,right,bottom
motorbike 0.92484,986,414,1072,496
car 0.97727,315,289,442,361
car 0.97595,578,277,643,354
car 0.69013,454,191,489,215
car 0.61449,0,295,55,318
