object_probs,left,top,right,bottom
motorbike 0.93082,786,384,852,442
car 0.97557,568,257,627,315
car 0.94418,443,252,524,325
person 0.84305,796,356,845,431
