object_probs,left,top,right,bottom
car 0.66962,327,237,357,262
car 0.61818,597,209,645,252
