object_probs,left,top,right,bottom
motorbike 0.96119,960,440,1055,512
car 0.83346,573,169,606,193
car 0.65738,604,185,635,214
