object_probs,left,top,right,bottom
traffic light 0.56158,416,171,433,196
truck 0.99609,131,337,454,544
car 0.81023,622,176,651,197
car 0.51625,592,222,639,271
person 0.73714,647,233,665,270
