object_probs,left,top,right,bottom
car 0.84145,596,211,645,241
car 0.78911,269,250,306,280
car 0.56919,597,225,644,252
