object_probs,left,top,right,bottom
traffic light 0.55400,416,171,433,196
car 0.99794,791,386,1015,509
car 0.72549,600,189,638,217
