object_probs,left,top,right,bottom
motorbike 0.94307,838,402,914,454
motorbike 0.66082,655,366,682,405
motorbike 0.54484,648,342,685,400
car 0.82369,334,235,363,259
person 0.74481,847,366,889,418
