object_probs,left,top,right,bottom
motorbike 0.90924,742,362,789,422
car 0.90261,471,238,537,311
car 0.89365,565,246,625,303
person 0.70227,744,343,787,406
