object_probs,left,top,right,bottom
motorbike 0.95474,862,403,942,466
car 0.96462,569,269,632,332
car 0.95495,390,269,504,341
car 0.58991,453,191,488,216
person 0.84753,881,377,924,449
