object_probs,left,top,right,bottom
motorbike 0.77887,661,331,693,371
car 0.91587,503,230,554,278
car 0.87800,577,231,623,277
car 0.57101,812,213,913,246
person 0.53267,664,315,692,346
