object_probs,left,top,right,bottom
motorbike 0.95702,922,443,1022,503
car 0.67895,592,223,639,271
person 0.67483,949,408,992,490
