object_probs,left,top,right,bottom
car 0.99218,138,384,368,546
car 0.66630,593,225,642,271
car 0.60962,577,168,605,192
person 0.58906,652,229,667,260
