object_probs,left,top,right,bottom
truck 0.99520,85,329,372,527
car 0.80317,889,496,1079,650
car 0.71586,621,176,651,197
person 0.75831,646,233,665,270
