object_probs,left,top,right,bottom
car 0.99797,806,391,1034,514
car 0.56750,601,188,638,215
