object_probs,left,top,right,bottom
person 0.58277 motorbike 0.58758,228,257,252,284
car 0.75441,597,216,644,263
