object_probs,left,top,right,bottom
motorbike 0.60252,284,247,313,278
car 0.79520,594,223,647,253
car 0.76774,594,214,646,240
