object_probs,left,top,right,bottom
motorbike 0.78240,92,369,150,422
car 0.98277,240,423,517,554
car 0.65501,593,225,641,272
person 0.69239,101,351,127,385
person 0.62288,651,230,666,266
