object_probs,left,top,right,bottom
traffic light 0.52469,416,172,433,194
motorbike 0.84001,621,293,645,326
car 0.90176,517,224,568,253
car 0.87714,583,223,633,258
