object_probs,left,top,right,bottom
motorbike 0.74981,41,419,118,476
motorbike 0.51801,3,367,27,409
car 0.94459,0,279,74,334
car 0.60966,592,224,640,270
person 0.55992,49,389,99,468
