object_probs,left,top,right,bottom
motorbike 0.93932,130,426,209,488
motorbike 0.83270,33,370,95,417
car 0.96104,0,278,116,335
person 0.88170,134,389,183,473
