object_probs,left,top,right,bottom
motorbike 0.96617,550,409,645,463
motorbike 0.82590,878,436,971,509
car 0.68660,592,221,641,271
person 0.93625,574,372,612,450
person 0.83281,882,422,960,497
