object_probs,left,top,right,bottom
traffic light 0.63011,417,172,433,196
car 0.99834,756,377,966,495
car 0.63889,601,188,638,216
