object_probs,left,top,right,bottom
truck 0.99546,105,336,421,536
motorbike 0.79445,934,458,1024,527
car 0.80932,621,176,651,197
car 0.80033,969,496,1079,653
person 0.68605,646,234,665,269
