object_probs,left,top,right,bottom
car 0.86487,596,210,645,241
car 0.55426,813,209,907,241
person 0.90926,203,256,227,289
person 0.67270,239,252,269,285
