object_probs,left,top,right,bottom
car 0.64671,524,226,563,261
car 0.57281,599,229,626,255
car 0.52052,451,191,486,216
