object_probs,left,top,right,bottom
motorbike 0.77868,662,323,701,378
car 0.92301,502,229,553,279
car 0.89634,576,235,625,280
car 0.56042,813,213,912,245
