object_probs,left,top,right,bottom
motorbike 0.97747,943,445,1043,505
car 0.65886,591,231,638,263
person 0.88107,968,407,1012,492
