object_probs,left,top,right,bottom
car 0.74232,597,210,645,251
person 0.52385,326,240,349,262
