object_probs,left,top,right,bottom
motorbike 0.88617,732,362,779,417
car 0.95781,473,239,540,309
car 0.90464,571,246,624,299
person 0.64043,733,340,777,408
