object_probs,left,top,right,bottom
motorbike 0.95123,650,362,696,418
motorbike 0.93189,37,401,143,458
motorbike 0.89300,910,396,993,474
motorbike 0.63334,788,380,837,432
motorbike 0.59617,622,246,643,280
motorbike 0.59032,640,287,666,332
car 0.99497,710,433,960,571
car 0.80891,549,274,607,326
person 0.81482,783,362,829,424
person 0.80292,652,335,697,404
person 0.70640,622,238,640,266
