object_probs,left,top,right,bottom
motorbike 0.96750,565,422,664,478
motorbike 0.93364,410,418,494,491
motorbike 0.85501,117,386,184,432
motorbike 0.82366,937,491,1074,576
car 0.70737,201,248,309,292
car 0.69590,592,220,639,271
person 0.93427,425,400,474,471
person 0.83623,957,461,1010,562
person 0.79780,570,386,648,449
person 0.59944,990,465,1035,563
person 0.55217,127,355,154,390
