object_probs,left,top,right,bottom
motorbike 0.94621,60,363,138,421
motorbike 0.89733,659,326,687,370
motorbike 0.80308,580,285,603,322
person 0.70481,580,270,604,309
person 0.57302,659,300,693,360
person 0.55963,260,245,291,283
person 0.55838,664,296,685,326
person 0.54556,70,343,118,409
