object_probs,left,top,right,bottom
motorbike 0.90820,936,441,1028,507
car 0.87100,572,168,608,193
car 0.67391,604,185,635,213
