object_probs,left,top,right,bottom
truck 0.99344,101,329,416,535
truck 0.56942,948,502,1075,647
motorbike 0.80292,913,464,989,522
car 0.75794,621,176,651,197
car 0.55193,958,501,1079,647
person 0.73031,647,234,665,270
