object_probs,left,top,right,bottom
motorbike 0.72313,611,228,629,255
car 0.91702,602,188,635,216
car 0.86946,570,170,604,200
