object_probs,left,top,right,bottom
traffic light 0.53310,417,172,432,194
car 0.94016,589,208,634,237
person 0.74925,606,252,626,290
