object_probs,left,top,right,bottom
motorbike 0.93802,863,401,941,470
motorbike 0.90739,703,380,766,447
motorbike 0.77539,285,308,341,355
motorbike 0.76504,621,265,645,308
motorbike 0.64243,659,309,685,351
car 0.98138,870,465,1079,605
car 0.62280,548,280,608,337
person 0.85638,708,349,757,432
person 0.71365,621,249,643,284
