object_probs,left,top,right,bottom
motorbike 0.94188,871,399,950,471
car 0.96331,573,266,634,335
car 0.92299,388,269,498,343
car 0.56404,453,191,488,215
person 0.79761,885,377,931,449
