object_probs,left,top,right,bottom
motorbike 0.96864,827,427,906,477
car 0.66041,579,167,610,189
person 0.63286,838,392,888,465
