object_probs,left,top,right,bottom
motorbike 0.82725,684,342,725,395
car 0.93769,491,232,544,294
car 0.88047,576,237,624,291
car 0.55654,813,210,909,242
person 0.76331,685,315,724,387
