object_probs,left,top,right,bottom
car 0.73035,522,223,565,271
car 0.55974,446,192,486,216
car 0.53193,599,228,625,254
