object_probs,left,top,right,bottom
car 0.59452,597,209,645,254
car 0.57724,347,238,368,259
