object_probs,left,top,right,bottom
motorbike 0.55713,637,288,659,319
car 0.66014,452,191,488,216
car 0.64696,358,220,379,241
car 0.63904,524,225,563,260
