object_probs,left,top,right,bottom
traffic light 0.68032,416,171,433,195
motorbike 0.51506,608,288,633,316
car 0.94094,528,213,573,239
car 0.93409,586,214,630,245
car 0.69788,592,226,630,251
