object_probs,left,top,right,bottom
motorbike 0.92948,771,432,869,484
car 0.65725,592,223,640,270
person 0.87873,800,397,840,473
