object_probs,left,top,right,bottom
motorbike 0.84560,307,245,338,273
car 0.77250,598,209,644,252
person 0.59051,310,241,332,264
