object_probs,left,top,right,bottom
motorbike 0.71110,240,252,266,279
car 0.99835,64,326,256,406
car 0.99036,606,309,712,404
