object_probs,left,top,right,bottom
car 0.75187,593,225,642,270
car 0.56573,449,190,490,216
