object_probs,left,top,right,bottom
traffic light 0.52669,416,171,434,196
car 0.85153,596,207,643,235
car 0.76292,1050,441,1078,544
