object_probs,left,top,right,bottom
traffic light 0.54300,416,171,433,194
car 0.91440,0,364,121,486
car 0.75828,594,223,642,271
person 0.65675,305,239,324,263
