object_probs,left,top,right,bottom
car 0.98583,169,408,435,538
car 0.53213,592,225,641,270
person 0.66654,651,229,667,263
