object_probs,left,top,right,bottom
motorbike 0.84858,718,361,764,411
car 0.92279,573,245,625,295
car 0.87382,482,238,542,304
