object_probs,left,top,right,bottom
traffic light 0.65690,417,172,433,196
car 0.99731,727,363,921,485
car 0.59364,602,186,637,213
car 0.50204,606,180,631,198
