object_probs,left,top,right,bottom
traffic light 0.65160,416,172,432,194
car 0.92125,588,210,634,241
person 0.58798,607,252,627,291
