object_probs,left,top,right,bottom
truck 0.51514,594,224,640,273
car 0.93828,512,237,550,262
car 0.83375,550,212,585,238
car 0.52888,556,228,582,250
