object_probs,left,top,right,bottom
car 0.92438,511,235,550,261
car 0.75790,548,208,587,239
car 0.50836,554,199,583,219
