object_probs,left,top,right,bottom
traffic light 0.56171,415,171,434,195
car 0.99716,525,447,832,609
car 0.99315,51,376,256,467
car 0.55206,614,181,641,199
car 0.51759,595,223,641,271
