object_probs,left,top,right,bottom
car 0.94884,145,315,265,398
car 0.94040,508,236,550,261
car 0.88474,550,212,583,238
car 0.63802,595,211,640,235
