object_probs,left,top,right,bottom
motorbike 0.86900,312,308,337,350
motorbike 0.83020,139,395,183,464
person 0.80725 motorbike 0.80112,355,266,376,304
car 0.91012,511,235,549,261
car 0.83600,551,212,582,237
car 0.58560,593,224,640,273
person 0.91068,138,384,181,448
person 0.90905,234,314,267,375
person 0.86772,306,264,327,300
person 0.69585,924,510,976,597
person 0.57229,308,257,327,285
