object_probs,left,top,right,bottom
motorbike 0.98205,346,388,433,437
motorbike 0.96978,663,427,757,488
motorbike 0.94328,144,368,204,411
car 0.99186,895,500,1074,651
car 0.78115,577,176,605,196
car 0.70399,592,221,640,269
car 0.60020,596,210,643,236
car 0.51237,813,210,908,243
person 0.96103,364,356,410,422
person 0.94170,691,394,740,469
person 0.66876,149,342,196,399
person 0.64268,648,235,666,269
person 0.60436,155,342,183,370
