object_probs,left,top,right,bottom
truck 0.65417,592,224,639,273
truck 0.61565,108,333,243,415
truck 0.59325,224,255,297,320
motorbike 0.59191,140,307,164,335
car 0.93168,508,236,548,263
car 0.65686,1032,490,1079,689
car 0.62271,547,215,585,239
car 0.52747,559,230,583,251
person 0.77536,360,252,377,282
person 0.61400,332,273,352,304
person 0.58180,138,299,161,332
