object_probs,left,top,right,bottom
truck 0.51461,594,224,640,273
car 0.93601,512,237,550,262
car 0.82374,550,212,585,238
car 0.53010,556,229,582,250
