object_probs,left,top,right,bottom
truck 0.99602,262,355,584,568
car 0.53484,620,178,648,199
person 0.69152,646,235,664,270
