object_probs,left,top,right,bottom
truck 0.58489,592,225,641,273
motorbike 0.80154,285,249,312,276
car 0.99934,821,450,1079,549
car 0.64184,514,227,558,247
car 0.51727,581,188,615,211
