object_probs,left,top,right,bottom
motorbike 0.71865,117,438,156,504
car 0.91742,511,238,550,261
car 0.84047,550,211,584,239
person 0.77073,118,420,154,486
