object_probs,left,top,right,bottom
motorbike 0.97135,379,450,474,509
car 0.90508,512,234,555,258
car 0.86709,551,207,597,233
car 0.86537,622,175,650,196
car 0.53777,592,222,640,272
car 0.50435,558,197,593,220
person 0.87568,402,410,450,497
person 0.63811,567,248,587,281
person 0.51531,647,229,664,269
