object_probs,left,top,right,bottom
motorbike 0.93791,147,382,219,441
motorbike 0.89808,434,437,527,502
motorbike 0.88850,342,384,412,435
motorbike 0.61583,291,247,316,271
car 0.97991,0,374,79,493
car 0.88117,541,441,849,622
car 0.58973,591,221,640,269
person 0.65850,153,360,198,423
person 0.62938,645,234,665,271
person 0.62550,346,359,380,388
person 0.61707,436,412,466,453
person 0.57936,292,240,315,266
person 0.56121,344,359,387,424
