object_probs,left,top,right,bottom
car 0.94663,0,432,110,584
car 0.92269,507,236,549,263
car 0.89003,547,210,586,239
car 0.61246,596,210,636,234
person 0.90147,210,267,237,305
