object_probs,left,top,right,bottom
truck 0.62648,0,395,130,551
truck 0.51798,594,224,642,273
motorbike 0.79902,270,327,297,371
motorbike 0.66122,163,419,205,477
car 0.98210,399,603,780,709
car 0.80185,509,234,552,261
car 0.73717,549,213,584,238
car 0.71770,120,295,223,378
car 0.51621,1,394,119,552
person 0.96288,162,395,205,465
person 0.81354,233,247,258,279
person 0.78687,270,315,293,349
person 0.72124,302,275,324,303
