object_probs,left,top,right,bottom
motorbike 0.91129,679,484,782,552
car 0.90022,509,233,555,259
car 0.76155,549,202,595,235
car 0.73520,621,179,649,199
person 0.85077,704,438,757,545
