object_probs,left,top,right,bottom
truck 0.54033,590,221,640,272
car 0.95976,184,300,294,372
car 0.92878,507,235,552,261
car 0.84606,549,213,583,241
