object_probs,left,top,right,bottom
car 0.97213,230,282,325,346
car 0.93259,507,234,552,262
car 0.92228,550,211,584,240
car 0.60824,597,210,639,234
car 0.53666,418,200,439,214
