object_probs,left,top,right,bottom
truck 0.54010,593,222,641,272
motorbike 0.87690,905,496,1046,578
car 0.92655,510,234,552,260
car 0.77833,548,203,592,238
person 0.80380,949,469,996,568
