object_probs,left,top,right,bottom
truck 0.53948,594,223,641,272
truck 0.52097,550,205,587,238
car 0.87333,510,235,551,261
