object_probs,left,top,right,bottom
truck 0.51406,594,223,641,272
car 0.89130,509,235,551,261
