object_probs,left,top,right,bottom
truck 0.85743,275,252,361,318
truck 0.85409,86,327,176,415
truck 0.52133,594,222,641,271
car 0.90246,507,235,550,262
car 0.69562,547,209,584,240
car 0.59994,595,209,641,235
