object_probs,left,top,right,bottom
car 0.93503,512,236,551,261
car 0.82392,549,211,585,237
car 0.61556,554,199,583,218
car 0.54013,557,229,582,250
