object_probs,left,top,right,bottom
car 0.99528,21,374,182,481
car 0.91831,507,236,549,261
car 0.86673,549,213,583,239
car 0.72264,368,236,403,265
car 0.61865,595,212,640,236
