object_probs,left,top,right,bottom
motorbike 0.50340,154,268,187,303
car 0.99955,462,410,714,517
car 0.84067,595,178,626,201
car 0.62057,532,220,565,241
car 0.58571,814,212,910,244
