object_probs,left,top,right,bottom
car 0.86014,510,235,551,261
car 0.57804,554,198,586,219
car 0.53266,549,206,587,237
