object_probs,left,top,right,bottom
truck 0.51714,594,224,640,272
motorbike 0.91103,293,307,318,343
motorbike 0.64399,149,442,199,505
motorbike 0.50361,316,272,341,304
car 0.91802,510,235,550,264
car 0.79676,1,345,135,449
car 0.60114,547,209,586,239
car 0.59705,972,612,1079,717
person 0.93701,148,408,198,495
person 0.90611,292,292,318,331
person 0.83757,188,351,217,386
person 0.62418,55,270,88,306
person 0.56777,316,243,337,283
