object_probs,left,top,right,bottom
motorbike 0.86476,282,304,306,349
motorbike 0.61473,309,288,332,316
car 0.89489,510,234,550,263
car 0.72862,930,606,1078,718
car 0.66132,0,350,123,466
car 0.56529,545,209,586,240
car 0.51097,453,192,489,216
person 0.85231,126,424,178,495
person 0.80317,311,272,334,308
person 0.56876,170,360,198,396
person 0.54525,305,249,325,277
person 0.54442,35,274,61,306
