object_probs,left,top,right,bottom
motorbike 0.95105,162,370,223,412
motorbike 0.95098,373,389,453,438
motorbike 0.90603,688,433,798,500
car 0.97551,929,506,1073,649
car 0.59888,592,222,639,269
car 0.56247,596,210,643,235
car 0.50782,579,177,602,196
person 0.87737,725,398,762,467
person 0.87717,385,360,430,423
person 0.72370,167,343,215,400
person 0.70554,648,235,666,270
