object_probs,left,top,right,bottom
truck 0.55050,593,224,640,272
motorbike 0.67230,116,268,151,302
motorbike 0.66577,328,288,351,319
motorbike 0.54611,194,403,237,458
car 0.90209,511,237,550,262
car 0.71691,47,327,165,427
car 0.63897,549,211,586,239
person 0.84543,230,320,249,350
person 0.84209,193,370,235,448
person 0.77611,330,270,352,306
