object_probs,left,top,right,bottom
truck 0.55200,594,223,640,272
car 0.90762,510,236,550,262
