object_probs,left,top,right,bottom
motorbike 0.81657,711,498,833,562
car 0.91780,510,233,553,259
car 0.74763,620,179,649,199
car 0.74088,548,201,597,236
person 0.87135,749,443,798,547
