object_probs,left,top,right,bottom
motorbike 0.97673,707,422,805,480
motorbike 0.97406,416,386,493,438
car 0.95650,0,370,94,497
car 0.58232,592,223,640,270
person 0.87441,732,391,779,465
person 0.82964,428,360,475,424
person 0.55752,647,235,665,271
