object_probs,left,top,right,bottom
truck 0.50373,593,224,640,271
car 0.89604,510,237,549,263
car 0.82017,548,210,584,237
car 0.54272,596,210,640,234
person 0.83835,162,290,187,328
