object_probs,left,top,right,bottom
truck 0.88318,289,254,366,310
truck 0.87634,104,324,193,405
truck 0.61730,594,223,641,272
truck 0.61340,545,208,586,241
car 0.90247,508,236,549,264
car 0.52366,770,634,1079,715
