object_probs,left,top,right,bottom
traffic light 0.61527,416,171,433,195
motorbike 0.70600,904,450,1038,504
motorbike 0.61964,268,247,293,278
car 0.99839,782,501,1072,663
car 0.99678,37,400,287,524
car 0.63564,565,227,586,252
car 0.61404,593,231,635,260
car 0.60341,595,213,640,237
person 0.89524,942,409,987,490
person 0.68614,647,235,665,270
