object_probs,left,top,right,bottom
motorbike 0.84278,125,307,158,349
car 0.92244,508,235,549,261
car 0.82942,547,210,584,237
car 0.62857,595,209,641,233
