object_probs,left,top,right,bottom
car 0.96933,98,333,230,428
car 0.93267,508,236,549,262
car 0.83665,550,211,585,238
car 0.52966,553,228,582,249
car 0.51423,813,213,910,244
