object_probs,left,top,right,bottom
truck 0.63142,594,222,642,273
car 0.99657,26,381,192,496
car 0.88059,509,234,549,261
car 0.63995,549,210,586,240
person 0.84421,245,255,267,288
