object_probs,left,top,right,bottom
car 0.99680,90,342,227,443
car 0.91548,508,235,550,261
car 0.85967,550,211,585,238
car 0.58409,572,250,597,279
car 0.55681,386,232,419,254
