object_probs,left,top,right,bottom
truck 0.56701,593,222,640,272
motorbike 0.71900,355,235,372,254
car 0.84469,513,231,557,251
car 0.77098,577,190,613,212
