object_probs,left,top,right,bottom
car 0.90488,510,237,549,262
car 0.76233,550,212,584,240
car 0.60469,553,230,580,252
