object_probs,left,top,right,bottom
truck 0.58181,594,223,640,273
car 0.89493,510,236,551,261
car 0.72001,550,211,585,240
car 0.60545,554,229,580,253
person 0.52503,58,463,98,534
