object_probs,left,top,right,bottom
motorbike 0.76093,155,309,183,341
car 0.88790,508,236,549,263
car 0.81916,548,210,585,237
person 0.87244,152,282,186,339
