object_probs,left,top,right,bottom
truck 0.59104,594,223,640,273
truck 0.51070,548,207,587,238
car 0.89851,509,234,551,262
