object_probs,left,top,right,bottom
car 0.92877,511,237,550,261
car 0.84571,549,211,584,239
