object_probs,left,top,right,bottom
traffic light 0.65363,416,171,433,195
car 0.99912,368,436,662,582
car 0.99627,0,365,154,458
