object_probs,left,top,right,bottom
motorbike 0.85358,880,426,976,487
motorbike 0.80519,90,366,150,411
motorbike 0.61923,180,266,212,295
car 0.89451,171,402,431,543
person 0.88524,181,256,209,288
person 0.64522,91,342,135,402
person 0.57083,182,380,208,414
person 0.54603,96,341,124,370
