object_probs,left,top,right,bottom
truck 0.52631,594,223,640,272
motorbike 0.51922,0,513,56,664
car 0.86655,510,236,551,261
car 0.79216,549,212,584,240
car 0.61768,555,230,581,252
