object_probs,left,top,right,bottom
truck 0.52445,594,224,641,271
motorbike 0.63635,326,283,350,321
motorbike 0.58899,190,402,235,461
motorbike 0.56597,114,269,145,302
car 0.90168,511,236,551,262
car 0.73917,549,210,586,239
person 0.78718,227,323,246,349
person 0.78229,184,379,223,442
person 0.58026,328,271,353,305
