object_probs,left,top,right,bottom
traffic light 0.50653,414,170,434,197
motorbike 0.93432,731,421,817,477
motorbike 0.93005,296,374,378,437
motorbike 0.82024,878,489,977,545
motorbike 0.81990,509,414,599,493
car 0.99868,176,423,425,552
car 0.69293,595,213,638,236
car 0.64252,591,231,636,261
person 0.81618,878,456,928,532
person 0.73232,647,234,666,270
person 0.57847,303,352,348,420
person 0.56509,735,401,813,468
person 0.54564,902,461,947,533
person 0.52785,512,401,590,470
