object_probs,left,top,right,bottom
truck 0.84175,271,255,360,320
truck 0.83544,81,329,171,421
car 0.91500,505,235,550,263
car 0.79361,546,210,586,240
car 0.66372,596,210,641,234
