object_probs,left,top,right,bottom
motorbike 0.75752,251,332,278,371
motorbike 0.73553,61,402,110,502
car 0.92046,511,237,551,261
car 0.74669,551,213,584,238
person 0.87544,61,389,112,477
person 0.50517,253,315,277,351
