object_probs,left,top,right,bottom
truck 0.56171,594,225,640,273
car 0.83644,512,238,550,261
car 0.66117,548,211,585,240
