object_probs,left,top,right,bottom
truck 0.98712,288,362,630,569
motorbike 0.63424,569,394,662,476
motorbike 0.59607,115,397,190,451
car 0.56081,591,224,639,271
person 0.65025,646,234,665,271
