object_probs,left,top,right,bottom
motorbike 0.93553,526,466,628,530
motorbike 0.51655,272,244,295,277
car 0.88823,511,234,556,259
car 0.81224,622,176,653,198
car 0.80226,551,204,595,235
car 0.65573,556,196,593,221
car 0.61348,592,223,641,272
car 0.55186,811,212,911,245
person 0.83107,552,426,601,522
person 0.57454,568,249,587,281
