object_probs,left,top,right,bottom
truck 0.51398,593,224,640,272
car 0.89787,509,235,551,262
