object_probs,left,top,right,bottom
car 0.88348,507,233,549,260
car 0.80178,328,251,383,298
car 0.79632,549,210,586,238
car 0.58095,814,213,911,244
car 0.57031,598,212,639,235
car 0.50722,556,230,582,252
car 0.50011,569,250,589,280
