object_probs,left,top,right,bottom
truck 0.56394,594,224,641,273
car 0.84452,549,213,583,239
car 0.83395,511,237,550,261
car 0.50276,554,229,580,251
