object_probs,left,top,right,bottom
truck 0.89500,17,360,126,453
truck 0.51561,545,208,586,240
car 0.93852,506,235,550,264
car 0.89338,249,272,337,338
car 0.57700,599,209,639,233
person 0.60750,216,274,236,307
