object_probs,left,top,right,bottom
truck 0.62314,594,222,641,272
motorbike 0.59755,231,267,253,296
car 0.99295,0,398,160,523
car 0.89097,509,235,549,262
car 0.64985,548,209,587,240
person 0.67637,232,258,254,290
