object_probs,left,top,right,bottom
car 0.93881,512,236,551,261
car 0.81509,549,211,586,238
car 0.53077,554,200,584,219
car 0.51524,557,229,583,250
