object_probs,left,top,right,bottom
car 0.99066,94,339,229,439
car 0.91996,507,235,550,261
car 0.84025,550,211,585,238
