object_probs,left,top,right,bottom
motorbike 0.97908,384,391,472,439
motorbike 0.95710,175,370,234,413
motorbike 0.94380,709,433,815,502
car 0.97593,946,509,1075,648
car 0.63636,592,231,636,261
car 0.57362,597,211,641,235
person 0.95870,403,359,447,422
person 0.85163,745,399,782,466
person 0.70812,648,235,666,269
person 0.62312,182,348,214,383
person 0.53693,182,344,208,370
