object_probs,left,top,right,bottom
truck 0.51842,594,225,640,273
car 0.86100,511,239,550,262
car 0.74683,549,214,585,240
car 0.51178,553,229,580,251
