object_probs,left,top,right,bottom
truck 0.56119,594,222,641,272
car 0.92125,505,234,549,260
car 0.88688,317,258,382,311
car 0.79478,549,211,585,239
car 0.57357,597,213,639,236
car 0.56224,456,192,488,214
