object_probs,left,top,right,bottom
car 0.98168,284,278,356,327
car 0.89525,506,234,549,261
car 0.83240,549,212,586,238
car 0.56382,363,234,391,253
car 0.51629,570,249,589,281
