object_probs,left,top,right,bottom
truck 0.54523,593,223,641,272
car 0.96084,297,270,363,318
car 0.89247,507,234,549,261
car 0.75114,549,214,584,239
car 0.53634,365,234,395,251
