object_probs,left,top,right,bottom
car 0.58881 motorbike 0.56213,563,231,582,255
car 0.99855,130,415,394,542
car 0.85321,948,497,1078,662
car 0.74665,592,233,637,262
car 0.55861,618,177,642,194
car 0.51445,457,192,486,214
person 0.68838,647,235,666,270
person 0.51819,521,231,534,256
