object_probs,left,top,right,bottom
truck 0.78426,170,296,239,364
truck 0.72245,320,237,394,295
truck 0.56933,593,224,641,272
motorbike 0.85649,59,352,94,391
car 0.89530,509,235,549,263
car 0.84746,981,593,1079,719
car 0.65031,547,210,587,240
person 0.79354,56,326,95,382
