object_probs,left,top,right,bottom
truck 0.56114,593,222,640,272
motorbike 0.51946,352,236,370,255
car 0.82831,513,230,557,251
car 0.77579,576,188,614,212
