object_probs,left,top,right,bottom
car 0.93910,511,236,549,262
car 0.81046,550,212,584,239
