object_probs,left,top,right,bottom
truck 0.51946,589,222,640,272
car 0.97222,176,306,275,383
car 0.93318,509,235,552,261
car 0.84641,551,213,583,239
car 0.52550,594,212,638,235
