object_probs,left,top,right,bottom
traffic light 0.60062,415,170,433,195
car 0.99790,580,425,839,532
car 0.77333,594,178,624,201
car 0.55291,530,220,566,242
person 0.66238,206,260,230,285
