object_probs,left,top,right,bottom
truck 0.51947,590,224,640,273
car 0.95854,208,293,302,361
car 0.92862,508,236,551,262
car 0.79031,549,212,585,241
car 0.51949,552,228,582,247
