object_probs,left,top,right,bottom
motorbike 0.73053,581,271,604,300
car 0.98459,260,274,338,329
car 0.91619,509,234,554,260
car 0.90102,550,212,584,239
car 0.66522,455,193,486,214
car 0.63609,595,212,637,234
car 0.60421,591,231,638,261
car 0.59742,420,202,440,215
