object_probs,left,top,right,bottom
car 0.90607,511,236,550,261
car 0.81713,549,211,583,241
car 0.61106,813,212,911,243
