object_probs,left,top,right,bottom
traffic light 0.62288,416,171,433,195
motorbike 0.93469,553,437,660,498
motorbike 0.92099,931,482,1043,547
motorbike 0.86505,589,405,678,459
motorbike 0.77511,48,380,112,428
car 0.99967,257,428,505,558
car 0.56313,614,188,646,211
car 0.54727,591,223,638,271
person 0.93035,610,371,657,447
person 0.62582,61,352,87,387
person 0.53103,970,450,1003,532
