object_probs,left,top,right,bottom
car 0.93798,511,236,549,262
car 0.81115,550,212,584,239
