object_probs,left,top,right,bottom
motorbike 0.98057,357,404,446,459
motorbike 0.95284,158,369,221,415
motorbike 0.87294,962,476,1079,543
motorbike 0.71868,0,335,37,396
car 0.99303,606,475,873,627
car 0.75630,592,222,640,271
person 0.96736,383,370,428,444
person 0.84096,166,345,215,403
