object_probs,left,top,right,bottom
motorbike 0.71554,121,331,148,359
car 0.92746,508,235,549,262
car 0.82824,550,212,584,237
car 0.61506,595,210,639,234
person 0.85151,117,309,146,350
