object_probs,left,top,right,bottom
motorbike 0.97708,360,443,455,510
motorbike 0.51024,242,250,271,283
car 0.90620,512,234,555,258
car 0.86694,622,175,651,197
car 0.86088,552,206,598,233
car 0.53803,592,222,640,272
car 0.53368,557,197,594,220
person 0.90315,384,407,429,498
person 0.66909,567,248,587,282
