object_probs,left,top,right,bottom
truck 0.52855,593,225,640,273
car 0.88694,511,238,550,262
car 0.69827,550,214,584,239
