object_probs,left,top,right,bottom
truck 0.60912,594,221,641,273
car 0.96742,168,325,280,400
car 0.92257,510,236,547,261
car 0.80136,317,246,363,278
car 0.78909,549,213,583,239
car 0.71054,291,239,316,263
car 0.51153,570,251,589,280
