object_probs,left,top,right,bottom
car 0.99797,30,369,189,472
car 0.91815,507,236,549,261
car 0.85804,549,214,583,239
car 0.55810,369,242,401,277
car 0.55292,595,212,639,236
