object_probs,left,top,right,bottom
motorbike 0.89813,694,361,741,411
car 0.94696,547,211,585,240
car 0.90339,506,233,550,262
car 0.76439,596,212,634,236
car 0.73971,593,231,637,262
car 0.72525,454,192,489,215
