object_probs,left,top,right,bottom
car 0.91665,510,234,550,261
car 0.68872,548,207,587,238
