object_probs,left,top,right,bottom
motorbike 0.76389,240,256,270,283
car 0.99934,678,435,928,543
car 0.72783,522,220,564,245
car 0.67657,589,178,624,201
