object_probs,left,top,right,bottom
truck 0.50021,594,223,640,273
motorbike 0.61634,143,423,182,483
car 0.92135,510,236,548,261
car 0.67872,549,212,584,239
person 0.78535,145,398,179,463
