object_probs,left,top,right,bottom
car 0.92686,509,235,553,261
car 0.64420,547,204,589,238
