object_probs,left,top,right,bottom
car 0.99976,413,411,652,506
car 0.83295,528,220,567,241
car 0.57397,592,224,640,272
car 0.56206,566,245,590,275
person 0.50926,506,234,521,263
