object_probs,left,top,right,bottom
truck 0.59852,96,308,202,394
car 0.92620,249,646,690,715
car 0.86177,551,211,583,236
car 0.85420,512,235,550,260
car 0.58658,595,210,640,234
person 0.82044,97,432,145,512
person 0.79714,201,252,226,285
person 0.58980,247,325,279,387
