object_probs,left,top,right,bottom
motorbike 0.96146,467,443,562,503
motorbike 0.94940,174,382,249,446
motorbike 0.94501,371,389,444,436
car 0.95414,0,372,104,494
car 0.84337,596,449,907,636
car 0.73171,592,220,640,269
person 0.81478,379,362,424,421
person 0.57455,488,410,533,486
person 0.55651,646,234,665,271
person 0.55638,188,364,235,422
person 0.55571,302,239,328,264
person 0.52304,407,373,437,403
