object_probs,left,top,right,bottom
truck 0.51450,593,224,640,273
car 0.89900,511,237,549,262
car 0.71630,550,213,584,239
car 0.63056,553,230,580,252
