object_probs,left,top,right,bottom
motorbike 0.94183,680,456,787,521
motorbike 0.92924,459,386,554,447
motorbike 0.87238,897,422,987,488
person 0.56817,690,440,780,516
car 0.99847,324,429,598,578
car 0.65018,567,210,603,237
car 0.65012,595,213,638,235
car 0.60243,591,230,637,260
car 0.56033,0,395,21,471
person 0.81088,469,362,514,430
person 0.71433,647,234,667,271
person 0.54667,696,417,741,494
