object_probs,left,top,right,bottom
truck 0.88725,0,396,67,504
truck 0.87320,288,236,351,286
motorbike 0.55854,172,303,198,338
car 0.92953,508,236,549,264
car 0.73351,214,283,318,350
car 0.68626,546,210,587,241
car 0.59088,598,210,640,234
car 0.54182,595,231,636,262
car 0.51995,555,229,582,252
person 0.62601,345,286,365,325
person 0.61139,172,296,197,333
