object_probs,left,top,right,bottom
car 0.90495,511,237,550,261
car 0.76682,550,212,584,239
car 0.52954,813,213,911,243
