object_probs,left,top,right,bottom
car 0.87765,510,236,549,262
car 0.86648,547,209,584,237
car 0.62283,595,210,640,234
person 0.68560,150,288,185,339
