object_probs,left,top,right,bottom
traffic light 0.64996,416,171,433,195
car 0.99875,349,433,634,575
car 0.99790,0,361,135,459
