object_probs,left,top,right,bottom
traffic light 0.59829,415,171,434,195
truck 0.58893,595,223,642,270
car 0.99903,108,383,316,479
car 0.99803,632,470,947,628
car 0.68590,560,236,582,267
