object_probs,left,top,right,bottom
truck 0.62444,592,224,639,272
car 0.90454,516,234,554,254
car 0.72576,576,191,607,210
car 0.53082,568,248,587,278
