object_probs,left,top,right,bottom
car 0.97289,0,426,125,579
car 0.87571,508,235,549,262
car 0.86023,547,210,586,239
car 0.62028,596,210,637,234
person 0.69303,211,266,239,304
