object_probs,left,top,right,bottom
truck 0.53822,590,221,640,272
car 0.95743,184,299,293,372
car 0.92905,507,234,552,261
car 0.84615,549,213,583,241
