object_probs,left,top,right,bottom
truck 0.58474,593,224,641,273
car 0.99485,14,382,184,499
car 0.88920,508,235,549,262
car 0.52075,548,210,587,240
person 0.72108,245,257,265,286
