object_probs,left,top,right,bottom
truck 0.57275,592,225,641,273
motorbike 0.80349,285,249,312,276
car 0.99934,821,450,1079,549
car 0.64474,514,227,558,247
car 0.51759,581,188,615,211
