object_probs,left,top,right,bottom
truck 0.99111,519,373,886,616
motorbike 0.95374,61,379,132,436
motorbike 0.89868,318,417,400,476
motorbike 0.60812,104,360,168,407
car 0.92311,0,385,78,486
car 0.67614,620,181,646,199
car 0.52728,458,191,487,214
person 0.71283,111,339,158,399
person 0.59747,115,335,146,370
person 0.58209,342,397,388,468
person 0.54943,647,235,667,270
person 0.52597,65,361,116,427
