object_probs,left,top,right,bottom
motorbike 0.80764,927,501,1058,583
car 0.92875,509,234,552,260
car 0.82806,549,203,591,238
person 0.81849,976,467,1031,570
