object_probs,left,top,right,bottom
car 0.98156,140,319,262,408
car 0.94944,507,234,550,261
car 0.89290,550,211,583,238
car 0.66824,596,211,640,235
