object_probs,left,top,right,bottom
motorbike 0.95635,519,401,612,455
motorbike 0.85873,836,441,941,495
motorbike 0.62925,316,239,340,261
car 0.94267,0,379,173,515
car 0.51639,574,177,605,198
car 0.50578,592,223,641,271
person 0.79688,863,409,909,468
person 0.74057,541,371,593,442
person 0.62434,647,234,666,270
