object_probs,left,top,right,bottom
motorbike 0.95128,162,370,223,412
motorbike 0.95061,373,389,453,438
motorbike 0.90769,688,433,798,500
car 0.97514,929,506,1073,649
car 0.60533,592,222,639,269
car 0.56031,596,210,643,235
car 0.50250,579,177,602,197
person 0.87739,725,398,762,467
person 0.87645,385,360,430,423
person 0.72828,167,343,215,400
person 0.70471,648,235,666,270
