object_probs,left,top,right,bottom
motorbike 0.94581,635,410,726,463
motorbike 0.93070,978,442,1079,501
car 0.96509,19,387,246,519
car 0.62254,592,223,640,270
person 0.93355,657,378,703,447
person 0.60466,984,420,1071,494
person 0.53267,646,235,665,270
