object_probs,left,top,right,bottom
motorbike 0.89742,64,380,129,433
motorbike 0.86029,244,366,314,421
motorbike 0.84749,333,426,406,481
motorbike 0.59528,258,247,287,279
car 0.92036,400,430,686,587
car 0.56391,593,222,640,270
person 0.77349,254,358,302,418
person 0.73706,69,356,118,428
