object_probs,left,top,right,bottom
truck 0.66461,593,221,641,272
car 0.90939,515,233,556,253
car 0.65084,578,193,610,213
car 0.53530,568,248,588,278
