object_probs,left,top,right,bottom
motorbike 0.97337,180,391,260,439
motorbike 0.90126,741,459,848,522
motorbike 0.80312,44,349,103,397
motorbike 0.71493,773,425,871,481
person 0.56604,49,342,97,395
car 0.99644,391,455,682,577
car 0.57130,592,223,639,271
person 0.90373,200,357,240,418
person 0.72596,804,396,846,466
person 0.70832,56,337,85,368
person 0.67961,203,357,229,396
