object_probs,left,top,right,bottom
truck 0.63472,594,222,641,273
car 0.98822,0,391,180,522
car 0.89209,509,235,548,262
car 0.65303,549,210,586,240
car 0.50946,557,230,583,253
person 0.76316,234,257,256,292
