object_probs,left,top,right,bottom
car 0.90333,507,233,550,261
car 0.87393,300,265,372,317
car 0.75347,548,213,584,240
car 0.58673,454,191,490,215
