object_probs,left,top,right,bottom
motorbike 0.90246,879,483,983,543
motorbike 0.87254,504,438,609,494
motorbike 0.86367,16,380,78,427
motorbike 0.76785,547,401,637,454
car 0.99965,222,423,463,555
car 0.61951,591,223,639,270
car 0.50132,814,210,908,243
person 0.83678,567,369,615,424
person 0.60132,26,346,72,400
person 0.55200,647,234,668,271
