object_probs,left,top,right,bottom
car 0.93490,511,236,550,262
car 0.82454,550,210,584,240
car 0.54988,812,212,912,243
car 0.52723,595,232,636,264
