object_probs,left,top,right,bottom
traffic light 0.54752,415,170,434,196
motorbike 0.95245,484,418,578,489
motorbike 0.93683,700,422,787,475
motorbike 0.91927,848,494,957,544
motorbike 0.91057,266,364,347,425
car 0.99580,149,412,402,543
car 0.64690,595,212,640,235
car 0.61703,591,230,636,260
person 0.74010,647,234,666,270
person 0.67504,280,353,327,421
person 0.62703,844,455,923,532
person 0.59591,713,392,762,462
person 0.55941,488,402,568,470
