object_probs,left,top,right,bottom
car 0.95837,243,278,330,341
car 0.94456,548,211,585,239
car 0.92704,508,234,553,261
car 0.73217,595,211,638,235
car 0.60766,455,193,486,214
