object_probs,left,top,right,bottom
motorbike 0.87922,272,328,298,365
motorbike 0.71343,128,339,166,398
person 0.78122 motorbike 0.71183,245,270,266,300
motorbike 0.62103,186,376,224,442
car 0.85001,511,235,552,261
car 0.73208,549,210,584,238
person 0.88293,271,273,294,305
person 0.87946,186,355,224,430
person 0.77355,202,310,233,349
person 0.76929,271,310,297,346
person 0.60367,186,342,222,396
person 0.51464,271,291,295,321
person 0.50569,129,333,153,367
