object_probs,left,top,right,bottom
traffic light 0.66761,416,171,433,195
car 0.99857,363,434,641,576
car 0.99852,0,364,146,459
