object_probs,left,top,right,bottom
truck 0.66161,593,222,641,273
motorbike 0.58342,334,238,355,259
car 0.89545,1032,434,1079,558
car 0.80652,516,231,556,251
car 0.76712,579,188,615,210
car 0.60066,573,175,613,198
