object_probs,left,top,right,bottom
truck 0.78446,160,297,236,366
truck 0.67512,313,240,385,295
truck 0.57329,594,224,641,272
motorbike 0.82412,47,339,89,395
car 0.88047,508,235,549,263
car 0.58909,554,231,582,253
person 0.74075,47,326,87,385
