object_probs,left,top,right,bottom
motorbike 0.52541,159,397,196,461
car 0.89806,510,236,549,261
car 0.69490,549,210,584,241
person 0.75773,159,381,194,445
