object_probs,left,top,right,bottom
car 0.93554,512,236,551,261
car 0.79956,549,211,586,237
car 0.56166,554,200,584,219
car 0.51903,557,230,583,250
