object_probs,left,top,right,bottom
truck 0.57350,594,223,640,273
car 0.90536,510,235,550,262
