object_probs,left,top,right,bottom
traffic light 0.54472,414,170,434,195
car 0.99885,293,397,528,500
car 0.95198,944,500,1073,648
car 0.81347,532,218,569,238
car 0.71416,565,245,588,275
car 0.67663,604,179,628,199
car 0.50130,594,223,642,271
person 0.61868,507,233,523,263
