object_probs,left,top,right,bottom
traffic light 0.57296,414,169,433,196
car 0.99814,618,430,868,543
car 0.70686,592,179,625,201
car 0.67048,524,220,564,243
