object_probs,left,top,right,bottom
motorbike 0.96626,815,429,909,482
motorbike 0.72452,56,360,113,411
motorbike 0.70147,159,267,192,300
car 0.94363,123,397,387,535
car 0.59934,592,222,641,271
person 0.91245,839,401,883,465
person 0.66217,57,342,101,401
person 0.63618,60,341,90,367
person 0.58102,646,234,664,270
person 0.54708,146,378,172,406
