object_probs,left,top,right,bottom
truck 0.86931,234,254,301,317
truck 0.73314,127,323,260,412
truck 0.68026,594,221,641,274
truck 0.54008,544,207,587,240
motorbike 0.58386,17,358,55,419
car 0.87092,507,237,549,263
person 0.67684,368,252,383,286
