object_probs,left,top,right,bottom
truck 0.56328,594,224,641,272
car 0.89236,510,236,548,262
car 0.70485,549,210,585,237
person 0.74430,169,285,200,328
