object_probs,left,top,right,bottom
car 0.99626,68,348,209,450
car 0.91806,507,236,550,261
car 0.88457,550,211,584,238
car 0.67119,572,250,597,279
car 0.61092,596,212,639,236
