object_probs,left,top,right,bottom
motorbike 0.96591,503,403,601,456
motorbike 0.94621,884,449,990,508
motorbike 0.94471,262,367,334,422
car 0.58663,592,233,636,262
car 0.50933,597,209,641,232
person 0.92686,527,369,575,441
person 0.82861,921,416,958,494
person 0.70760,646,236,664,270
