object_probs,left,top,right,bottom
traffic light 0.59367,413,170,433,194
car 0.99932,304,401,540,499
car 0.95405,967,499,1079,648
car 0.84527,530,219,569,239
car 0.80157,565,245,589,275
car 0.68043,604,179,628,199
