object_probs,left,top,right,bottom
truck 0.56893,594,221,640,273
car 0.89453,509,236,549,261
car 0.69337,548,210,585,240
person 0.55694,167,377,201,443
