object_probs,left,top,right,bottom
car 0.93653,510,236,549,262
car 0.75420,549,207,586,237
car 0.50315,554,199,584,220
