object_probs,left,top,right,bottom
car 0.92021,510,237,550,261
car 0.82979,549,211,584,239
