object_probs,left,top,right,bottom
car 0.91566,333,250,384,298
car 0.90715,506,233,549,261
car 0.85098,549,210,586,238
car 0.65334,597,212,639,236
car 0.52019,814,212,909,244
