object_probs,left,top,right,bottom
car 0.98402,172,311,274,387
car 0.93503,509,236,552,261
car 0.87195,551,212,583,239
car 0.53310,594,212,638,234
