object_probs,left,top,right,bottom
car 0.90468,508,235,553,262
car 0.57198,547,205,589,238
