object_probs,left,top,right,bottom
truck 0.53017,594,225,640,273
car 0.84627,511,237,550,261
car 0.71847,548,211,585,240
