object_probs,left,top,right,bottom
truck 0.50118,593,223,640,273
car 0.86330,510,236,551,261
car 0.76023,549,211,584,239
car 0.51853,553,229,581,252
person 0.74447,80,452,119,537
