object_probs,left,top,right,bottom
truck 0.63872,594,223,642,273
car 0.91102,509,235,550,262
car 0.67053,550,210,585,237
car 0.58409,559,230,583,253
person 0.67822,175,285,203,328
