object_probs,left,top,right,bottom
motorbike 0.68884,73,406,122,501
motorbike 0.57059,259,332,284,365
car 0.92788,511,238,549,261
car 0.79506,551,213,584,239
person 0.74920,261,310,285,349
