object_probs,left,top,right,bottom
car 0.93864,511,237,549,262
car 0.80847,550,211,584,239
