object_probs,left,top,right,bottom
truck 0.59054,593,223,641,272
car 0.99576,0,390,177,514
car 0.89035,509,235,549,262
car 0.62651,549,210,586,240
person 0.64495,234,258,258,289
