object_probs,left,top,right,bottom
truck 0.56963,592,223,639,271
motorbike 0.60045,29,405,99,462
car 0.91715,513,233,556,255
car 0.79192,624,175,652,197
car 0.76037,575,188,607,207
