object_probs,left,top,right,bottom
motorbike 0.95943,299,398,386,455
motorbike 0.91954,121,369,183,411
motorbike 0.80494,890,478,1009,541
motorbike 0.77329,942,430,1032,484
car 0.98922,533,457,807,606
car 0.50586,591,224,639,270
person 0.92514,322,366,362,425
person 0.76035,128,344,175,402
person 0.74648,961,400,1003,472
