object_probs,left,top,right,bottom
motorbike 0.71449,882,499,1018,579
car 0.92854,510,234,552,260
car 0.81773,547,202,593,238
car 0.50018,622,179,649,199
person 0.89130,927,467,974,573
