object_probs,left,top,right,bottom
motorbike 0.88004,699,359,744,411
motorbike 0.83381,665,330,694,368
motorbike 0.71171,614,310,641,350
person 0.65548,699,336,742,406
