object_probs,left,top,right,bottom
traffic light 0.72885,416,172,433,194
car 0.89517,507,233,552,262
car 0.89162,548,210,586,241
car 0.65436,596,212,636,235
car 0.62677,593,230,637,261
car 0.61913,625,176,647,195
