object_probs,left,top,right,bottom
traffic light 0.51266,416,171,434,194
motorbike 0.88999,699,359,743,411
motorbike 0.88360,665,331,692,366
motorbike 0.77248,615,310,642,347
motorbike 0.64824,616,328,641,360
car 0.95204,536,208,581,250
car 0.86886,496,231,544,272
car 0.76370,568,260,629,312
car 0.70834,571,242,628,291
car 0.50587,578,231,634,256
person 0.72147,700,336,743,407
person 0.55773,616,294,640,327
