object_probs,left,top,right,bottom
motorbike 0.87137,675,337,718,402
motorbike 0.52339,621,268,650,310
car 0.94208,544,209,585,239
car 0.93093,507,231,554,262
car 0.84787,590,213,640,237
car 0.66306,590,231,632,256
car 0.65419,583,248,629,279
car 0.58819,624,176,647,195
person 0.75082,677,318,717,389
