object_probs,left,top,right,bottom
traffic light 0.65096,417,171,433,195
car 0.94152,509,234,553,262
car 0.92048,548,211,585,241
car 0.72378,595,211,636,236
car 0.61129,592,230,637,261
