object_probs,left,top,right,bottom
motorbike 0.86839,701,356,745,412
motorbike 0.81656,665,330,693,369
motorbike 0.65073,615,310,641,349
person 0.65028,699,335,743,407
