object_probs,left,top,right,bottom
traffic light 0.60643,417,172,433,194
car 0.94269,508,233,553,263
car 0.92263,547,210,587,240
car 0.77030,594,232,636,260
car 0.73184,597,210,637,235
