object_probs,left,top,right,bottom
traffic light 0.67101,417,171,433,195
car 0.94111,509,234,553,262
car 0.91075,548,211,585,241
car 0.71471,596,212,635,236
car 0.61113,592,229,636,261
