object_probs,left,top,right,bottom
traffic light 0.66535,417,172,433,194
car 0.94305,548,211,585,240
car 0.94247,506,234,553,263
car 0.85329,592,232,634,260
car 0.74395,596,210,637,235
