object_probs,left,top,right,bottom
motorbike 0.87542,700,358,745,411
motorbike 0.70306,665,332,694,367
motorbike 0.52142,606,302,643,356
person 0.52543,700,336,744,407
