object_probs,left,top,right,bottom
traffic light 0.67819,416,171,433,194
car 0.94535,547,211,585,240
car 0.92339,509,233,553,261
car 0.75703,595,212,637,235
car 0.59627,592,229,636,260
