object_probs,left,top,right,bottom
traffic light 0.51266,416,171,434,194
motorbike 0.88971,699,359,743,411
motorbike 0.88339,665,331,692,366
motorbike 0.77192,615,310,642,347
motorbike 0.64680,616,328,641,360
car 0.95193,536,208,581,250
car 0.86822,496,231,544,272
car 0.76368,568,260,629,312
car 0.70840,571,242,628,291
car 0.50576,578,231,634,256
person 0.72115,700,336,743,407
person 0.55690,616,294,640,327
