object_probs,left,top,right,bottom
traffic light 0.57251,417,171,434,194
motorbike 0.91644,638,327,665,365
motorbike 0.57132,626,271,650,306
motorbike 0.55469,996,441,1075,513
motorbike 0.53103,625,289,648,317
car 0.92348,501,230,548,271
car 0.87359,539,206,586,241
car 0.82014,573,247,623,292
car 0.71437,585,214,639,239
car 0.55379,455,191,489,215
car 0.50172,577,219,637,264
person 0.50147,634,300,668,361
