object_probs,left,top,right,bottom
car 0.95439,548,211,584,241
car 0.93363,508,234,551,263
car 0.69816,595,212,636,236
car 0.66463,625,176,647,195
car 0.65248,592,229,637,261
