object_probs,left,top,right,bottom
motorbike 0.86244,700,357,744,412
motorbike 0.80933,665,330,694,367
motorbike 0.67109,606,302,643,356
person 0.56219,700,335,743,408
