object_probs,left,top,right,bottom
motorbike 0.88676,699,358,744,411
motorbike 0.82933,665,331,693,368
motorbike 0.68981,606,302,644,356
person 0.63849,699,335,744,408
