object_probs,left,top,right,bottom
traffic light 0.66850,417,172,433,195
car 0.94288,507,233,553,263
car 0.92164,547,210,587,240
car 0.76100,593,231,637,260
car 0.73741,596,210,638,235
