object_probs,left,top,right,bottom
motorbike 0.86435,701,357,744,412
motorbike 0.83044,665,331,693,369
motorbike 0.65233,615,309,641,348
person 0.60835,700,335,743,408
