object_probs,left,top,right,bottom
traffic light 0.57270,416,170,435,194
motorbike 0.89881,699,360,744,411
motorbike 0.88972,665,332,692,365
motorbike 0.80001,615,310,642,347
motorbike 0.64811,616,328,641,360
car 0.90537,530,207,585,243
car 0.62961,568,259,628,310
car 0.61812,492,224,541,273
person 0.71118,700,336,743,406
person 0.59329,617,294,640,326
