object_probs,left,top,right,bottom
motorbike 0.87187,699,356,744,412
motorbike 0.78770,665,329,693,368
motorbike 0.69870,606,301,643,356
person 0.53816,699,334,743,409
