object_probs,left,top,right,bottom
motorbike 0.62327,628,330,655,362
motorbike 0.59538,627,312,654,347
car 0.95290,506,232,554,262
car 0.94637,545,210,586,240
car 0.85857,592,211,638,236
car 0.67258,589,249,630,273
car 0.66415,813,211,909,242
car 0.64082,591,233,632,258
person 0.60187,635,292,658,325
