object_probs,left,top,right,bottom
motorbike 0.87055,701,357,744,412
motorbike 0.81487,665,330,693,368
motorbike 0.67669,613,310,641,350
person 0.51572,700,335,743,408
