object_probs,left,top,right,bottom
motorbike 0.79412,686,355,729,413
motorbike 0.59085,621,288,643,318
car 0.94049,507,231,554,262
car 0.94023,544,209,585,239
car 0.81798,590,213,639,237
car 0.69124,586,231,631,257
car 0.59944,454,192,486,213
person 0.66409,687,333,728,407
