object_probs,left,top,right,bottom
motorbike 0.86629,700,358,744,411
motorbike 0.85091,665,331,694,368
motorbike 0.69411,615,310,641,348
person 0.63163,700,335,742,406
