object_probs,left,top,right,bottom
motorbike 0.85422,700,357,746,412
motorbike 0.78210,665,331,694,368
motorbike 0.60307,616,311,642,347
person 0.70040,699,335,743,407
