object_probs,left,top,right,bottom
traffic light 0.51206,416,171,434,194
motorbike 0.89009,699,359,743,411
motorbike 0.88367,665,331,692,366
motorbike 0.77246,615,310,642,347
motorbike 0.64759,616,328,641,360
car 0.95205,536,208,581,250
car 0.86895,496,231,544,272
car 0.76384,568,260,629,312
car 0.70840,571,242,628,291
car 0.50583,578,231,634,256
person 0.72091,700,336,743,407
person 0.55749,616,294,640,327
