object_probs,left,top,right,bottom
traffic light 0.57843,417,172,433,194
motorbike 0.85921,615,291,638,324
car 0.95048,546,211,586,240
car 0.93311,507,234,554,263
car 0.83290,594,212,641,237
car 0.78651,593,231,632,257
car 0.58650,814,210,908,243
person 0.61501,618,269,641,305
