object_probs,left,top,right,bottom
traffic light 0.68561,417,171,433,195
car 0.93863,509,234,553,262
car 0.90932,548,211,585,241
car 0.72510,595,212,635,235
car 0.61050,592,229,636,261
