object_probs,left,top,right,bottom
traffic light 0.51321,416,171,434,194
motorbike 0.89014,699,359,743,411
motorbike 0.88411,665,331,692,366
motorbike 0.77458,615,310,642,347
motorbike 0.65331,616,329,641,360
car 0.95071,536,208,581,250
car 0.87034,496,231,544,272
car 0.75508,568,260,629,311
car 0.70749,571,242,628,291
car 0.50986,578,231,634,256
person 0.71380,700,336,743,407
person 0.56825,616,294,640,326
