object_probs,left,top,right,bottom
traffic light 0.51404,416,171,434,194
motorbike 0.88985,699,359,743,411
motorbike 0.88353,665,331,692,366
motorbike 0.77238,615,310,642,347
motorbike 0.64779,616,328,641,360
car 0.95197,536,208,581,250
car 0.86872,496,231,544,272
car 0.76410,568,260,629,312
car 0.70879,571,242,628,291
car 0.50426,578,231,634,256
person 0.72139,700,336,743,407
person 0.55729,616,294,640,327
