object_probs,left,top,right,bottom
traffic light 0.60859,417,172,433,194
car 0.93726,506,233,553,262
car 0.93723,547,210,587,240
car 0.79943,593,232,636,261
car 0.73539,596,210,637,235
