object_probs,left,top,right,bottom
traffic light 0.65490,416,172,433,195
car 0.93638,547,211,586,240
car 0.91407,506,233,552,263
car 0.62130,593,230,637,261
car 0.61610,596,213,636,236
