object_probs,left,top,right,bottom
traffic light 0.56984,416,172,433,194
motorbike 0.94343,810,407,886,461
motorbike 0.92141,620,306,647,342
car 0.92370,501,227,551,269
car 0.91205,540,211,587,242
car 0.68592,591,215,638,237
car 0.52945,579,223,632,268
person 0.92927,821,367,866,447
person 0.55332,621,292,650,326
person 0.50927,625,275,653,304
