object_probs,left,top,right,bottom
motorbike 0.86099,699,358,744,411
motorbike 0.84399,665,331,693,367
motorbike 0.69484,614,310,641,349
person 0.54643,699,337,742,407
