object_probs,left,top,right,bottom
traffic light 0.58355,417,172,433,193
motorbike 0.87145,613,290,637,329
car 0.93905,547,211,585,241
car 0.92320,506,233,554,262
car 0.74223,592,231,635,257
car 0.69710,594,212,641,236
car 0.60532,813,211,910,244
person 0.66748,619,269,643,303
