object_probs,left,top,right,bottom
traffic light 0.67572,417,171,433,195
car 0.94172,548,212,585,240
car 0.93975,508,234,553,262
car 0.77251,595,211,637,236
car 0.66215,592,231,637,261
