object_probs,left,top,right,bottom
motorbike 0.85060,699,356,744,412
motorbike 0.82220,665,330,694,367
motorbike 0.74367,605,302,644,356
person 0.54917,699,335,744,408
