object_probs,left,top,right,bottom
motorbike 0.83096,661,342,705,391
motorbike 0.67873,614,307,645,340
car 0.94794,498,232,544,273
car 0.92274,535,207,582,245
car 0.73766,570,257,622,305
