object_probs,left,top,right,bottom
motorbike 0.66545,124,542,198,613
car 0.62348,338,255,398,304
person 0.88291,201,288,219,331
person 0.86343,245,271,260,302
person 0.82005,265,353,292,419
person 0.52427,190,287,208,320
