object_probs,left,top,right,bottom
motorbike 0.82442,570,325,616,371
car 0.94247,262,389,363,510
car 0.85920,336,254,397,305
