object_probs,left,top,right,bottom
motorbike 0.71718,225,463,267,518
car 0.79619,337,256,398,303
person 0.91367,218,428,261,490
person 0.90771,224,313,246,350
person 0.87496,204,294,222,328
person 0.81560,278,295,298,332
person 0.71959,191,255,208,281
