object_probs,left,top,right,bottom
truck 0.52451,442,249,524,309
motorbike 0.86747,129,567,214,631
motorbike 0.64933,195,483,234,543
car 0.82919,338,254,399,305
car 0.51090,429,246,515,303
person 0.84639,189,460,233,526
person 0.58521,293,291,315,321
person 0.54732,148,539,195,614
