object_probs,left,top,right,bottom
traffic light 0.62965,264,369,292,438
motorbike 0.82092,16,572,132,677
car 0.68185,338,255,398,304
person 0.91823,251,274,267,305
person 0.87021,204,294,223,332
