object_probs,left,top,right,bottom
truck 0.96584,647,294,888,481
bus 0.77998,411,242,526,345
motorbike 0.61302,599,333,629,370
motorbike 0.57749,241,473,270,511
motorbike 0.50902,1007,423,1075,485
person 0.88596,561,294,580,326
person 0.73600,227,434,258,472
person 0.52484,599,313,622,345
