object_probs,left,top,right,bottom
car 0.88344,198,241,240,274
car 0.65848,337,255,399,303
person 0.97515,359,375,401,441
person 0.84743,233,270,251,306
person 0.58821,241,339,266,374
