object_probs,left,top,right,bottom
car 0.68543,337,255,398,305
person 0.86218,262,346,290,398
person 0.70355,193,284,212,321
person 0.63248,171,483,220,548
person 0.58814,200,287,217,327
person 0.51554,190,280,205,305
