object_probs,left,top,right,bottom
truck 0.63986,319,237,398,301
truck 0.55829,405,246,520,344
car 0.99190,680,359,852,473
