object_probs,left,top,right,bottom
car 0.79852,338,256,400,304
person 0.89222,180,268,199,301
person 0.84729,264,347,298,403
person 0.83563,244,303,264,341
