object_probs,left,top,right,bottom
motorbike 0.80612,246,473,278,511
motorbike 0.65671,342,466,389,525
car 0.95368,204,250,259,282
car 0.61606,335,256,398,303
person 0.80220,336,442,380,506
person 0.76190,179,269,199,310
person 0.65202,255,273,274,306
person 0.59408,252,364,291,421
person 0.50328,237,441,277,506
