object_probs,left,top,right,bottom
truck 0.60734,509,256,596,318
motorbike 0.69430,301,395,331,433
motorbike 0.50074,226,370,257,412
car 0.92753,347,260,410,309
car 0.77766,253,275,301,328
person 0.80583,226,364,263,418
person 0.80574,294,369,333,422
