object_probs,left,top,right,bottom
car 0.83984,336,255,401,304
person 0.64208,242,459,285,525
