object_probs,left,top,right,bottom
car 0.83861,337,254,401,305
person 0.62694,278,393,313,462
