object_probs,left,top,right,bottom
motorbike 0.79071,535,333,576,368
car 0.99345,927,341,1079,421
car 0.95300,185,434,354,564
car 0.86130,335,258,400,306
person 0.70329,251,321,271,363
