object_probs,left,top,right,bottom
truck 0.99112,752,304,1057,533
truck 0.57080,328,242,395,298
bus 0.88446,440,241,570,367
car 0.64198,411,273,444,300
car 0.51750,332,257,397,306
person 0.64190,646,328,672,367
person 0.52336,743,325,763,373
