object_probs,left,top,right,bottom
truck 0.91960,658,298,925,481
bus 0.83905,419,241,534,350
motorbike 0.59955,246,461,274,494
car 0.64592,325,246,392,299
person 0.78734,1011,372,1037,406
person 0.78119,568,293,587,330
person 0.68443,235,422,273,480
