object_probs,left,top,right,bottom
motorbike 0.78106,209,484,253,549
motorbike 0.71903,295,505,359,568
car 0.97488,212,254,259,287
car 0.70611,333,256,397,302
person 0.87336,202,458,248,524
person 0.62996,298,486,345,552
person 0.62094,187,272,203,306
