object_probs,left,top,right,bottom
car 0.66220,339,257,412,305
person 0.74725,202,276,217,310
