object_probs,left,top,right,bottom
truck 0.68122,865,267,988,332
motorbike 0.88784,926,407,1003,460
motorbike 0.83489,530,308,560,349
motorbike 0.58494,590,309,618,347
car 0.99263,411,284,491,340
car 0.74237,212,248,260,275
person 0.87007,229,288,249,318
person 0.85123,943,380,988,452
person 0.82981,184,290,204,322
person 0.76707,532,297,558,324
person 0.72851,586,292,611,325
