object_probs,left,top,right,bottom
motorbike 0.87123,922,343,984,391
car 0.69892,337,255,399,305
person 0.71669,224,255,243,286
person 0.64064,198,253,210,279
person 0.54983,207,251,225,281
