object_probs,left,top,right,bottom
motorbike 0.69880,287,477,319,515
motorbike 0.64097,228,434,252,464
car 0.78697,268,299,322,355
car 0.74611,343,259,409,305
person 0.73642,226,415,250,450
person 0.72466,279,443,321,503
person 0.62328,225,400,249,433
person 0.56817,231,278,248,306
