object_probs,left,top,right,bottom
motorbike 0.89768,200,481,249,549
car 0.68089,336,254,399,305
person 0.94289,197,458,244,530
