object_probs,left,top,right,bottom
motorbike 0.90564,639,344,704,386
car 0.95898,68,495,314,651
car 0.85817,1036,354,1079,417
person 0.87768,650,324,700,380
person 0.65766,254,336,288,393
