object_probs,left,top,right,bottom
motorbike 0.87765,598,308,626,345
motorbike 0.82264,950,400,1027,464
motorbike 0.76941,534,309,564,348
car 0.98877,415,284,493,341
car 0.76814,210,248,260,274
car 0.60441,877,258,1001,331
person 0.87013,536,298,562,324
person 0.81376,596,297,622,327
person 0.75329,184,289,201,319
person 0.73338,228,287,247,315
person 0.73226,966,384,1014,450
