object_probs,left,top,right,bottom
car 0.85601,335,256,400,304
person 0.80143,237,459,284,528
