object_probs,left,top,right,bottom
truck 0.64047,760,276,885,333
motorbike 0.74368,750,359,794,418
motorbike 0.60373,517,289,547,320
motorbike 0.51595,481,287,547,332
car 0.96631,394,278,467,330
car 0.76881,221,248,279,287
person 0.86674,244,295,266,330
person 0.76666,750,346,793,405
person 0.57292,192,300,217,342
person 0.53156,162,242,178,264
