object_probs,left,top,right,bottom
motorbike 0.95691,888,345,967,397
car 0.70093,337,254,396,304
car 0.51594,109,213,193,246
person 0.82339,246,398,282,462
person 0.65052,170,248,183,279
person 0.59736,903,327,953,385
