object_probs,left,top,right,bottom
motorbike 0.74226,415,311,443,348
car 0.99790,759,346,945,412
car 0.96628,260,381,351,491
car 0.70589,332,257,396,304
car 0.69505,424,273,466,297
person 0.79655,240,293,263,335
