object_probs,left,top,right,bottom
motorbike 0.82873,535,329,577,366
car 0.93668,270,375,365,497
car 0.85618,337,254,397,304
