object_probs,left,top,right,bottom
truck 0.57083,397,246,496,336
bus 0.56264 truck 0.53801,319,234,400,301
car 0.98943,646,353,810,459
person 0.69893,577,296,600,327
