object_probs,left,top,right,bottom
truck 0.61980,600,259,715,326
person 0.87253 motorbike 0.66952,218,331,243,372
motorbike 0.58336,283,352,303,382
motorbike 0.57760,222,348,244,379
person 0.61952 motorbike 0.56844,565,310,591,354
car 0.90713,363,267,430,316
car 0.84071,237,261,306,307
person 0.72170,177,250,192,276
person 0.70267,280,332,306,375
person 0.67139,437,270,457,305
