object_probs,left,top,right,bottom
bus 0.74681,322,236,393,297
bus 0.66000,397,250,485,335
motorbike 0.91957,973,413,1052,494
car 0.97405,610,342,752,443
person 0.72454,553,288,573,326
person 0.64119,985,405,1034,489
person 0.50461,654,320,680,349
