object_probs,left,top,right,bottom
motorbike 0.90614,628,382,706,427
motorbike 0.82492,492,349,535,383
motorbike 0.61511,269,368,294,406
car 0.97111,334,297,425,353
car 0.58841,181,293,240,337
car 0.55339,341,256,387,281
person 0.94394,494,328,536,380
person 0.68659,265,348,291,394
person 0.66162,211,249,230,282
person 0.53847,631,342,677,398
