object_probs,left,top,right,bottom
car 0.87559,335,255,401,305
person 0.73445,263,423,300,483
