object_probs,left,top,right,bottom
motorbike 0.86093,878,360,924,419
motorbike 0.83483,805,350,837,387
motorbike 0.70705,684,365,719,405
car 0.98309,484,309,580,376
person 0.92328,800,326,836,385
person 0.81478,684,341,722,401
person 0.71567,745,339,786,399
person 0.64807,686,337,709,369
person 0.53831,169,268,184,293
