object_probs,left,top,right,bottom
motorbike 0.92244,858,382,947,429
motorbike 0.87399,802,364,877,409
motorbike 0.79452,613,291,645,324
motorbike 0.75197,230,271,248,297
motorbike 0.64486,645,362,708,405
person 0.70508 motorbike 0.52609,264,402,301,462
car 0.95481,195,307,255,360
car 0.95364,397,316,507,369
car 0.59420,330,256,396,305
person 0.91068,654,338,701,397
person 0.79521,812,343,860,401
person 0.67516,884,358,925,418
person 0.54420,226,257,246,283
