object_probs,left,top,right,bottom
car 0.72207,341,259,410,305
person 0.64341,229,303,252,340
