object_probs,left,top,right,bottom
motorbike 0.71524,164,578,261,661
car 0.64230,334,256,397,303
car 0.50358,222,262,262,298
bicycle 0.51645,203,308,223,341
person 0.93015,248,400,287,464
