object_probs,left,top,right,bottom
person 0.74659 motorbike 0.52098,234,295,253,325
car 0.73360,337,256,399,305
person 0.87298,171,253,185,278
person 0.81600,212,275,227,302
