object_probs,left,top,right,bottom
person 0.78700 motorbike 0.65840,363,312,393,351
car 0.80452,230,271,299,315
person 0.87987,178,472,248,550
person 0.67099,259,328,284,371
