object_probs,left,top,right,bottom
motorbike 0.74883,599,341,664,383
car 0.96497,111,471,326,614
car 0.95575,1000,342,1079,425
car 0.64624,343,260,410,307
person 0.90764,610,324,658,377
person 0.86227,252,332,280,378
