object_probs,left,top,right,bottom
motorbike 0.86859,548,331,587,368
car 0.95681,268,375,365,500
car 0.85640,337,254,397,305
person 0.77085,553,318,582,349
