object_probs,left,top,right,bottom
truck 0.65679,563,261,670,323
motorbike 0.81804,225,350,250,387
motorbike 0.63176,537,309,558,345
motorbike 0.59530,287,349,313,389
motorbike 0.51797,291,368,315,401
car 0.90031,358,264,421,312
car 0.88932,240,269,310,313
person 0.83745,182,256,199,283
person 0.79084,224,337,248,372
person 0.76866,285,339,310,372
person 0.69311,283,337,316,398
