object_probs,left,top,right,bottom
car 0.61311,337,255,400,305
person 0.89354,195,273,210,304
