object_probs,left,top,right,bottom
motorbike 0.88633,509,330,544,363
car 0.99674,885,344,1071,418
car 0.99368,217,416,356,535
car 0.84765,332,257,399,305
person 0.94249,247,312,268,351
person 0.75173,514,316,541,347
