object_probs,left,top,right,bottom
motorbike 0.92402,68,578,157,660
car 0.67272,338,255,398,304
person 0.92169,251,274,265,303
person 0.82132,204,293,222,331
person 0.54912,71,543,151,620
