object_probs,left,top,right,bottom
truck 0.77604,520,260,615,321
motorbike 0.80301,227,371,259,412
motorbike 0.59544,303,396,329,429
car 0.91156,347,260,412,310
car 0.77388,251,271,296,320
person 0.73650,289,361,328,418
person 0.69972,496,296,518,327
person 0.67758,230,353,257,389
person 0.52354,195,261,210,287
person 0.51617,417,270,437,305
