object_probs,left,top,right,bottom
motorbike 0.94001,749,346,819,391
car 0.85417,0,561,226,690
person 0.89631,757,326,808,385
person 0.85491,256,357,287,421
