object_probs,left,top,right,bottom
motorbike 0.92051,757,347,827,393
motorbike 0.53861,263,390,288,426
car 0.91550,0,565,211,695
person 0.85794,255,359,289,422
person 0.75245,774,327,821,384
person 0.51005,164,244,178,273
