object_probs,left,top,right,bottom
motorbike 0.52339,270,368,299,407
car 0.80251,338,256,399,304
person 0.89212,180,267,198,301
person 0.81882,245,303,265,341
person 0.79476,265,349,300,404
