object_probs,left,top,right,bottom
car 0.75991,340,258,411,305
person 0.75534,269,346,291,396
