object_probs,left,top,right,bottom
car 0.86186,337,256,401,305
person 0.50990,280,374,310,437
