object_probs,left,top,right,bottom
person 0.55017 motorbike 0.71103,602,325,649,373
car 0.86422,255,394,360,519
car 0.82068,337,254,397,305
