object_probs,left,top,right,bottom
motorbike 0.86825,405,333,437,366
motorbike 0.61435,469,376,509,410
car 0.90096,290,293,365,337
car 0.59055,337,257,397,299
person 0.85945,408,316,436,349
person 0.82747,255,329,277,368
person 0.68954,513,332,558,379
person 0.66541,477,350,502,387
