object_probs,left,top,right,bottom
motorbike 0.74407,218,485,266,549
car 0.76364,337,255,398,304
person 0.95239,207,459,261,524
person 0.80236,264,344,288,390
person 0.69610,193,284,211,320
person 0.69171,189,279,204,305
