object_probs,left,top,right,bottom
truck 0.81032,825,254,956,337
motorbike 0.78045,515,310,539,346
motorbike 0.75353,866,381,932,444
car 0.99217,406,283,483,336
car 0.82426,213,249,269,279
person 0.89742,233,290,253,324
person 0.88908,877,372,925,444
person 0.85011,186,292,206,328
person 0.84199,517,294,538,322
person 0.82744,566,291,589,326
person 0.71115,162,241,178,263
