object_probs,left,top,right,bottom
motorbike 0.95017,799,383,892,432
motorbike 0.79139,756,364,829,410
motorbike 0.72769,604,349,664,396
person 0.69106,613,343,660,395
car 0.95404,375,309,486,365
car 0.90838,194,303,253,351
car 0.62768,332,256,396,306
person 0.66695,769,342,816,401
person 0.59721,824,358,867,417
person 0.54807,632,335,660,373
person 0.53938,396,268,418,303
person 0.52281,646,291,670,323
