object_probs,left,top,right,bottom
motorbike 0.90453,511,331,549,365
car 0.99673,894,344,1075,420
car 0.98505,215,416,356,538
car 0.83842,332,257,400,305
person 0.92415,248,314,268,351
person 0.67199,517,317,546,347
