object_probs,left,top,right,bottom
motorbike 0.89220,887,365,958,412
motorbike 0.80225,1035,339,1079,406
motorbike 0.71103,160,525,227,589
person 0.55139,1041,339,1079,404
car 0.98881,218,335,301,415
car 0.98464,522,331,690,394
car 0.53620,331,258,396,304
person 0.78572,286,291,305,324
person 0.64197,226,274,241,304
person 0.62631,170,499,220,575
