object_probs,left,top,right,bottom
motorbike 0.80355,27,601,126,682
car 0.69357,337,255,400,305
person 0.73320,193,272,207,302
person 0.71600,26,557,72,638
