object_probs,left,top,right,bottom
person 0.66474 motorbike 0.53381,266,343,288,391
car 0.69911,341,258,409,305
