object_probs,left,top,right,bottom
motorbike 0.93190,969,362,1049,408
motorbike 0.91900,823,361,885,411
motorbike 0.68707,210,474,258,551
motorbike 0.65702,1058,370,1078,415
car 0.97175,473,326,633,387
car 0.96587,217,325,285,398
person 0.88854,209,462,258,536
person 0.84774,224,269,239,300
person 0.74473,835,346,885,407
person 0.72251,982,342,1031,402
person 0.68310,267,273,285,316
