object_probs,left,top,right,bottom
motorbike 0.83171,226,494,276,571
car 0.78008,338,255,400,305
car 0.60886,112,211,192,244
car 0.59310,276,293,336,377
person 0.74187,210,428,254,524
