object_probs,left,top,right,bottom
car 0.64856,340,258,413,304
person 0.76892,206,280,222,309
