object_probs,left,top,right,bottom
car 0.72261,336,257,399,305
car 0.61380,424,273,466,302
person 0.78466,208,273,221,298
person 0.73680,169,251,183,276
person 0.54777,228,282,242,306
