object_probs,left,top,right,bottom
motorbike 0.74930,390,313,416,347
car 0.99679,711,344,891,409
car 0.98446,260,373,339,478
car 0.74178,331,256,395,302
person 0.90735,235,292,255,327
