object_probs,left,top,right,bottom
car 0.83055,337,254,401,305
person 0.80094,278,385,310,449
