object_probs,left,top,right,bottom
truck 0.60535,496,259,597,318
motorbike 0.75889,229,392,261,428
motorbike 0.72340,309,414,333,447
car 0.84098,345,260,409,308
car 0.70750,256,281,303,333
car 0.51270,411,271,487,308
person 0.73728,226,372,257,410
person 0.68289,204,266,218,297
person 0.63650,296,380,333,441
person 0.55153,308,394,334,432
