object_probs,left,top,right,bottom
motorbike 0.91983,858,382,947,429
motorbike 0.87322,802,364,877,409
motorbike 0.79465,613,291,645,324
motorbike 0.74712,230,271,248,297
motorbike 0.64474,645,362,708,405
car 0.95512,195,307,255,360
car 0.95309,397,316,507,369
car 0.58807,330,256,396,305
person 0.91371,654,338,701,397
person 0.79377,812,343,860,401
person 0.73064,264,401,301,462
person 0.67171,884,359,925,418
person 0.54558,226,257,246,283
