object_probs,left,top,right,bottom
truck 0.89308,515,265,701,413
bus 0.64630,380,247,465,328
motorbike 0.84564,0,570,92,689
motorbike 0.74893,763,373,797,413
motorbike 0.74266,727,345,756,384
motorbike 0.70098,1032,401,1079,460
person 0.66095,1047,382,1078,449
person 0.64344,755,345,794,406
person 0.54140,761,350,788,387
person 0.50597,106,303,123,350
