object_probs,left,top,right,bottom
motorbike 0.85412,656,343,718,386
car 0.97705,43,502,310,671
car 0.51501,344,259,409,309
person 0.82299,256,337,287,397
person 0.73296,669,325,718,379
