object_probs,left,top,right,bottom
car 0.79120,336,256,402,305
person 0.59789,249,323,267,366
