object_probs,left,top,right,bottom
motorbike 0.89705,1019,365,1079,412
motorbike 0.56704,333,302,365,341
car 0.99235,626,340,801,407
car 0.98422,246,358,328,438
car 0.58822,343,257,392,304
person 0.75373,233,286,249,320
person 0.71031,1027,348,1075,407
