object_probs,left,top,right,bottom
car 0.65363,337,255,400,305
person 0.77622,202,276,218,310
