object_probs,left,top,right,bottom
motorbike 0.83112,158,524,203,588
motorbike 0.74755,348,308,373,338
car 0.78366,430,248,503,301
car 0.60268,291,334,362,417
car 0.51977,338,250,389,296
person 0.78748,153,496,201,577
person 0.70311,345,298,370,332
