object_probs,left,top,right,bottom
motorbike 0.84431,575,326,622,372
car 0.92139,260,390,363,512
car 0.80853,336,254,397,305
