object_probs,left,top,right,bottom
car 0.81299,337,256,400,305
person 0.76307,233,311,256,345
