object_probs,left,top,right,bottom
car 0.79327,337,256,400,305
person 0.86966,241,313,262,350
