object_probs,left,top,right,bottom
motorbike 0.64449,237,502,280,560
car 0.77629,276,295,335,375
car 0.76197,338,256,400,305
car 0.59765,112,211,191,244
person 0.64926,210,420,252,486
