object_probs,left,top,right,bottom
truck 0.70060,426,246,548,355
truck 0.68177,344,239,420,308
car 0.99397,808,395,1036,532
person 0.68616,885,368,916,400
