object_probs,left,top,right,bottom
car 0.75905,340,259,410,306
person 0.75682,269,346,289,391
