object_probs,left,top,right,bottom
truck 0.61283,972,251,1078,328
motorbike 0.75103,684,328,712,360
motorbike 0.67265,597,328,629,369
motorbike 0.64492,710,321,750,379
motorbike 0.58847,631,330,661,368
car 0.98939,443,296,532,353
person 0.89534,174,275,191,306
person 0.77699,217,275,234,298
person 0.77405,684,316,711,349
person 0.64360,598,319,623,347
person 0.57578,626,314,653,348
