object_probs,left,top,right,bottom
motorbike 0.80179,234,327,253,364
motorbike 0.76774,186,500,233,564
motorbike 0.68296,209,309,230,338
car 0.78729,337,255,398,303
person 0.87644,295,306,317,347
person 0.81239,178,461,227,531
person 0.72380,174,278,192,307
person 0.60056,211,299,230,328
person 0.51492,193,256,211,282
