object_probs,left,top,right,bottom
motorbike 0.79815,386,313,411,344
car 0.99614,704,345,887,408
car 0.97803,259,382,342,470
car 0.71680,331,256,394,303
car 0.64197,402,272,476,302
person 0.87176,235,292,255,325
