object_probs,left,top,right,bottom
motorbike 0.89935,642,383,720,428
motorbike 0.84858,509,352,546,386
motorbike 0.57131,269,369,294,408
car 0.97885,336,299,428,354
car 0.61238,182,294,239,338
person 0.85047,517,331,548,365
person 0.74229,213,250,230,284
person 0.70929,264,347,296,409
person 0.69333,649,341,695,401
person 0.56338,742,292,772,326
