object_probs,left,top,right,bottom
motorbike 0.93058,883,363,959,408
motorbike 0.91553,724,365,792,409
motorbike 0.84294,961,380,1038,428
car 0.98648,432,319,556,376
car 0.97037,204,316,267,378
car 0.50835,332,256,396,304
person 0.84148,250,273,264,306
person 0.79535,737,346,784,403
person 0.76110,246,426,287,485
person 0.71905,896,343,945,399
person 0.60184,982,359,1024,421
person 0.58318,759,346,786,389
