object_probs,left,top,right,bottom
car 0.90497,335,255,401,305
person 0.84374,263,436,303,503
person 0.58855,261,435,294,474
