object_probs,left,top,right,bottom
truck 0.74468,491,251,659,400
truck 0.54310,369,243,456,322
motorbike 0.83374,928,383,989,436
motorbike 0.82456,696,344,740,393
motorbike 0.64260,683,330,713,366
person 0.91290,938,362,982,429
person 0.65459,693,326,735,384
person 0.54794,105,306,122,354
person 0.53264,699,330,727,367
