object_probs,left,top,right,bottom
car 0.68366,337,257,399,305
car 0.62459,424,272,465,302
person 0.86229,209,273,225,298
person 0.79030,170,252,184,277
person 0.76036,230,287,247,319
