object_probs,left,top,right,bottom
car 0.85383,337,255,401,305
person 0.70718,271,415,306,481
