object_probs,left,top,right,bottom
motorbike 0.92914,991,363,1065,412
motorbike 0.57194,17,567,133,676
car 0.99473,604,336,774,402
car 0.99337,235,353,325,430
car 0.81014,342,258,394,301
person 0.78642,230,280,247,309
person 0.53200,1003,347,1052,407
person 0.50451,325,291,353,331
