object_probs,left,top,right,bottom
truck 0.59892,382,246,476,331
motorbike 0.82148,897,423,965,471
car 0.97679,576,330,707,420
person 0.89335,903,387,950,444
