object_probs,left,top,right,bottom
car 0.72250,340,258,410,305
person 0.74044,268,344,288,391
