object_probs,left,top,right,bottom
truck 0.59966,536,258,637,319
motorbike 0.87366,227,371,259,406
motorbike 0.74973,288,358,329,412
motorbike 0.56207,507,309,527,335
car 0.86277,349,260,418,310
car 0.83794,248,272,295,317
person 0.86214,226,350,256,391
person 0.79737,289,347,327,406
person 0.58846,507,297,526,329
