object_probs,left,top,right,bottom
truck 0.59604,413,243,536,351
bus 0.72672,330,229,402,303
car 0.98637,728,375,943,501
person 0.88505,637,309,664,349
person 0.60476,805,353,832,378
person 0.50904,536,288,562,332
