object_probs,left,top,right,bottom
truck 0.71343,352,247,421,310
motorbike 0.67891,577,307,605,351
motorbike 0.59466,717,332,745,374
car 0.97109,851,407,1079,551
person 0.68912,931,377,967,411
