object_probs,left,top,right,bottom
motorbike 0.51466,258,329,284,373
car 0.75859,337,255,399,305
person 0.89853,231,290,249,324
person 0.53225,174,255,190,287
person 0.51023,181,265,197,297
