object_probs,left,top,right,bottom
car 0.76885,336,256,402,305
person 0.79213,256,335,279,376
