object_probs,left,top,right,bottom
motorbike 0.82352,518,373,591,417
motorbike 0.79676,261,350,285,385
motorbike 0.79671,433,334,473,367
car 0.94067,308,292,386,340
person 0.88673,258,330,286,378
person 0.62198,551,342,595,395
