object_probs,left,top,right,bottom
truck 0.57204,500,259,596,319
motorbike 0.71464,231,392,261,427
motorbike 0.61012,310,411,333,444
car 0.86195,345,260,410,308
car 0.72419,254,278,303,331
person 0.71221,203,266,218,298
person 0.70884,224,367,263,418
person 0.60109,295,376,318,412
person 0.55405,296,381,335,439
