object_probs,left,top,right,bottom
truck 0.70679,376,249,447,320
motorbike 0.93102,1018,406,1079,458
motorbike 0.90746,856,386,920,437
motorbike 0.90369,762,380,807,431
motorbike 0.56178,902,359,947,411
car 0.98811,511,320,629,391
person 0.77140,762,359,792,388
person 0.76966,166,260,182,286
person 0.76295,863,359,905,428
person 0.75201,762,362,803,422
person 0.72968,1027,378,1073,449
person 0.63720,904,345,942,406
person 0.55206,1039,380,1065,416
