object_probs,left,top,right,bottom
motorbike 0.89084,552,332,592,367
car 0.96580,268,375,365,502
car 0.86330,337,254,397,305
person 0.69733,558,318,588,350
