object_probs,left,top,right,bottom
motorbike 0.58273,250,394,283,462
car 0.92481,198,246,246,278
car 0.66975,337,255,398,303
person 0.78184,358,400,399,465
person 0.67662,167,276,184,307
person 0.59840,242,269,264,305
person 0.52094,249,350,273,387
