object_probs,left,top,right,bottom
car 0.76104,340,257,410,305
person 0.64472,228,298,248,334
