object_probs,left,top,right,bottom
bus 0.74653,333,230,403,305
bus 0.66835,420,242,543,350
motorbike 0.59784,664,327,692,360
car 0.99065,775,387,988,515
person 0.86359,660,315,687,352
person 0.84423,844,358,872,391
