object_probs,left,top,right,bottom
motorbike 0.84182,838,342,902,390
car 0.76195,336,254,398,305
car 0.72826,75,467,282,649
person 0.88971,196,251,210,279
person 0.62226,853,328,900,384
