object_probs,left,top,right,bottom
motorbike 0.91066,928,344,998,390
car 0.74264,337,255,399,305
person 0.61638,205,251,223,282
person 0.57622,224,255,244,287
