object_probs,left,top,right,bottom
motorbike 0.60773,255,326,278,364
car 0.79630,337,255,399,304
person 0.93224,229,287,246,322
person 0.68612,174,255,190,286
person 0.54945,395,267,413,301
