object_probs,left,top,right,bottom
motorbike 0.75927,180,548,248,600
car 0.73654,337,255,400,305
person 0.59084,167,504,215,571
