object_probs,left,top,right,bottom
motorbike 0.84043,635,343,699,385
car 0.95677,76,486,307,662
car 0.86691,1028,322,1079,423
car 0.57027,344,260,409,308
person 0.78027,647,323,694,380
person 0.60214,253,334,283,394
