object_probs,left,top,right,bottom
motorbike 0.55210,278,415,311,483
car 0.84676,337,254,401,305
person 0.84315,275,406,310,468
