object_probs,left,top,right,bottom
person 0.56748 motorbike 0.79013,450,330,488,368
person 0.79061 motorbike 0.54673,243,312,268,347
motorbike 0.53518,0,583,87,698
car 0.80674,267,285,339,328
car 0.67221,335,257,395,303
car 0.50088,106,215,196,245
person 0.54839,266,286,296,327
