object_probs,left,top,right,bottom
motorbike 0.90846,771,345,842,393
car 0.92803,0,570,187,699
person 0.79969,779,326,830,385
person 0.72313,256,365,288,426
