object_probs,left,top,right,bottom
motorbike 0.90318,183,518,255,599
car 0.80790,339,255,400,305
car 0.68920,124,214,188,243
person 0.74896,185,442,252,572
person 0.62186,199,441,244,509
