object_probs,left,top,right,bottom
truck 0.56265,384,251,462,326
motorbike 0.87165,833,400,895,454
motorbike 0.65977,973,400,1053,467
car 0.98643,549,326,669,406
person 0.88950,838,374,884,444
person 0.72837,1007,364,1050,431
person 0.57846,187,227,207,255
person 0.56098,162,256,177,282
