object_probs,left,top,right,bottom
truck 0.52206,385,245,476,332
motorbike 0.92999,916,423,987,478
car 0.98950,585,329,720,430
person 0.90265,923,392,969,466
