object_probs,left,top,right,bottom
car 0.91841,198,244,242,276
car 0.66811,337,255,398,303
person 0.87495,361,384,399,450
person 0.79863,237,268,254,309
person 0.60940,164,275,180,309
person 0.60192,246,345,272,383
