object_probs,left,top,right,bottom
motorbike 0.87861,986,338,1057,391
car 0.97688,2,540,178,713
car 0.71707,336,255,398,305
person 0.64539,205,255,221,283
person 0.59080,224,267,240,296
