object_probs,left,top,right,bottom
truck 0.62006,321,239,400,300
truck 0.50101,417,268,508,341
car 0.99105,673,358,845,473
person 0.51471,597,296,616,331
