object_probs,left,top,right,bottom
motorbike 0.61674,264,344,288,386
car 0.80721,337,255,398,305
person 0.97159,228,438,283,507
person 0.85922,187,277,206,306
person 0.85518,260,335,286,378
person 0.79243,232,257,247,284
person 0.57122,192,285,211,319
