object_probs,left,top,right,bottom
truck 0.69831,448,243,574,367
truck 0.50133,362,247,440,313
motorbike 0.82365,610,330,645,367
motorbike 0.79149,765,336,807,389
car 0.85760,966,428,1079,587
person 0.84450,765,329,804,384
person 0.74845,605,305,644,360
