object_probs,left,top,right,bottom
truck 0.72091,354,247,420,310
truck 0.53291,441,247,564,367
motorbike 0.68435,581,307,607,349
motorbike 0.61978,724,331,749,372
car 0.88004,872,405,1078,553
person 0.74728,944,378,980,417
person 0.61228,579,297,601,328
