object_probs,left,top,right,bottom
truck 0.59132,174,433,337,577
motorbike 0.81818,723,341,784,385
car 0.73428,337,254,398,305
person 0.83452,733,328,781,381
