object_probs,left,top,right,bottom
truck 0.71050,885,267,1009,332
motorbike 0.84091,603,310,631,348
motorbike 0.77321,536,308,572,349
motorbike 0.70315,539,326,573,358
motorbike 0.70176,970,420,1055,478
person 0.59127,537,302,575,354
motorbike 0.54604,229,288,245,313
car 0.97766,418,283,498,346
car 0.75070,209,246,258,272
person 0.78599,987,387,1035,469
person 0.77454,227,283,244,306
person 0.72195,183,289,200,318
person 0.56618,539,301,564,324
person 0.51430,603,299,626,322
