object_probs,left,top,right,bottom
motorbike 0.74572,18,571,133,676
motorbike 0.72335,451,310,495,358
person 0.77122,456,312,489,349
car 0.79134,289,367,364,460
car 0.71422,338,254,399,304
