object_probs,left,top,right,bottom
truck 0.61500,652,272,774,332
motorbike 0.80145,266,330,288,361
motorbike 0.71005,213,329,233,359
motorbike 0.60295,618,328,647,373
car 0.95937,372,270,442,320
car 0.75587,228,259,282,299
person 0.88146,212,316,233,350
person 0.86836,264,313,288,350
person 0.77487,615,322,650,379
person 0.51653,473,274,490,305
