object_probs,left,top,right,bottom
car 0.88322,198,241,240,274
car 0.65958,337,255,399,304
person 0.97584,359,374,401,441
person 0.84756,233,270,251,306
person 0.58873,241,339,266,374
