object_probs,left,top,right,bottom
motorbike 0.69074,259,330,284,373
car 0.79372,337,255,399,305
person 0.92098,231,291,249,325
person 0.53082,174,256,191,287
person 0.51718,180,265,197,298
