object_probs,left,top,right,bottom
truck 0.67111,334,229,405,306
car 0.99236,793,390,1012,527
person 0.75626,862,360,893,396
person 0.68559,671,313,692,352
person 0.56870,556,293,579,328
