object_probs,left,top,right,bottom
car 0.83688,337,254,401,305
person 0.72462,278,386,311,450
