object_probs,left,top,right,bottom
motorbike 0.78916,396,311,428,346
motorbike 0.70765,102,564,176,630
car 0.82488,293,349,364,435
car 0.72951,429,247,494,301
car 0.63833,339,254,399,303
person 0.64040,96,535,175,620
