object_probs,left,top,right,bottom
car 0.88260,337,256,402,305
person 0.63257,276,360,308,422
