object_probs,left,top,right,bottom
motorbike 0.67630,111,569,186,629
car 0.68862,336,255,400,304
person 0.83354,189,268,203,297
