object_probs,left,top,right,bottom
truck 0.82009,640,288,861,468
bus 0.80935,405,242,523,347
motorbike 0.60437,226,491,258,531
motorbike 0.52628,960,421,1026,473
car 0.59132,323,246,393,298
person 0.85459,213,446,254,500
person 0.62593,936,359,961,391
