object_probs,left,top,right,bottom
truck 0.63701,403,245,521,343
truck 0.62238,322,238,400,299
car 0.98566,670,357,838,471
