object_probs,left,top,right,bottom
motorbike 0.90455,431,331,471,366
motorbike 0.82093,17,573,130,673
motorbike 0.63737,242,309,269,345
motorbike 0.51522,349,330,374,370
car 0.81624,266,279,331,325
car 0.59552,343,257,392,302
car 0.57533,169,270,214,313
person 0.57257,351,308,375,346
person 0.53422,342,303,378,363
