object_probs,left,top,right,bottom
truck 0.82287,386,254,459,326
motorbike 0.75706,817,379,863,441
motorbike 0.67770,937,403,1009,458
car 0.97040,540,324,653,401
person 0.86171,815,366,856,427
person 0.72192,164,256,178,284
person 0.69578,979,362,1021,427
person 0.65170,189,226,208,257
