object_probs,left,top,right,bottom
car 0.78469,337,256,400,305
person 0.75972,235,309,257,347
