object_probs,left,top,right,bottom
motorbike 0.91683,285,443,328,504
motorbike 0.61057,226,414,255,451
car 0.78621,343,258,407,305
car 0.74946,267,295,320,352
person 0.92556,279,420,320,486
person 0.78040,226,395,254,437
person 0.53112,227,276,246,305
