object_probs,left,top,right,bottom
truck 0.95808,680,299,956,484
bus 0.85395,425,250,548,354
car 0.78474,329,255,397,304
person 0.87915,243,415,271,454
person 0.66938,578,296,598,326
