object_probs,left,top,right,bottom
motorbike 0.96499,1,615,105,702
motorbike 0.69899,486,327,522,362
car 0.79090,337,254,398,304
car 0.77977,286,364,367,469
person 0.68881,490,315,520,350
person 0.51460,1,573,56,672
