object_probs,left,top,right,bottom
motorbike 0.90851,614,380,695,428
motorbike 0.86178,491,352,530,383
motorbike 0.64469,269,369,292,404
car 0.96129,335,297,422,351
car 0.69865,181,292,240,336
car 0.58008,341,256,387,281
person 0.92052,488,327,530,379
person 0.75843,265,348,290,393
person 0.71005,211,249,229,281
person 0.64507,759,292,792,327
person 0.61752,628,341,672,402
