object_probs,left,top,right,bottom
car 0.65014,340,258,414,304
person 0.73573,208,284,225,318
