object_probs,left,top,right,bottom
motorbike 0.88941,200,482,248,548
motorbike 0.74829,231,328,251,360
motorbike 0.57628,208,309,229,337
car 0.82646,337,256,397,304
person 0.90033,195,457,243,532
person 0.84911,208,297,228,329
person 0.81510,168,278,187,306
person 0.78395,290,303,308,342
person 0.68994,228,318,250,349
person 0.63884,192,255,210,280
