object_probs,left,top,right,bottom
car 0.96729,206,250,259,283
car 0.65286,333,256,398,303
car 0.55885,110,214,193,244
person 0.83388,322,448,364,507
person 0.82138,222,441,262,497
person 0.69780,181,270,200,311
person 0.64932,218,437,250,475
person 0.52161,257,272,276,303
