object_probs,left,top,right,bottom
truck 0.65530,522,260,624,321
motorbike 0.86664,227,372,260,411
motorbike 0.67043,501,309,522,336
motorbike 0.50796,303,393,329,428
car 0.92469,348,260,413,310
car 0.81075,251,272,296,319
person 0.74313,290,359,329,417
person 0.72026,229,352,257,389
person 0.66115,498,295,522,327
