object_probs,left,top,right,bottom
truck 0.51721,36,471,281,655
motorbike 0.84871,858,342,923,390
car 0.82607,61,484,279,664
car 0.80278,337,254,399,305
person 0.85585,197,251,210,280
person 0.68106,873,329,919,383
