object_probs,left,top,right,bottom
car 0.59106,339,257,415,304
person 0.81891,209,284,225,319
