object_probs,left,top,right,bottom
motorbike 0.95755,913,345,987,398
car 0.70251,338,255,399,305
car 0.54581,109,214,194,246
person 0.91301,240,401,279,469
person 0.74300,171,249,184,279
