object_probs,left,top,right,bottom
truck 0.81462,820,256,951,333
motorbike 0.79364,856,381,922,444
motorbike 0.70500,517,305,593,348
car 0.99098,406,282,482,337
car 0.77716,212,248,270,280
person 0.92297,233,290,254,327
person 0.86666,187,292,206,329
person 0.80782,564,291,587,324
person 0.68902,162,241,178,263
person 0.67707,515,294,537,317
