object_probs,left,top,right,bottom
truck 0.66788,402,244,522,343
truck 0.59029,319,237,400,299
car 0.99228,657,354,824,461
