object_probs,left,top,right,bottom
motorbike 0.84876,247,420,286,481
car 0.81871,223,260,279,299
car 0.65967,335,256,397,304
person 0.97841,246,406,286,471
person 0.63180,513,276,532,306
