object_probs,left,top,right,bottom
motorbike 0.67332,143,564,221,621
car 0.82399,339,254,399,305
car 0.57582,443,251,526,309
person 0.74637,192,451,232,508
person 0.69533,289,291,310,322
