object_probs,left,top,right,bottom
motorbike 0.73339,577,326,602,362
person 0.84159 motorbike 0.64138,218,331,242,371
car 0.93481,363,268,432,317
car 0.83754,236,260,298,307
person 0.85909,572,311,600,356
person 0.79446,177,250,191,277
person 0.76503,274,330,299,371
person 0.50443,438,271,460,303
