object_probs,left,top,right,bottom
motorbike 0.94604,821,345,893,395
car 0.68951,335,255,399,306
person 0.67932,837,324,886,387
person 0.65276,168,249,180,276
person 0.51484,253,371,282,438
