object_probs,left,top,right,bottom
car 0.60886,340,257,412,304
person 0.86755,214,288,233,326
