object_probs,left,top,right,bottom
motorbike 0.86993,406,309,433,345
motorbike 0.86341,94,559,174,636
car 0.85240,292,350,365,435
car 0.62182,428,248,495,299
car 0.60637,338,254,399,304
person 0.76611,92,537,171,621
