object_probs,left,top,right,bottom
truck 0.65460,532,262,641,322
motorbike 0.92997,226,371,260,410
motorbike 0.71437,289,357,329,415
motorbike 0.68630,505,309,525,335
car 0.87987,349,261,418,309
car 0.81748,250,272,296,318
person 0.78973,227,351,256,390
person 0.76963,504,295,524,329
person 0.74985,289,349,329,407
person 0.54148,190,262,206,285
