object_probs,left,top,right,bottom
motorbike 0.89472,933,362,1005,413
motorbike 0.83233,116,539,190,618
motorbike 0.51537,1070,368,1079,407
car 0.99026,232,344,313,425
car 0.98907,558,330,720,401
car 0.60272,333,257,396,303
person 0.67653,228,277,244,307
