object_probs,left,top,right,bottom
motorbike 0.74625,161,521,203,585
motorbike 0.59329,0,615,96,709
motorbike 0.50536,344,308,370,338
car 0.72049,430,247,505,302
car 0.65334,292,335,363,414
car 0.61768,342,256,393,303
person 0.76539,157,495,203,576
person 0.55382,343,296,368,333
person 0.52636,0,580,73,686
