object_probs,left,top,right,bottom
motorbike 0.88975,647,383,736,430
motorbike 0.87568,512,352,552,386
motorbike 0.55712,269,368,295,408
car 0.97400,339,300,431,354
car 0.63486,187,295,238,337
person 0.85122,512,329,554,381
person 0.74233,651,340,697,401
person 0.72632,213,250,228,282
person 0.62485,265,348,297,409
