object_probs,left,top,right,bottom
car 0.62402,340,257,412,304
person 0.81826,212,288,231,325
