object_probs,left,top,right,bottom
car 0.79046,337,257,399,304
person 0.70495,234,309,254,345
