object_probs,left,top,right,bottom
motorbike 0.89661,764,342,831,386
car 0.89528,147,444,324,600
car 0.74940,336,254,398,305
person 0.80965,774,329,824,382
person 0.78768,195,250,207,273
