object_probs,left,top,right,bottom
car 0.88063,337,256,401,305
person 0.54372,281,368,305,418
