object_probs,left,top,right,bottom
motorbike 0.91865,703,329,732,362
motorbike 0.68419,741,347,779,386
motorbike 0.59518,652,332,682,370
motorbike 0.55862,616,347,648,383
car 0.99063,449,297,538,358
person 0.88052,172,274,189,303
person 0.87359,612,322,650,377
person 0.86161,216,274,233,300
person 0.81488,737,327,778,383
person 0.78454,704,317,731,349
person 0.68580,639,322,682,373
person 0.56432,648,317,674,352
