object_probs,left,top,right,bottom
motorbike 0.81981,529,325,576,370
car 0.99533,922,343,1079,421
car 0.97064,192,432,354,560
car 0.87586,334,258,399,306
person 0.79149,250,318,271,355
