object_probs,left,top,right,bottom
motorbike 0.86840,598,382,676,427
person 0.63515 motorbike 0.79822,264,348,288,392
motorbike 0.59180,484,351,520,381
car 0.97130,323,297,413,352
car 0.63583,183,293,235,335
car 0.54141,342,257,387,282
person 0.73430,479,326,522,378
person 0.57801,611,340,656,402
person 0.52096,211,250,231,281
