object_probs,left,top,right,bottom
motorbike 0.61916,495,324,537,362
motorbike 0.58141,0,580,90,701
car 0.89524,282,370,368,480
car 0.80339,337,254,397,304
