object_probs,left,top,right,bottom
motorbike 0.75874,238,540,317,615
motorbike 0.61121,253,398,292,459
car 0.87329,218,257,261,287
car 0.58556,334,256,397,303
person 0.87976,253,387,291,449
person 0.54326,266,273,287,307
