object_probs,left,top,right,bottom
person 0.78213 motorbike 0.70799,265,331,291,371
motorbike 0.58681,375,328,403,356
motorbike 0.55545,266,348,289,378
motorbike 0.51782,169,527,235,578
person 0.86074,375,313,404,351
car 0.82572,241,272,306,314
car 0.77099,157,269,200,299
person 0.62360,222,290,244,325
