object_probs,left,top,right,bottom
motorbike 0.71537,147,498,219,572
person 0.61754 motorbike 0.58244,236,327,257,369
person 0.71074 motorbike 0.55016,186,274,208,299
car 0.73484,338,255,398,303
person 0.63313,155,479,199,551
person 0.61499,300,310,326,350
person 0.58753,212,310,232,341
