object_probs,left,top,right,bottom
car 0.67001,337,256,399,305
car 0.55328,425,272,465,302
person 0.78273,170,252,184,277
person 0.78013,211,274,225,300
person 0.68978,231,291,250,321
