object_probs,left,top,right,bottom
car 0.62219,339,257,414,304
person 0.86539,211,286,229,323
