object_probs,left,top,right,bottom
motorbike 0.86040,943,360,1013,412
motorbike 0.72987,108,562,188,631
car 0.99430,231,344,314,425
car 0.99203,567,333,726,402
car 0.59820,342,257,393,301
bicycle 0.50987,306,292,333,326
person 0.74334,228,277,245,307
person 0.57086,962,348,1009,407
