object_probs,left,top,right,bottom
motorbike 0.93794,919,363,999,408
motorbike 0.93038,764,365,833,409
motorbike 0.83972,999,365,1071,420
car 0.98436,457,322,591,381
car 0.97907,204,319,276,382
person 0.88323,777,347,825,404
person 0.85436,236,443,276,507
person 0.74225,224,266,238,296
person 0.58097,253,274,266,308
person 0.50003,547,276,567,309
