object_probs,left,top,right,bottom
car 0.84652,337,254,402,305
person 0.87729,276,399,313,465
