object_probs,left,top,right,bottom
motorbike 0.66435,598,327,660,373
motorbike 0.65837,595,329,629,370
motorbike 0.53349,701,323,743,373
motorbike 0.52691,682,328,710,359
car 0.98704,441,294,528,354
person 0.88797,175,275,192,307
person 0.80846,217,275,234,300
person 0.74798,680,314,706,348
person 0.72702,620,312,650,349
