object_probs,left,top,right,bottom
motorbike 0.54159,241,502,284,560
car 0.76109,342,259,407,305
car 0.74075,275,296,334,373
car 0.53764,112,211,192,244
person 0.66869,210,420,254,484
