object_probs,left,top,right,bottom
motorbike 0.66056,254,328,280,365
car 0.77321,337,255,399,304
person 0.92060,229,288,247,322
person 0.62753,174,255,190,288
person 0.51632,395,266,413,301
