object_probs,left,top,right,bottom
car 0.82793,337,255,397,304
person 0.94832,258,329,285,382
person 0.92618,243,420,287,485
person 0.90886,186,276,205,305
person 0.81335,229,257,245,282
