object_probs,left,top,right,bottom
truck 0.92013,485,259,644,392
truck 0.69930,368,243,451,320
motorbike 0.85644,680,340,724,390
motorbike 0.51674,668,331,693,367
motorbike 0.51375,901,381,959,430
person 0.91244,906,359,949,426
person 0.68690,677,326,719,382
person 0.62566,105,307,122,354
