object_probs,left,top,right,bottom
motorbike 0.57858,268,448,296,489
motorbike 0.52584,258,421,296,485
car 0.80410,337,255,398,305
person 0.93249,186,276,205,307
person 0.78262,260,326,283,376
person 0.74138,226,256,243,280
person 0.70988,252,409,293,468
