object_probs,left,top,right,bottom
motorbike 0.82276,224,467,267,522
car 0.77572,338,256,398,304
person 0.94671,218,438,261,504
person 0.91829,224,314,246,350
person 0.85450,205,295,224,327
person 0.76977,281,293,303,334
person 0.72184,190,256,207,281
person 0.66589,159,275,177,303
