object_probs,left,top,right,bottom
car 0.79728,337,256,401,305
person 0.80435,234,310,255,345
