object_probs,left,top,right,bottom
motorbike 0.50437,168,288,186,319
car 0.92807,202,246,247,281
car 0.74169,336,256,398,303
car 0.54003,111,214,194,244
person 0.77270,355,406,397,471
person 0.67340,171,276,189,306
person 0.65943,245,270,265,307
person 0.55074,245,377,281,450
