object_probs,left,top,right,bottom
person 0.73982 motorbike 0.53585,224,268,246,304
car 0.90613,192,244,238,271
car 0.76257,336,255,399,303
car 0.53692,424,272,465,303
person 0.81419,358,364,394,426
person 0.54574,235,336,258,374
