object_probs,left,top,right,bottom
car 0.60680,340,258,414,304
person 0.69943,208,284,225,317
