object_probs,left,top,right,bottom
traffic light 0.54144,151,230,167,248
motorbike 0.85323,637,350,668,389
motorbike 0.83896,785,343,825,393
motorbike 0.81071,734,329,768,369
person 0.74237 motorbike 0.59905,215,271,230,295
person 0.55153,730,319,769,371
motorbike 0.53226,677,349,715,387
car 0.99275,460,299,554,363
person 0.92160,675,322,715,380
person 0.85756,171,273,188,301
person 0.83598,636,329,663,369
person 0.62722,789,335,813,369
person 0.52396,436,270,460,301
