object_probs,left,top,right,bottom
car 0.80838,337,256,402,305
person 0.62316,271,348,295,399
