object_probs,left,top,right,bottom
motorbike 0.95000,704,347,774,388
car 0.72215,10,528,264,698
person 0.95897,715,325,765,383
person 0.81230,255,346,288,406
