object_probs,left,top,right,bottom
motorbike 0.81192,340,310,371,348
motorbike 0.72367,232,329,256,359
car 0.82129,226,267,294,311
person 0.94710,216,447,265,510
person 0.62554,209,286,229,322
person 0.56528,232,315,256,352
