object_probs,left,top,right,bottom
motorbike 0.94293,844,345,919,395
car 0.57818,339,254,393,304
person 0.84196,169,248,182,276
person 0.79667,251,377,282,442
person 0.75447,860,326,908,386
