object_probs,left,top,right,bottom
motorbike 0.84047,348,307,376,342
car 0.82100,432,247,501,302
car 0.53641,291,334,362,418
car 0.53631,335,248,396,298
person 0.58960,348,297,372,333
person 0.58534,152,498,199,575
