object_probs,left,top,right,bottom
motorbike 0.93196,719,346,790,389
person 0.86031,735,326,783,383
person 0.79404,257,352,286,416
