object_probs,left,top,right,bottom
motorbike 0.56786,304,429,333,468
motorbike 0.51233,294,401,335,463
car 0.89187,259,288,310,338
car 0.84785,344,261,409,307
person 0.71504,227,381,264,438
person 0.70839,227,376,255,409
person 0.60282,292,391,336,447
person 0.57184,213,272,228,298
