object_probs,left,top,right,bottom
motorbike 0.62753,250,457,280,496
motorbike 0.50665,240,417,279,486
car 0.84498,205,250,257,281
car 0.63931,335,256,397,302
person 0.63173,251,271,271,307
person 0.55849,239,406,278,468
person 0.55454,174,274,193,310
person 0.51228,248,357,284,417
