object_probs,left,top,right,bottom
truck 0.76939,836,271,963,333
motorbike 0.64663,877,401,944,451
motorbike 0.59032,517,309,543,346
motorbike 0.51832,529,305,603,348
motorbike 0.51652,573,308,599,342
car 0.99338,406,283,483,336
car 0.78792,213,249,266,278
person 0.89502,233,290,253,323
person 0.82007,186,292,206,326
person 0.76516,885,373,930,444
person 0.72951,519,294,540,320
person 0.70728,162,241,178,263
person 0.63056,568,290,590,325
