object_probs,left,top,right,bottom
car 0.89340,202,247,247,281
car 0.74383,336,257,398,303
person 0.73222,171,275,191,308
person 0.58336,353,410,388,469
person 0.58185,246,270,266,306
person 0.54024,244,398,281,465
