object_probs,left,top,right,bottom
car 0.71355,336,257,399,305
car 0.70169,424,272,466,303
person 0.75223,208,273,222,297
person 0.72413,168,251,183,276
person 0.62872,230,287,245,315
