object_probs,left,top,right,bottom
car 0.72498,336,256,401,305
person 0.77415,260,332,283,381
