object_probs,left,top,right,bottom
motorbike 0.93074,786,362,856,409
motorbike 0.91981,941,363,1019,408
motorbike 0.84376,1027,361,1078,415
car 0.99327,457,324,606,386
car 0.98791,208,322,280,385
person 0.85331,222,450,266,509
person 0.80331,797,346,846,405
person 0.55182,224,268,240,297
