object_probs,left,top,right,bottom
car 0.75078,337,256,399,305
person 0.90780,171,254,187,281
person 0.77784,212,277,228,303
