object_probs,left,top,right,bottom
car 0.78110,337,256,400,305
person 0.75488,235,309,257,347
