object_probs,left,top,right,bottom
motorbike 0.87332,839,364,914,409
motorbike 0.86042,680,364,743,407
motorbike 0.80415,905,380,988,430
motorbike 0.73288,261,417,295,484
motorbike 0.54936,234,273,250,300
motorbike 0.52491,597,290,621,320
car 0.98829,413,316,533,373
car 0.94537,202,310,261,371
car 0.62426,331,257,396,305
person 0.88542,692,342,740,400
person 0.78237,925,356,966,422
person 0.71795,257,407,293,468
person 0.57938,844,343,891,403
