object_probs,left,top,right,bottom
car 0.68477,337,256,398,304
person 0.84697,257,383,289,449
person 0.81626,183,250,199,278
person 0.69807,195,289,212,320
person 0.67112,209,305,230,342
person 0.64449,258,274,275,313
person 0.61045,205,293,224,329
