object_probs,left,top,right,bottom
truck 0.59459,493,255,660,400
truck 0.54594,381,251,459,320
bus 0.64157,493,252,675,403
motorbike 0.83561,940,385,1003,437
motorbike 0.82917,700,344,744,394
motorbike 0.62018,686,332,715,368
person 0.85095,947,366,988,428
person 0.56594,105,307,123,353
person 0.52399,705,330,731,366
