object_probs,left,top,right,bottom
motorbike 0.66850,87,562,172,641
car 0.70750,337,255,399,305
person 0.69710,191,268,204,299
