object_probs,left,top,right,bottom
motorbike 0.88921,892,362,967,409
motorbike 0.84439,738,363,801,409
motorbike 0.80188,961,379,1045,428
motorbike 0.52313,564,290,584,315
car 0.98965,440,320,566,377
car 0.95874,204,316,269,379
person 0.80480,753,346,800,400
person 0.80119,251,273,264,306
person 0.75646,243,429,282,486
person 0.73137,986,355,1028,420
person 0.59528,564,278,582,309
person 0.53399,900,344,948,400
