object_probs,left,top,right,bottom
motorbike 0.85681,977,339,1047,389
car 0.94041,3,538,187,716
car 0.71333,337,255,398,305
person 0.70514,206,254,222,284
