object_probs,left,top,right,bottom
motorbike 0.90739,813,345,884,396
car 0.72812,336,255,400,306
person 0.59046,167,248,180,275
