object_probs,left,top,right,bottom
car 0.69480,337,257,399,305
car 0.55738,425,272,464,302
person 0.88194,210,273,225,299
person 0.83148,170,252,184,277
person 0.78802,230,288,247,320
