object_probs,left,top,right,bottom
truck 0.84678,613,279,838,464
truck 0.55769,306,238,377,293
bus 0.80139,404,239,521,344
motorbike 0.66012,209,492,253,546
motorbike 0.63721,578,327,605,366
motorbike 0.58394,946,404,991,463
person 0.75390,199,461,243,517
person 0.67223,907,352,932,387
person 0.52985,940,383,980,447
