object_probs,left,top,right,bottom
motorbike 0.92709,13,579,128,681
motorbike 0.79461,470,330,501,359
motorbike 0.50252,464,309,507,359
car 0.85035,284,369,365,463
car 0.75497,338,254,398,305
person 0.90093,470,313,500,349
