object_probs,left,top,right,bottom
car 0.69027,339,256,412,303
person 0.76144,217,288,236,331
