object_probs,left,top,right,bottom
car 0.79179,337,256,401,305
person 0.87688,246,315,264,355
