object_probs,left,top,right,bottom
motorbike 0.79000,234,443,279,503
motorbike 0.72219,324,310,356,344
motorbike 0.66006,1,626,132,719
car 0.83548,220,264,285,308
person 0.95333,235,422,278,487
person 0.77615,493,276,511,302
person 0.57818,1,552,71,693
