object_probs,left,top,right,bottom
car 0.82513,335,256,400,304
person 0.59861,242,451,285,505
