object_probs,left,top,right,bottom
motorbike 0.54722,165,505,234,565
car 0.69506,337,255,398,305
person 0.85093,263,347,293,408
person 0.66526,200,287,218,328
person 0.63857,193,284,212,321
person 0.58795,161,489,231,550
person 0.52610,190,280,206,305
person 0.52299,160,484,194,548
person 0.51760,241,264,253,295
