object_probs,left,top,right,bottom
car 0.72148,337,255,401,305
person 0.90692,220,291,241,334
