object_probs,left,top,right,bottom
motorbike 0.94872,385,310,412,345
motorbike 0.66198,117,542,187,619
car 0.80748,295,347,363,429
car 0.76930,429,248,495,300
car 0.63780,336,254,396,304
