object_probs,left,top,right,bottom
car 0.84634,336,256,401,304
person 0.81316,258,440,297,501
