object_probs,left,top,right,bottom
motorbike 0.94173,749,384,837,431
motorbike 0.88734,569,345,617,391
motorbike 0.70558,272,391,298,433
motorbike 0.58693,715,361,774,407
car 0.97299,359,305,463,363
car 0.90802,193,300,244,347
car 0.67873,332,258,396,306
person 0.85489,717,347,767,402
person 0.63447,592,336,618,370
person 0.51992,271,372,295,413
