object_probs,left,top,right,bottom
car 0.87025,335,255,401,304
person 0.84015,262,438,301,502
