object_probs,left,top,right,bottom
car 0.78268,337,256,400,305
person 0.89109,170,253,185,280
person 0.81186,212,276,228,303
person 0.72870,235,296,254,327
