object_probs,left,top,right,bottom
motorbike 0.80533,394,314,421,347
car 0.99216,721,345,901,410
car 0.98331,262,373,341,479
car 0.77262,332,256,395,302
person 0.89640,236,292,255,327
