object_probs,left,top,right,bottom
motorbike 0.80445,226,349,252,388
motorbike 0.60540,289,370,317,404
motorbike 0.53963,526,309,549,342
car 0.89203,356,262,420,311
car 0.87644,243,271,310,313
person 0.83473,184,257,200,283
person 0.79023,284,341,319,399
person 0.70501,224,341,247,371
person 0.61579,419,267,438,304
