object_probs,left,top,right,bottom
motorbike 0.53958,258,430,287,471
motorbike 0.51687,180,582,258,652
car 0.67735,335,256,398,304
person 0.82984,253,398,289,464
person 0.54918,528,275,548,310
