object_probs,left,top,right,bottom
car 0.61982,424,272,465,302
car 0.56098,338,256,399,305
person 0.80087,169,249,182,273
person 0.73005,227,279,241,305
person 0.57615,206,269,218,295
