object_probs,left,top,right,bottom
motorbike 0.60248,353,373,381,408
motorbike 0.52552,250,290,273,312
car 0.90376,193,241,233,263
car 0.68643,337,255,398,305
person 0.79358,350,352,376,392
person 0.58442,232,333,251,366
