object_probs,left,top,right,bottom
motorbike 0.80201,518,311,540,341
motorbike 0.55163,290,372,321,408
motorbike 0.52109,227,369,257,402
car 0.90189,353,262,418,310
car 0.86380,245,272,310,314
person 0.79498,226,348,253,388
person 0.72429,187,259,203,285
person 0.60019,415,268,436,304
person 0.55417,289,345,326,404
