object_probs,left,top,right,bottom
motorbike 0.94527,926,344,1003,398
car 0.76558,338,255,400,304
car 0.61168,109,213,195,245
person 0.87804,237,406,278,467
person 0.53270,172,249,185,280
