object_probs,left,top,right,bottom
motorbike 0.72992,193,510,239,569
car 0.67745,337,255,399,305
person 0.72584,182,258,196,290
person 0.72455,178,467,224,528
person 0.51078,190,478,237,549
