object_probs,left,top,right,bottom
motorbike 0.85737,888,399,958,467
car 0.98283,573,327,701,421
person 0.85935,896,384,941,451
person 0.50135,161,253,176,280
