object_probs,left,top,right,bottom
car 0.79147,337,256,400,304
person 0.90477,180,269,199,301
person 0.84978,266,347,295,394
person 0.75842,241,299,262,332
