object_probs,left,top,right,bottom
car 0.79394,336,256,401,305
person 0.63228,250,325,267,368
