object_probs,left,top,right,bottom
motorbike 0.92906,410,330,442,362
motorbike 0.68031,303,348,337,386
motorbike 0.54834,95,566,180,629
car 0.80429,243,278,325,327
car 0.69135,343,256,392,302
car 0.56663,107,213,194,245
person 0.62010,410,317,439,349
person 0.55030,397,268,418,301
