object_probs,left,top,right,bottom
traffic light 0.79869,261,381,285,433
car 0.64854,338,256,399,304
person 0.81282,256,275,271,310
person 0.67193,182,248,198,278
person 0.63340,204,294,223,330
person 0.60753,194,288,212,318
person 0.57524,207,306,227,340
