object_probs,left,top,right,bottom
motorbike 0.73938,161,521,203,585
motorbike 0.59402,0,615,96,709
motorbike 0.50635,344,308,370,338
car 0.71227,430,247,505,302
car 0.65357,292,335,363,414
car 0.59791,342,256,393,303
person 0.75965,157,496,202,576
person 0.56561,343,296,368,333
person 0.52610,0,580,73,686
