object_probs,left,top,right,bottom
motorbike 0.70628,261,346,284,387
car 0.71549,337,256,401,305
person 0.77683,259,334,285,380
