object_probs,left,top,right,bottom
car 0.63789,340,258,412,305
person 0.72720,200,274,217,308
