object_probs,left,top,right,bottom
truck 0.71050,921,266,1049,331
car 0.64344,919,258,1049,330
motorbike 0.72931,641,325,676,362
motorbike 0.72646,568,325,603,365
car 0.97816,425,287,507,345
person 0.88148,223,280,242,304
person 0.77633,564,303,604,361
person 0.67804,180,278,198,308
person 0.61210,641,311,668,348
person 0.51174,631,309,650,344
