object_probs,left,top,right,bottom
motorbike 0.93330,922,344,994,399
car 0.78422,338,255,400,304
car 0.55851,109,213,194,246
person 0.91421,238,403,278,469
person 0.62620,171,249,184,280
person 0.56760,940,336,987,395
