object_probs,left,top,right,bottom
motorbike 0.64106,555,332,592,371
car 0.99551,938,335,1078,423
car 0.98694,177,438,353,574
car 0.87300,335,257,400,306
person 0.79516,252,323,272,366
