object_probs,left,top,right,bottom
car 0.78473,337,256,401,305
person 0.90119,243,315,262,351
