object_probs,left,top,right,bottom
motorbike 0.84006,414,334,448,366
motorbike 0.73495,481,373,541,414
motorbike 0.59539,529,337,576,388
car 0.94874,297,292,374,340
car 0.69339,337,252,396,296
person 0.74178,529,331,575,383
person 0.70621,259,329,284,373
person 0.59399,420,315,447,354
person 0.53118,499,351,523,385
