object_probs,left,top,right,bottom
motorbike 0.77633,176,525,250,593
car 0.78948,338,255,400,305
car 0.59650,125,215,186,242
person 0.88516,200,443,242,505
