object_probs,left,top,right,bottom
car 0.60138,340,257,412,304
person 0.85816,215,288,234,327
