object_probs,left,top,right,bottom
motorbike 0.92175,939,343,1006,390
car 0.67637,5,512,213,705
car 0.66656,338,255,399,305
person 0.62272,224,255,243,287
person 0.54758,198,254,211,281
person 0.50246,207,251,226,283
