object_probs,left,top,right,bottom
motorbike 0.67602,204,476,248,543
motorbike 0.64762,231,329,250,358
person 0.57079,201,458,249,534
motorbike 0.58778,289,308,308,340
motorbike 0.53800,209,309,228,337
car 0.83953,337,256,397,304
person 0.87355,208,297,227,329
person 0.82799,166,278,186,306
person 0.77485,287,298,306,332
person 0.75446,227,317,248,349
person 0.69408,192,256,209,280
