object_probs,left,top,right,bottom
car 0.63822,339,256,415,304
person 0.86591,210,286,228,321
