object_probs,left,top,right,bottom
truck 0.68437,603,259,713,325
person 0.88922 motorbike 0.65077,218,330,243,372
motorbike 0.59369,571,327,599,362
motorbike 0.52346,222,350,243,377
car 0.91516,362,268,432,318
car 0.79097,237,260,298,308
person 0.77365,177,250,191,277
person 0.68393,275,332,299,371
person 0.57602,437,270,458,305
person 0.54146,570,312,598,353
