object_probs,left,top,right,bottom
motorbike 0.52092,260,420,297,484
car 0.80750,337,255,398,305
person 0.92817,185,274,205,307
person 0.87032,256,406,295,465
person 0.78014,256,325,280,374
person 0.65804,226,255,243,280
