object_probs,left,top,right,bottom
motorbike 0.66467,240,481,271,516
motorbike 0.56883,249,367,285,423
car 0.96239,205,250,259,283
car 0.63720,333,255,398,303
car 0.55267,109,213,194,244
person 0.79343,325,444,366,505
person 0.77401,222,435,250,473
person 0.66785,180,269,199,312
person 0.64226,256,273,275,304
