object_probs,left,top,right,bottom
motorbike 0.94558,954,361,1029,413
motorbike 0.84095,87,556,169,640
car 0.99485,235,348,316,425
car 0.99170,573,332,738,401
car 0.50220,331,258,396,303
person 0.81643,229,278,246,308
person 0.50673,965,345,1014,408
