object_probs,left,top,right,bottom
car 0.79405,338,255,399,304
person 0.95051,253,314,273,356
person 0.94773,184,271,204,305
person 0.67877,269,379,302,439
person 0.57447,217,252,234,275
