object_probs,left,top,right,bottom
motorbike 0.74425,551,331,587,370
car 0.99456,933,337,1079,422
car 0.95538,181,436,352,564
car 0.86647,335,258,400,306
person 0.68665,252,323,272,365
person 0.59427,557,318,584,347
