object_probs,left,top,right,bottom
motorbike 0.84051,414,334,448,366
motorbike 0.73450,481,373,541,414
motorbike 0.59353,529,337,576,388
car 0.94936,297,292,374,340
car 0.69154,337,252,396,296
person 0.73931,529,331,575,383
person 0.70569,259,329,284,373
person 0.59362,420,315,447,354
person 0.53379,499,351,523,385
