object_probs,left,top,right,bottom
bus 0.69216,331,230,402,304
bus 0.50350,415,241,541,351
car 0.99077,753,385,955,506
person 0.89372,645,311,674,352
