object_probs,left,top,right,bottom
motorbike 0.80190,310,329,329,362
car 0.72706,338,255,398,304
person 0.79871,307,317,328,352
person 0.79149,195,272,214,302
person 0.55704,211,314,235,343
person 0.52240,221,316,245,345
