object_probs,left,top,right,bottom
truck 0.56572,397,248,492,334
bus 0.52381,320,236,396,300
motorbike 0.86470,1013,447,1076,505
car 0.95751,622,343,782,447
person 0.88455,1023,414,1074,493
person 0.77143,564,290,582,325
person 0.64580,183,224,204,259
