object_probs,left,top,right,bottom
car 0.76699,337,257,400,305
person 0.74343,230,304,252,343
