object_probs,left,top,right,bottom
motorbike 0.92654,805,363,869,410
motorbike 0.92116,958,361,1031,409
motorbike 0.83471,222,483,265,545
motorbike 0.79217,1046,353,1078,418
car 0.98172,475,326,615,388
car 0.98104,209,322,282,389
person 0.93149,217,462,262,527
person 0.74837,224,267,239,298
person 0.74360,816,347,866,406
person 0.56589,964,343,1012,400
person 0.50401,1060,347,1079,396
