object_probs,left,top,right,bottom
truck 0.67652,936,259,1068,327
truck 0.54380,348,244,415,302
motorbike 0.79524,576,329,608,370
motorbike 0.77886,595,331,627,369
motorbike 0.72205,676,329,705,370
motorbike 0.64847,662,329,696,367
car 0.98016,432,291,516,352
person 0.77676,175,276,194,308
person 0.75941,222,277,240,303
person 0.73553,576,312,599,342
person 0.65390,658,312,685,347
person 0.65169,595,310,622,343
person 0.64035,651,310,673,346
