object_probs,left,top,right,bottom
motorbike 0.91273,428,331,461,365
motorbike 0.64819,46,578,141,660
car 0.64169,265,280,331,326
car 0.61667,167,267,211,311
