object_probs,left,top,right,bottom
motorbike 0.61633,220,463,268,523
motorbike 0.50612,231,328,254,358
car 0.76233,224,266,295,310
person 0.96751,220,444,267,507
person 0.60460,208,286,229,321
person 0.56634,230,313,255,354
person 0.51723,152,265,185,303
