object_probs,left,top,right,bottom
motorbike 0.89908,182,502,222,569
motorbike 0.69665,51,577,141,666
car 0.81875,337,255,398,303
person 0.67234,170,468,217,531
person 0.63315,53,552,135,640
