object_probs,left,top,right,bottom
car 0.92586,190,244,235,269
car 0.64693,337,255,398,304
car 0.58798,424,272,464,303
person 0.58300,234,335,256,371
person 0.53482,352,359,387,416
