object_probs,left,top,right,bottom
truck 0.73009,385,253,461,325
motorbike 0.87363,926,402,999,457
motorbike 0.80510,808,381,859,443
car 0.97093,537,323,648,401
person 0.73410,808,367,848,425
person 0.69743,966,363,1009,420
person 0.63402,190,225,209,258
