object_probs,left,top,right,bottom
truck 0.66016,324,239,398,301
truck 0.58412,416,265,510,343
motorbike 0.54594,743,339,768,366
car 0.99392,689,361,862,474
