object_probs,left,top,right,bottom
car 0.74245,337,256,398,304
person 0.84601,253,386,290,451
person 0.79592,184,249,201,278
person 0.60353,203,293,223,328
person 0.59747,195,290,213,321
person 0.58355,209,306,231,342
