object_probs,left,top,right,bottom
car 0.77163,337,256,398,304
person 0.94603,251,387,292,452
person 0.74059,204,292,226,329
person 0.71382,185,248,202,278
person 0.56242,260,284,276,317
person 0.51623,195,290,214,322
