object_probs,left,top,right,bottom
truck 0.76304,375,249,442,320
motorbike 0.85752,738,363,782,419
motorbike 0.78936,969,385,1043,443
motorbike 0.54426,824,378,871,429
car 0.99240,505,314,607,386
person 0.91572,869,343,911,400
person 0.81960,983,371,1028,444
person 0.74045,740,352,772,386
person 0.66223,824,357,869,419
person 0.57234,203,257,221,281
person 0.53141,166,261,182,287
