object_probs,left,top,right,bottom
motorbike 0.90850,771,345,842,393
car 0.91075,0,570,187,699
person 0.80308,779,326,830,385
person 0.72482,256,365,288,426
