object_probs,left,top,right,bottom
car 0.64863,341,257,410,305
person 0.57976,270,346,291,398
