object_probs,left,top,right,bottom
motorbike 0.83980,575,326,622,372
car 0.92190,260,390,363,512
car 0.81069,336,254,397,305
