object_probs,left,top,right,bottom
bus 0.78112,354,230,444,317
bus 0.54611,469,249,618,379
motorbike 0.87494,843,358,887,412
motorbike 0.76001,657,347,690,382
person 0.74847,649,322,689,378
person 0.70606,842,348,884,407
person 0.51416,846,352,872,391
