object_probs,left,top,right,bottom
car 0.69569,337,257,399,305
car 0.58964,425,272,465,302
person 0.83627,211,274,225,299
person 0.83402,170,252,184,278
person 0.77475,231,289,249,321
