object_probs,left,top,right,bottom
car 0.74318,338,255,399,304
person 0.83142,220,447,266,507
person 0.81971,234,257,249,285
person 0.80068,188,278,205,305
person 0.75462,261,333,289,396
person 0.66525,193,285,211,320
