object_probs,left,top,right,bottom
truck 0.51240,783,270,913,335
motorbike 0.84449,785,384,845,431
person 0.57925 motorbike 0.75054,537,290,562,324
motorbike 0.56035,494,307,516,342
car 0.98116,399,277,468,333
car 0.59007,796,273,912,335
car 0.56636,216,250,268,283
person 0.95301,795,357,841,422
person 0.83648,492,288,516,323
person 0.80719,191,295,213,333
person 0.79961,240,290,263,329
person 0.57419,161,241,177,263
