object_probs,left,top,right,bottom
motorbike 0.89385,473,329,504,361
car 0.99846,840,346,1032,413
car 0.99503,238,405,354,518
car 0.78047,331,256,398,304
person 0.94472,244,307,265,347
person 0.79847,477,314,506,351
