object_probs,left,top,right,bottom
motorbike 0.93073,413,328,445,362
motorbike 0.68847,87,562,175,633
car 0.76067,242,278,322,326
car 0.66181,343,255,392,303
car 0.58482,106,213,194,245
person 0.56950,413,317,440,351
