object_probs,left,top,right,bottom
motorbike 0.93073,387,331,415,363
motorbike 0.86758,251,331,271,360
motorbike 0.68239,492,350,531,379
motorbike 0.66681,426,372,468,406
car 0.95023,281,290,357,333
car 0.63686,342,256,392,302
person 0.91534,487,327,531,378
person 0.88339,389,314,416,351
person 0.68583,251,320,273,348
person 0.62445,437,340,459,372
