object_probs,left,top,right,bottom
car 0.82468,337,254,401,305
person 0.64379,278,387,311,451
