object_probs,left,top,right,bottom
truck 0.76009,341,238,415,307
truck 0.59845,424,245,549,357
motorbike 0.71554,682,328,707,364
motorbike 0.54752,559,307,587,348
car 0.98464,800,391,1022,531
person 0.71474,871,362,901,395
