object_probs,left,top,right,bottom
truck 0.62104,198,426,344,562
motorbike 0.73007,689,328,751,381
person 0.56950,697,327,745,380
car 0.78406,336,253,398,305
car 0.67055,198,415,349,546
