object_probs,left,top,right,bottom
motorbike 0.88774,853,382,939,430
motorbike 0.84276,795,364,871,409
motorbike 0.73891,619,291,648,324
motorbike 0.68042,637,362,699,404
motorbike 0.62886,230,270,247,296
car 0.97171,394,312,511,370
car 0.95523,195,306,255,360
car 0.60564,330,257,396,305
person 0.66208,800,343,848,403
person 0.60732,651,344,698,395
person 0.59430,267,401,301,462
person 0.59159,226,256,245,283
person 0.55843,879,358,916,422
person 0.52470,397,269,420,303
