object_probs,left,top,right,bottom
person 0.68344 motorbike 0.74108,266,346,294,391
car 0.77193,338,256,399,304
person 0.80503,181,270,199,302
person 0.73563,238,297,256,333
