object_probs,left,top,right,bottom
truck 0.64845,331,237,400,301
truck 0.62748,408,250,532,346
motorbike 0.50363,765,342,788,369
car 0.99357,710,366,885,486
