object_probs,left,top,right,bottom
motorbike 0.57215,156,533,223,588
car 0.67414,336,255,399,305
person 0.70026,154,495,198,575
person 0.50718,186,264,198,294
