object_probs,left,top,right,bottom
truck 0.77573,471,260,630,388
truck 0.67563,363,245,447,320
bus 0.56559,356,230,448,317
motorbike 0.77430,868,355,912,414
person 0.74045,658,321,698,378
person 0.58277,869,349,909,408
person 0.50963,105,307,122,357
