object_probs,left,top,right,bottom
car 0.68551,339,257,413,304
person 0.84833,212,287,230,324
