object_probs,left,top,right,bottom
motorbike 0.73420,267,483,308,540
car 0.76578,342,258,409,304
car 0.62189,274,304,326,361
person 0.77899,258,447,302,505
person 0.66438,221,416,251,449
