object_probs,left,top,right,bottom
car 0.65197,337,257,398,305
car 0.61318,425,273,465,302
person 0.78202,170,250,183,273
person 0.75245,206,270,219,296
person 0.70187,227,281,241,305
