object_probs,left,top,right,bottom
truck 0.71977,629,268,749,332
person 0.69974 motorbike 0.72034,273,329,296,369
motorbike 0.68120,584,327,613,364
motorbike 0.64965,214,335,239,366
car 0.96321,366,269,436,319
car 0.76041,235,259,285,304
person 0.71080,453,273,472,306
person 0.58779,173,251,189,273
person 0.53355,437,272,454,302
person 0.51831,586,314,612,354
