object_probs,left,top,right,bottom
motorbike 0.61830,379,314,403,345
car 0.98243,695,346,876,413
car 0.95165,258,373,340,464
car 0.76698,331,257,393,304
car 0.51316,402,271,478,302
person 0.89785,235,291,254,324
