object_probs,left,top,right,bottom
motorbike 0.72832,177,552,245,606
car 0.77447,336,255,401,305
person 0.67464,160,505,203,569
