object_probs,left,top,right,bottom
bus 0.70553 truck 0.65751,607,287,823,452
truck 0.52974,307,239,378,292
bus 0.84198,405,242,518,342
motorbike 0.79665,192,507,238,563
motorbike 0.51723,867,362,909,416
motorbike 0.50101,932,417,962,457
car 0.68224,564,305,609,362
car 0.67571,508,291,545,321
person 0.77072,909,378,946,441
person 0.57440,194,480,238,545
