object_probs,left,top,right,bottom
car 0.72391,337,257,399,305
car 0.63454,424,272,466,302
person 0.69502,168,251,183,276
person 0.66290,208,274,222,297
person 0.64803,230,287,243,314
