object_probs,left,top,right,bottom
car 0.61367,340,257,412,304
person 0.83484,214,287,233,326
