object_probs,left,top,right,bottom
motorbike 0.80682,226,350,251,388
motorbike 0.60499,289,369,317,404
motorbike 0.54395,526,309,549,342
car 0.89494,356,262,420,311
car 0.87640,243,271,310,313
person 0.83411,184,257,200,283
person 0.79302,284,341,319,399
person 0.72104,224,341,247,371
person 0.61841,419,267,438,304
