object_probs,left,top,right,bottom
truck 0.79209,818,272,946,332
motorbike 0.78113,838,383,901,440
car 0.98985,403,281,481,335
car 0.70255,213,248,272,281
person 0.90609,188,293,208,331
person 0.90130,234,289,255,326
person 0.81649,557,290,577,327
person 0.70140,852,364,898,428
person 0.60750,162,241,178,263
person 0.56182,512,292,535,319
