object_probs,left,top,right,bottom
motorbike 0.94809,408,331,439,362
motorbike 0.62855,298,336,338,390
motorbike 0.52742,111,569,188,624
car 0.78669,242,278,326,325
car 0.70583,342,256,393,302
car 0.50663,106,213,195,245
person 0.67860,301,320,341,384
person 0.50599,397,269,419,300
