object_probs,left,top,right,bottom
car 0.60919,340,258,411,305
person 0.77358,198,273,212,306
