object_probs,left,top,right,bottom
car 0.73745,341,258,409,305
person 0.71561,256,335,279,378
