object_probs,left,top,right,bottom
truck 0.59127,504,258,597,318
motorbike 0.65907,231,391,261,424
motorbike 0.54345,308,409,333,444
car 0.89115,345,261,411,308
car 0.74395,255,276,303,330
car 0.53263,411,273,488,307
person 0.74218,224,367,263,417
person 0.67278,202,266,219,297
person 0.61831,294,376,319,412
person 0.58311,296,381,334,440
