object_probs,left,top,right,bottom
motorbike 0.87311,28,598,122,681
motorbike 0.51689,465,330,495,359
car 0.80387,286,367,365,461
car 0.70654,338,254,399,305
person 0.78323,466,313,495,350
