object_probs,left,top,right,bottom
car 0.72865,338,255,398,303
person 0.81881,194,271,214,303
person 0.75314,304,316,327,352
