object_probs,left,top,right,bottom
motorbike 0.61025,246,418,282,484
person 0.53043 motorbike 0.58604,170,287,188,321
motorbike 0.57717,364,446,410,501
car 0.87917,202,247,247,281
car 0.72427,334,256,398,302
person 0.65373,242,403,278,467
person 0.62942,351,419,389,479
person 0.52377,173,276,190,307
person 0.51561,249,270,268,305
