object_probs,left,top,right,bottom
motorbike 0.83013,202,502,267,580
car 0.76589,339,255,400,305
car 0.52029,123,215,187,243
person 0.81919,201,432,247,522
