object_probs,left,top,right,bottom
truck 0.55287,532,302,646,399
bus 0.87113,793,277,898,332
motorbike 0.82482,765,360,805,411
motorbike 0.82141,885,427,961,482
car 0.90430,431,286,531,354
car 0.88474,346,267,419,308
car 0.74911,561,327,653,404
person 0.93931,899,396,945,470
person 0.74621,763,350,803,404
person 0.74249,948,383,987,442
person 0.70387,168,249,180,273
