object_probs,left,top,right,bottom
truck 0.53553,446,469,677,644
motorbike 0.86620,1038,357,1074,423
car 0.98139,808,382,979,494
car 0.97380,488,272,584,327
car 0.85788,370,255,436,291
car 0.76103,441,472,683,630
person 0.80331,372,268,391,306
person 0.75960,981,324,1006,376
person 0.70108,741,289,763,325
person 0.69822,320,249,335,285
person 0.61911,1040,327,1068,367
person 0.58132,199,267,212,296
person 0.50686,955,285,978,319
