object_probs,left,top,right,bottom
person 0.61510 motorbike 0.64012,371,269,393,305
motorbike 0.51754,601,287,625,320
car 0.99349,933,383,1071,474
car 0.98076,458,273,548,318
car 0.97880,988,314,1079,398
car 0.96361,692,287,825,343
