object_probs,left,top,right,bottom
bus 0.75917,415,512,717,710
person 0.52706 motorbike 0.66300,387,270,411,303
motorbike 0.64637,265,460,305,522
car 0.97103,20,544,276,702
car 0.89628,987,282,1075,334
person 0.66478,261,440,300,509
person 0.60574,710,290,734,325
