object_probs,left,top,right,bottom
truck 0.73595,272,382,383,486
motorbike 0.74154,228,370,257,411
motorbike 0.64779,477,330,495,360
car 0.99105,584,344,711,420
car 0.98409,446,272,518,315
car 0.98038,388,273,455,316
person 0.82143,224,347,258,407
