object_probs,left,top,right,bottom
truck 0.97932,719,341,976,500
car 0.93772,424,268,495,308
person 0.59573,189,258,203,287
