object_probs,left,top,right,bottom
motorbike 0.77620,967,478,1050,555
car 0.99418,832,355,1033,467
car 0.98539,549,322,662,392
car 0.85133,453,291,521,353
car 0.83273,324,235,363,262
car 0.81171,228,273,291,316
person 0.85176,970,454,1046,540
person 0.67692,349,277,368,304
