object_probs,left,top,right,bottom
car 0.98445,919,377,1079,486
car 0.97232,592,331,703,404
car 0.88977,224,272,288,308
car 0.84775,329,236,367,261
car 0.78661,472,296,548,361
