object_probs,left,top,right,bottom
truck 0.64300,479,447,713,626
person 0.78811 motorbike 0.79614,991,327,1015,372
motorbike 0.63819,1050,354,1079,418
car 0.98472,496,274,593,326
car 0.97480,830,373,992,484
car 0.83376,372,254,440,293
car 0.81363,470,460,733,612
person 0.78286,372,267,392,305
person 0.51631,462,269,480,300
