object_probs,left,top,right,bottom
truck 0.69121,532,300,692,401
truck 0.60747,983,336,1079,480
car 0.88531,354,249,404,281
person 0.89949,223,291,244,327
