object_probs,left,top,right,bottom
truck 0.78863,574,320,709,421
bus 0.65280,832,277,939,331
motorbike 0.92755,847,384,889,437
motorbike 0.81789,1006,438,1079,514
car 0.81364,379,273,459,314
car 0.78092,322,237,369,262
car 0.69110,454,292,555,361
person 0.71151,847,374,873,411
person 0.57800,1022,430,1074,513
person 0.51178,845,370,885,426
