object_probs,left,top,right,bottom
car 0.51766 truck 0.68889,574,325,718,421
bus 0.76114,836,276,940,331
motorbike 0.91674,1013,464,1078,521
motorbike 0.52711,858,384,898,444
motorbike 0.52013,850,391,881,432
car 0.81226,456,294,559,363
car 0.75147,322,236,369,260
car 0.59042,369,272,443,313
person 0.94047,1026,427,1079,515
person 0.69499,852,374,879,413
