object_probs,left,top,right,bottom
truck 0.69933,574,322,704,421
bus 0.52633,828,278,936,331
motorbike 0.86314,992,436,1074,513
motorbike 0.76919,840,385,883,439
car 0.85172,455,292,553,363
car 0.76954,322,237,367,262
car 0.76564,369,271,443,311
person 0.71673,1004,428,1057,511
person 0.56905,839,367,876,425
person 0.51044,844,374,872,409
person 0.50148,837,373,860,412
