object_probs,left,top,right,bottom
truck 0.61127,430,259,497,315
car 0.99294,644,343,791,426
car 0.95083,495,307,595,381
car 0.88338,209,258,259,301
car 0.65004,347,244,385,273
person 0.66456,169,255,181,284
