object_probs,left,top,right,bottom
car 0.61225 truck 0.68121,271,510,570,713
motorbike 0.94270,994,398,1032,459
motorbike 0.75057,940,339,978,395
person 0.59598,993,383,1031,451
car 0.99331,728,407,924,533
car 0.97665,465,269,559,321
car 0.87025,350,250,417,294
car 0.53132,193,236,231,267
person 0.88973,987,341,1027,397
person 0.50927,946,335,973,371
