object_probs,left,top,right,bottom
motorbike 0.66413,843,291,876,327
car 0.99154,668,292,800,347
car 0.98331,950,284,1075,340
person 0.92886,520,276,538,306
person 0.84896,373,270,395,303
person 0.78326,624,288,653,323
person 0.74611,392,273,412,302
