object_probs,left,top,right,bottom
truck 0.80569,375,472,643,656
car 0.78629,375,491,642,667
motorbike 0.82330,969,348,995,385
motorbike 0.77263,1022,375,1061,440
motorbike 0.58489,928,291,958,323
car 0.98182,774,390,963,506
car 0.97478,481,273,575,324
car 0.75762,369,252,434,292
person 0.86515,969,329,995,376
person 0.74280,1023,330,1049,369
person 0.67351,730,289,752,325
person 0.65504,371,266,391,306
person 0.55498,320,249,333,285
