object_probs,left,top,right,bottom
truck 0.97811,783,353,1072,537
car 0.97902,448,273,520,313
car 0.51783,505,292,559,314
person 0.66174,184,254,198,281
person 0.62026,962,357,984,386
