object_probs,left,top,right,bottom
truck 0.64957,531,292,662,374
truck 0.62462,349,251,415,308
motorbike 0.91246,106,538,189,620
car 0.95464,460,271,525,318
car 0.60708,345,249,413,298
car 0.53911,177,238,214,257
