object_probs,left,top,right,bottom
motorbike 0.95538,926,417,969,485
motorbike 0.89665,615,606,695,711
motorbike 0.63819,998,374,1026,414
car 0.99520,304,530,617,710
car 0.97057,557,282,662,330
car 0.74231,1060,270,1079,313
car 0.57321,266,345,405,501
person 0.93484,373,272,392,305
person 0.93197,83,640,136,719
person 0.91711,928,400,969,473
person 0.78332,1002,343,1036,409
person 0.76760,613,579,689,692
person 0.62421,348,274,367,303
person 0.55865,624,569,675,631
