object_probs,left,top,right,bottom
motorbike 0.64459,3,618,87,702
car 0.99430,839,294,971,345
person 0.82452,392,272,410,300
person 0.77053,374,271,392,301
person 0.73679,525,276,542,304
person 0.72900,645,293,671,323
