object_probs,left,top,right,bottom
truck 0.78835,216,418,378,521
truck 0.76339,862,404,1079,576
car 0.98638,546,334,651,397
car 0.95004,427,266,494,309
car 0.93206,373,266,438,309
person 0.73461,1039,285,1061,322
