object_probs,left,top,right,bottom
motorbike 0.82795,707,406,757,460
car 0.98257,469,300,554,355
car 0.97169,629,319,763,389
car 0.97100,962,443,1079,577
car 0.88131,263,303,331,351
car 0.68808,405,279,453,324
person 0.53418,707,383,754,450
