object_probs,left,top,right,bottom
truck 0.50207,351,254,418,310
bus 0.80496,493,242,658,387
motorbike 0.84357,698,329,727,369
motorbike 0.73113,762,370,788,407
motorbike 0.63337,895,364,941,420
motorbike 0.54140,658,327,691,369
motorbike 0.53984,663,347,693,381
person 0.89509,244,345,269,390
person 0.73087,656,318,693,375
person 0.70433,751,349,776,391
person 0.69358,890,349,919,388
person 0.68849,823,378,860,441
person 0.60142,831,378,855,415
person 0.51094,659,318,686,350
