object_probs,left,top,right,bottom
truck 0.87219,595,311,794,444
car 0.79692,398,268,455,297
car 0.69276,382,256,430,279
person 0.93402,206,276,224,304
