object_probs,left,top,right,bottom
car 0.99289,625,291,770,341
car 0.97963,926,284,1076,342
bicycle 0.53693,601,291,630,322
person 0.95265,498,274,516,304
person 0.85563,374,270,394,303
person 0.74757,809,290,842,323
person 0.67207,394,272,413,301
person 0.64998,912,284,931,328
person 0.50811,604,277,624,308
