object_probs,left,top,right,bottom
truck 0.69540,253,405,383,513
car 0.98734,567,339,684,409
car 0.95990,429,269,507,312
car 0.93552,385,271,437,311
car 0.51346,905,407,1079,587
person 0.65409,234,355,254,392
