object_probs,left,top,right,bottom
motorbike 0.96174,534,567,615,630
motorbike 0.95542,785,547,852,617
motorbike 0.93485,689,507,758,568
motorbike 0.68090,352,627,470,719
person 0.68461,536,539,617,619
motorbike 0.59808,586,643,684,719
car 0.96074,597,286,715,333
car 0.55937,345,256,426,303
person 0.97228,794,500,846,606
person 0.90582,698,467,747,554
person 0.80958,545,510,591,573
person 0.80677,373,618,466,709
