object_probs,left,top,right,bottom
car 0.99502,577,286,698,336
car 0.99029,877,287,1025,345
person 0.93063,457,272,474,299
person 0.87452,375,272,395,303
person 0.85901,562,278,581,312
person 0.73186,392,272,411,302
person 0.73171,757,290,788,328
person 0.60862,844,286,870,327
person 0.52781,337,271,357,302
