object_probs,left,top,right,bottom
motorbike 0.94898,741,490,804,541
motorbike 0.94626,831,528,897,588
motorbike 0.92174,605,523,677,593
motorbike 0.81609,425,620,544,715
motorbike 0.50073,658,651,740,719
car 0.96984,624,290,767,335
person 0.95564,837,483,888,577
person 0.95041,750,449,801,531
person 0.90695,659,584,739,697
person 0.84311,612,485,655,547
person 0.74062,444,586,530,694
person 0.59678,633,504,679,572
