object_probs,left,top,right,bottom
truck 0.89989,159,443,358,571
car 0.99375,515,324,627,386
car 0.93114,371,266,423,305
car 0.87403,781,384,1035,527
car 0.86987,419,267,473,298
person 0.59790,229,382,262,444
