object_probs,left,top,right,bottom
motorbike 0.79262,2,575,93,691
car 0.93204,439,268,503,309
car 0.60490,331,247,398,297
car 0.55355,549,293,629,362
person 0.71970,163,290,186,324
