object_probs,left,top,right,bottom
truck 0.77594,266,394,381,499
motorbike 0.51248,230,368,256,412
car 0.99532,574,342,698,413
car 0.97209,385,273,457,314
car 0.93146,437,271,509,312
car 0.69421,931,411,1077,584
person 0.80304,231,350,254,395
