object_probs,left,top,right,bottom
truck 0.68560,294,367,383,454
motorbike 0.74139,227,350,249,388
motorbike 0.57917,497,333,525,368
car 0.99724,621,355,758,435
car 0.96359,465,275,538,325
car 0.94525,400,275,461,323
car 0.57715,1036,413,1079,597
