object_probs,left,top,right,bottom
car 0.99404,550,284,668,333
car 0.98659,849,289,988,343
car 0.61345,283,237,321,261
person 0.86675,722,290,752,327
person 0.81568,536,278,554,309
person 0.67509,387,272,411,303
person 0.67320,803,289,831,328
person 0.62390,375,270,400,303
person 0.61553,976,285,999,322
person 0.57543,375,257,395,284
