object_probs,left,top,right,bottom
motorbike 0.65134,214,333,237,358
motorbike 0.61189,559,358,586,391
car 0.99401,721,381,886,480
car 0.98369,507,287,603,342
car 0.96725,418,283,483,329
car 0.79733,296,337,378,409
person 0.64808,213,317,234,347
