object_probs,left,top,right,bottom
truck 0.55074,534,291,653,370
truck 0.52630,345,251,411,307
motorbike 0.90370,68,560,163,640
car 0.91734,456,271,520,316
car 0.51989,178,238,214,257
car 0.51038,342,249,409,299
person 0.68551,69,538,160,618
