object_probs,left,top,right,bottom
car 0.99472,697,353,862,444
car 0.92619,514,319,632,388
car 0.62078,360,248,400,273
person 0.82269,166,255,180,280
