object_probs,left,top,right,bottom
truck 0.67732,325,246,395,298
truck 0.52327,543,291,615,358
car 0.89854,433,267,496,309
car 0.54717,715,372,920,479
car 0.52601,549,294,619,358
person 0.66801,167,291,191,325
