object_probs,left,top,right,bottom
motorbike 0.67824,718,406,768,459
car 0.98674,470,299,559,357
car 0.98052,977,438,1078,584
car 0.94561,634,316,771,394
car 0.77144,264,299,328,349
car 0.73087,407,279,456,328
person 0.55621,336,273,352,300
