object_probs,left,top,right,bottom
car 0.98132,477,275,564,323
car 0.70776,320,246,363,280
person 0.89419,499,648,550,719
person 0.54038,363,607,408,680
