object_probs,left,top,right,bottom
truck 0.61815,854,357,1079,552
truck 0.53562,985,273,1072,328
motorbike 0.55929,178,504,227,568
car 0.98099,448,302,516,348
car 0.91342,1,608,73,717
car 0.90493,373,250,424,279
car 0.71655,609,334,772,447
person 0.65623,180,483,224,546
person 0.56918,888,295,918,328
