object_probs,left,top,right,bottom
truck 0.52208,464,272,553,338
car 0.99530,837,391,1066,500
car 0.90885,187,250,242,279
car 0.88797,618,340,727,427
car 0.58189,391,256,431,282
person 0.75212,227,291,255,323
