object_probs,left,top,right,bottom
truck 0.68098,541,311,695,413
truck 0.61410,991,341,1079,475
car 0.83604,354,249,404,281
person 0.87887,222,290,242,325
