object_probs,left,top,right,bottom
motorbike 0.92273,937,413,982,481
motorbike 0.74788,636,616,713,702
motorbike 0.67858,1009,368,1037,411
motorbike 0.50742,121,676,226,719
car 0.96095,563,283,668,330
car 0.95438,330,525,643,698
car 0.83517,273,346,406,494
person 0.91976,373,272,392,304
person 0.86405,939,394,984,474
person 0.83372,112,628,166,707
person 0.67434,639,573,715,691
person 0.60749,1008,342,1041,407
person 0.57176,348,273,367,303
