object_probs,left,top,right,bottom
car 0.58992 truck 0.77321,330,493,624,680
motorbike 0.78551,1012,378,1048,444
motorbike 0.73661,958,351,986,388
motorbike 0.65411,909,291,943,324
car 0.99026,759,398,945,515
car 0.96376,474,272,572,325
car 0.77790,366,252,433,292
car 0.58053,189,235,230,265
person 0.80039,959,329,987,374
person 0.78487,1012,334,1040,368
person 0.68070,202,271,219,301
person 0.54284,319,249,331,285
person 0.53706,1062,292,1076,329
