object_probs,left,top,right,bottom
truck 0.91004,647,314,837,423
truck 0.50590,575,294,648,354
bus 0.69110,402,270,483,336
motorbike 0.67405,283,412,312,450
person 0.86055,275,382,312,445
