object_probs,left,top,right,bottom
motorbike 0.85243,277,645,377,719
motorbike 0.81613,490,602,580,677
car 0.98239,516,280,612,325
car 0.62901,422,270,457,293
person 0.93871,615,588,689,702
person 0.93134,279,617,361,710
person 0.60086,499,545,570,655
