object_probs,left,top,right,bottom
person 0.81210 motorbike 0.57450,390,271,411,301
car 0.99607,770,294,907,346
car 0.89889,1026,277,1079,332
person 0.93077,480,274,496,301
person 0.69215,374,273,394,301
person 0.57686,594,288,617,321
person 0.54446,930,288,961,323
person 0.51033,331,253,354,281
