object_probs,left,top,right,bottom
truck 0.90206,657,333,928,492
car 0.93787,408,265,474,304
person 0.77279,196,267,209,296
