object_probs,left,top,right,bottom
car 0.99211,764,364,959,472
car 0.94075,587,327,675,407
car 0.89668,193,252,245,281
car 0.65769,372,251,426,280
