object_probs,left,top,right,bottom
truck 0.67542,347,249,413,308
truck 0.55079,530,291,658,371
motorbike 0.83012,87,536,182,623
car 0.94553,457,271,524,317
car 0.60062,569,295,657,373
person 0.57629,88,517,176,597
