object_probs,left,top,right,bottom
truck 0.54373,345,252,413,306
motorbike 0.92872,81,560,176,637
car 0.92095,459,271,523,317
car 0.61090,177,237,214,257
car 0.57598,570,295,655,372
car 0.52257,342,249,410,298
person 0.75285,76,528,164,623
