object_probs,left,top,right,bottom
bus 0.84715,839,383,1014,511
car 0.99352,256,435,399,546
car 0.97467,481,575,771,712
car 0.77359,508,464,677,580
car 0.52218,333,260,400,306
person 0.71766,176,648,221,718
person 0.52688,147,646,193,719
