object_probs,left,top,right,bottom
truck 0.67624,575,318,689,412
truck 0.63815,973,327,1077,459
car 0.93736,353,249,402,282
person 0.92883,224,292,245,327
