object_probs,left,top,right,bottom
bus 0.75754 truck 0.69068,519,257,695,409
motorbike 0.92207,890,423,963,481
motorbike 0.75639,954,386,1014,439
motorbike 0.67816,792,362,836,415
motorbike 0.61589,703,349,738,389
person 0.86188,233,328,259,376
person 0.82942,902,392,948,469
person 0.78224,957,357,1004,428
person 0.66317,702,329,732,368
