object_probs,left,top,right,bottom
truck 0.66116,486,274,567,342
car 0.98087,901,395,1079,527
car 0.84478,402,260,453,297
car 0.77577,179,247,249,276
car 0.67047,626,348,766,435
person 0.77776,208,290,237,325
