object_probs,left,top,right,bottom
car 0.99763,572,287,697,336
car 0.99055,871,288,1025,344
person 0.83843,558,278,579,311
person 0.81382,375,271,396,303
person 0.77364,456,272,473,297
person 0.66365,750,291,779,326
person 0.64272,391,272,411,302
