object_probs,left,top,right,bottom
truck 0.53183,430,259,496,314
car 0.99350,641,343,784,427
car 0.92791,498,303,591,382
car 0.75241,210,265,262,299
car 0.52116,342,243,382,273
person 0.61567,169,257,181,284
