object_probs,left,top,right,bottom
motorbike 0.69626,739,422,786,469
car 0.98811,1001,452,1079,569
car 0.98491,482,301,564,362
car 0.94702,652,316,783,396
car 0.70528,263,302,324,347
car 0.54767,413,281,462,330
person 0.52836,734,383,780,449
