object_probs,left,top,right,bottom
person 0.56283 motorbike 0.56807,927,290,959,323
person 0.84456 motorbike 0.54288,390,271,412,302
car 0.99663,768,293,899,347
car 0.71176,1025,276,1079,334
person 0.93881,478,273,495,302
person 0.73021,374,272,394,302
person 0.55933,587,289,609,321
person 0.55608,331,253,354,281
