object_probs,left,top,right,bottom
truck 0.98241,734,310,1063,530
truck 0.56924,358,259,420,313
motorbike 0.88126,576,331,601,368
motorbike 0.81980,616,330,644,363
motorbike 0.72785,715,345,756,403
car 0.62310,413,276,491,344
car 0.52422,608,278,699,325
person 0.82995,192,278,207,308
person 0.80897,576,315,599,349
person 0.50154,616,317,642,349
