object_probs,left,top,right,bottom
car 0.99724,571,286,693,336
car 0.99446,868,289,1019,343
person 0.80080,376,270,396,303
person 0.79742,748,290,778,326
person 0.79092,556,278,576,310
person 0.73663,456,272,471,298
person 0.64441,391,271,411,302
person 0.56504,836,283,858,327
