object_probs,left,top,right,bottom
car 0.99597,544,282,651,332
car 0.99270,839,293,977,346
car 0.57224,282,237,320,260
person 0.77201,794,285,818,327
person 0.75689,715,291,747,329
person 0.70412,532,274,552,308
person 0.69579,376,269,398,304
person 0.68766,389,271,411,303
person 0.57794,974,285,996,322
person 0.53491,375,256,392,284
