object_probs,left,top,right,bottom
car 0.99583,799,376,1010,483
car 0.96179,604,333,702,417
car 0.92798,191,250,245,280
car 0.91617,384,254,428,284
