object_probs,left,top,right,bottom
truck 0.58686,302,339,385,449
motorbike 0.73196,225,348,249,385
motorbike 0.59831,509,334,534,372
car 0.99376,634,364,788,442
car 0.95277,468,281,553,329
car 0.94622,404,276,462,324
person 0.76134,222,335,247,376
