object_probs,left,top,right,bottom
truck 0.97467,754,328,1049,491
bus 0.76433,457,283,566,365
motorbike 0.66608,269,351,291,378
car 0.68612,724,311,836,386
car 0.52531,327,247,360,273
person 0.93957,263,330,290,370
