object_probs,left,top,right,bottom
truck 0.69610,946,337,1073,449
truck 0.68933,1014,376,1079,537
truck 0.68131,519,299,670,395
car 0.92389,351,249,401,282
person 0.91109,228,293,248,327
