object_probs,left,top,right,bottom
motorbike 0.91319,951,419,992,487
motorbike 0.72017,911,372,946,410
motorbike 0.62582,1024,311,1046,347
car 0.98817,113,563,469,708
car 0.97619,454,268,536,319
car 0.92980,348,249,417,295
car 0.86685,195,239,245,277
car 0.79610,662,428,880,566
person 0.91490,949,358,988,420
person 0.84120,951,403,991,469
person 0.67663,912,345,948,404
person 0.65602,1028,309,1053,352
person 0.63179,830,294,862,326
