object_probs,left,top,right,bottom
truck 0.66236,570,302,715,388
truck 0.55127,368,258,439,316
motorbike 0.87049,219,479,271,553
car 0.85316,503,282,566,329
person 0.90447,216,459,268,534
