object_probs,left,top,right,bottom
truck 0.66164,258,401,380,503
car 0.99196,565,342,691,409
car 0.95176,430,269,507,312
car 0.90988,386,272,452,313
car 0.68951,912,410,1078,590
car 0.64152,268,397,371,474
person 0.64531,232,353,254,387
