object_probs,left,top,right,bottom
truck 0.68452,946,371,1079,528
truck 0.67178,508,292,661,393
truck 0.54181,891,335,1043,439
car 0.84083,341,249,392,280
person 0.83454,235,297,255,328
