object_probs,left,top,right,bottom
bus 0.57006,603,452,833,647
car 0.98610,124,502,336,613
car 0.93615,68,602,312,719
car 0.76194,1032,279,1078,330
person 0.86553,275,409,311,468
person 0.59531,387,270,410,301
