object_probs,left,top,right,bottom
truck 0.97309,743,347,980,498
bus 0.55395,950,274,1054,324
motorbike 0.83512,77,552,163,641
car 0.96621,418,291,487,336
car 0.90316,355,248,404,277
car 0.66399,550,320,691,408
person 0.57201,831,296,850,325
