object_probs,left,top,right,bottom
truck 0.74567,475,450,705,630
motorbike 0.78776,990,328,1013,371
motorbike 0.74366,1047,355,1078,419
car 0.98435,496,274,591,326
car 0.98305,823,377,993,488
car 0.84167,370,254,440,292
car 0.74523,468,460,711,619
person 0.80437,373,267,393,304
person 0.57995,321,249,336,286
person 0.57038,970,277,993,310
