object_probs,left,top,right,bottom
car 0.54493 truck 0.77918,303,503,597,684
motorbike 0.78775,1005,377,1042,450
motorbike 0.75194,953,348,980,389
car 0.98975,751,400,932,522
car 0.98805,472,269,557,322
car 0.77991,351,250,422,295
car 0.54283,190,235,230,266
person 0.77241,954,332,981,378
person 0.77058,1003,337,1037,398
