object_probs,left,top,right,bottom
truck 0.90305,847,326,1076,528
bus 0.54964,469,284,602,375
car 0.93938,331,245,380,278
car 0.59840,114,208,190,238
person 0.93296,248,308,270,347
