object_probs,left,top,right,bottom
truck 0.69330,521,300,677,398
truck 0.67855,953,333,1079,456
car 0.94977,351,249,402,283
person 0.91528,226,294,248,327
