object_probs,left,top,right,bottom
motorbike 0.72960,583,367,610,404
car 0.99664,754,395,948,494
car 0.98964,426,286,497,335
car 0.97279,532,296,624,352
car 0.67020,292,332,376,395
car 0.64111,365,261,411,307
person 0.85037,211,312,231,348
