object_probs,left,top,right,bottom
truck 0.81323,637,288,887,476
motorbike 0.79361,934,383,1008,447
motorbike 0.67306,522,307,585,348
motorbike 0.64237,636,329,661,374
motorbike 0.59141,553,311,583,342
motorbike 0.58361,521,311,545,344
motorbike 0.58007,1030,439,1078,498
car 0.82569,388,275,463,331
car 0.65970,340,254,399,305
car 0.62123,563,277,651,325
person 0.93702,202,292,219,330
person 0.81286,1032,414,1078,491
person 0.58407,942,376,987,444
person 0.54911,479,276,497,303
