object_probs,left,top,right,bottom
truck 0.75672,263,512,578,719
motorbike 0.91380,988,399,1027,463
motorbike 0.61568,937,343,978,397
car 0.99624,726,409,918,537
car 0.97919,463,269,560,321
car 0.88608,350,250,418,295
person 0.84698,982,342,1019,399
