object_probs,left,top,right,bottom
truck 0.97169,816,320,1074,567
bus 0.76528,457,245,586,368
motorbike 0.75607,779,356,822,415
motorbike 0.50061,702,359,746,412
car 0.52994,423,273,461,302
person 0.71001,596,309,620,347
person 0.60679,634,309,659,352
person 0.60037,679,330,706,372
person 0.51289,255,368,288,427
