object_probs,left,top,right,bottom
truck 0.95608,729,308,1056,524
bus 0.50756,607,280,697,325
motorbike 0.82030,573,329,600,366
motorbike 0.74521,615,330,640,362
motorbike 0.74124,712,344,753,403
car 0.80456,412,280,490,343
car 0.59452,309,250,362,282
car 0.57339,355,259,418,312
person 0.80349,574,314,597,350
person 0.77081,193,279,208,307
person 0.72380,521,295,546,324
person 0.61529,614,316,640,350
