object_probs,left,top,right,bottom
truck 0.73137,653,351,825,458
car 0.52177 truck 0.57325,499,307,614,384
motorbike 0.78863,1002,439,1067,497
motorbike 0.57186,798,308,838,342
motorbike 0.51331,762,296,790,323
car 0.87056,394,278,460,324
car 0.85792,319,241,382,281
person 0.65871,1008,414,1056,486
