object_probs,left,top,right,bottom
truck 0.70972,574,322,704,421
bus 0.52916,828,278,936,331
motorbike 0.86238,992,436,1074,513
motorbike 0.76402,840,385,883,439
car 0.85610,455,292,553,363
car 0.76930,321,237,367,262
car 0.75786,368,271,444,311
person 0.71697,1004,428,1057,511
person 0.58418,839,367,876,426
person 0.50803,844,374,872,409
person 0.50521,837,373,860,412
