object_probs,left,top,right,bottom
truck 0.58547,848,393,1072,561
truck 0.56664,195,434,373,546
motorbike 0.60568,440,313,462,342
car 0.98816,536,332,645,396
car 0.93935,375,267,428,307
car 0.92978,428,266,493,308
car 0.65052,198,423,371,530
car 0.60336,830,397,1071,545
person 0.53941,1032,290,1061,323
