object_probs,left,top,right,bottom
truck 0.70978,301,343,384,423
motorbike 0.65558,217,332,242,371
car 0.99691,682,372,841,459
car 0.98488,495,285,579,341
car 0.98042,414,278,473,329
