object_probs,left,top,right,bottom
truck 0.88589,607,318,751,439
truck 0.53137,471,303,583,377
motorbike 0.77995,906,400,952,456
car 0.84499,468,301,585,371
car 0.83369,386,278,456,320
car 0.75057,318,235,377,263
person 0.86966,906,385,947,447
person 0.55017,723,290,743,326
