object_probs,left,top,right,bottom
truck 0.92759,644,331,895,485
car 0.89769,407,264,471,304
car 0.55783,279,237,321,261
person 0.88222,196,268,211,298
