object_probs,left,top,right,bottom
motorbike 0.91379,910,459,953,526
motorbike 0.77877,1011,325,1034,365
motorbike 0.51286,887,371,916,416
car 0.97466,444,267,525,314
car 0.96055,610,444,840,596
car 0.89020,13,585,371,705
car 0.77241,353,248,400,296
car 0.76731,196,239,267,281
person 0.85631,910,436,953,514
person 0.76164,1008,313,1033,356
person 0.74010,917,372,956,444
person 0.61410,788,292,820,325
