object_probs,left,top,right,bottom
car 0.99602,543,281,647,330
car 0.99301,832,293,973,346
person 0.79753,788,287,812,327
person 0.76945,529,275,545,308
person 0.71777,376,272,397,303
person 0.71210,390,272,410,301
person 0.64426,708,288,735,324
person 0.61019,374,257,391,281
person 0.56179,974,286,996,321
