object_probs,left,top,right,bottom
motorbike 0.87464,971,345,996,386
motorbike 0.82834,806,511,863,602
motorbike 0.81206,828,404,886,467
car 0.99138,476,489,756,657
car 0.91523,429,265,506,311
car 0.86983,210,243,261,290
car 0.82874,342,247,388,280
person 0.94783,807,483,866,591
person 0.86008,970,329,996,374
person 0.80204,374,272,391,307
person 0.78432,835,375,881,453
person 0.66070,1059,324,1076,374
person 0.51048,842,378,872,411
