object_probs,left,top,right,bottom
truck 0.95438,739,346,941,494
motorbike 0.67443,46,543,156,654
car 0.96058,418,292,483,335
car 0.89345,550,320,685,406
car 0.84593,357,248,400,274
car 0.68552,330,245,399,281
person 0.80664,904,294,932,335
person 0.60779,825,295,846,326
