object_probs,left,top,right,bottom
person 0.72906 motorbike 0.57698,801,290,833,324
car 0.99317,620,289,764,342
car 0.98179,918,286,1065,343
person 0.89807,375,271,394,303
person 0.83114,898,284,919,329
person 0.78927,486,273,505,302
person 0.76703,492,275,511,304
person 0.74843,395,271,413,300
person 0.66927,593,287,620,321
