object_probs,left,top,right,bottom
car 0.98591,829,390,1062,500
car 0.91658,623,338,723,427
car 0.87637,390,255,432,284
car 0.86493,189,250,244,279
person 0.76993,228,290,255,323
