object_probs,left,top,right,bottom
truck 0.92796,732,322,970,468
truck 0.50208,668,307,757,382
bus 0.95895,428,274,533,352
car 0.58728,323,239,361,263
