object_probs,left,top,right,bottom
motorbike 0.66370,198,487,243,547
motorbike 0.55748,904,309,947,335
person 0.75054 motorbike 0.50644,908,292,936,327
car 0.98660,449,305,533,351
car 0.96715,0,573,151,715
car 0.85387,377,251,429,281
car 0.68646,628,349,803,457
person 0.70717,191,458,216,494
person 0.69162,197,462,240,522
