object_probs,left,top,right,bottom
truck 0.52688,430,260,505,320
car 0.99499,676,353,831,437
car 0.95726,519,313,618,385
car 0.71913,358,247,397,273
car 0.71274,203,262,259,296
person 0.71599,169,256,181,282
