object_probs,left,top,right,bottom
truck 0.94890,684,316,961,496
truck 0.50434,339,255,403,308
motorbike 0.85493,1004,395,1077,472
person 0.65133 motorbike 0.59610,499,290,519,319
motorbike 0.56972,577,314,605,349
car 0.87537,402,278,476,334
car 0.56245,586,283,674,326
car 0.52754,351,258,404,307
person 0.70667,199,286,213,320
person 0.57590,544,312,568,350
