object_probs,left,top,right,bottom
truck 0.85427,591,311,778,441
car 0.80748,378,256,431,281
car 0.60788,395,268,452,296
person 0.92049,207,277,225,305
