object_probs,left,top,right,bottom
bus 0.93284,157,394,368,591
motorbike 0.91774,784,502,844,567
motorbike 0.57345,1020,399,1062,453
car 0.98494,492,277,574,322
car 0.96437,973,283,1069,326
car 0.85649,65,615,468,712
person 0.96437,916,379,957,455
person 0.94221,373,272,392,305
person 0.94035,790,459,843,536
person 0.77235,347,273,367,303
person 0.73688,1020,376,1061,448
person 0.67028,1003,341,1039,398
