object_probs,left,top,right,bottom
truck 0.58645,479,274,573,343
car 0.94340,638,346,783,443
car 0.93513,933,400,1077,530
car 0.84574,178,246,248,275
car 0.81154,406,259,458,299
person 0.75544,203,292,229,325
