object_probs,left,top,right,bottom
motorbike 0.63574,601,371,634,414
car 0.99902,785,401,987,506
car 0.98898,433,289,504,339
car 0.98145,548,299,646,361
car 0.90847,284,320,365,382
car 0.70528,372,266,422,312
person 0.80183,208,306,226,345
