object_probs,left,top,right,bottom
truck 0.95000,690,317,904,444
bus 0.91163,418,270,505,343
motorbike 0.65421,289,388,314,422
car 0.56077,218,217,248,237
person 0.57240,278,354,310,392
