object_probs,left,top,right,bottom
truck 0.51484,505,298,630,393
motorbike 0.74916,830,405,896,462
motorbike 0.69606,724,350,756,390
person 0.59098,723,344,763,393
motorbike 0.60206,622,291,651,324
motorbike 0.53805,865,400,947,460
car 0.94855,421,277,511,350
car 0.87030,343,265,424,306
car 0.78162,516,316,623,392
person 0.86732,840,383,884,449
person 0.83303,889,376,932,438
person 0.69363,170,250,182,276
