object_probs,left,top,right,bottom
bus 0.53438,469,273,547,336
car 0.97209,826,382,1040,491
car 0.90927,389,255,430,285
car 0.90641,598,340,719,414
car 0.89821,188,250,245,279
person 0.61494,229,291,258,319
