object_probs,left,top,right,bottom
bus 0.80777 truck 0.67044,524,258,697,409
motorbike 0.63561,959,386,1024,439
motorbike 0.55284,701,341,744,391
motorbike 0.53958,901,425,973,481
person 0.86661,232,328,258,375
person 0.84721,965,362,1006,422
person 0.70641,907,400,952,465
person 0.68141,704,330,736,369
person 0.64613,744,330,773,366
