object_probs,left,top,right,bottom
bus 0.79949,719,281,829,333
person 0.76915 motorbike 0.75477,658,330,690,372
motorbike 0.67678,798,360,840,416
motorbike 0.66145,664,345,691,380
motorbike 0.66091,975,412,1050,491
motorbike 0.60362,747,375,793,436
motorbike 0.53846,577,290,610,320
car 0.96287,400,276,482,336
car 0.87087,482,305,582,378
car 0.82460,330,259,395,300
person 0.90091,749,360,793,429
person 0.84219,797,346,835,405
