object_probs,left,top,right,bottom
motorbike 0.94708,972,417,1010,478
person 0.76072 motorbike 0.84409,1037,310,1061,345
motorbike 0.71303,926,370,961,405
person 0.69347,970,400,1011,472
car 0.98108,457,268,552,320
car 0.97939,692,416,899,549
car 0.87706,349,249,416,293
car 0.85706,182,535,508,714
car 0.72912,197,240,241,275
person 0.92233,965,347,1004,402
person 0.68900,926,342,963,401
