object_probs,left,top,right,bottom
person 0.77855 motorbike 0.55588,927,291,956,326
motorbike 0.54814,209,467,251,527
car 0.99164,462,305,547,359
car 0.93299,645,346,843,464
car 0.80092,369,254,442,291
car 0.79229,0,550,208,699
car 0.61018,1009,269,1075,319
person 0.79357,203,443,247,501
