object_probs,left,top,right,bottom
motorbike 0.58346,370,268,392,305
motorbike 0.53943,334,262,396,308
car 0.99172,916,390,1044,489
car 0.98920,668,288,810,343
car 0.97780,453,271,529,314
car 0.97766,967,325,1079,406
