object_probs,left,top,right,bottom
truck 0.65723,479,447,713,626
person 0.79020 motorbike 0.80044,991,327,1016,372
motorbike 0.64375,1050,354,1079,418
car 0.98520,496,274,593,326
car 0.97492,830,373,992,484
car 0.83742,372,254,440,293
car 0.80960,470,460,733,612
person 0.78277,372,267,392,305
person 0.54527,462,269,480,300
