object_probs,left,top,right,bottom
truck 0.67025,567,446,796,627
motorbike 0.92920,878,472,929,551
motorbike 0.88570,994,328,1018,367
motorbike 0.62683,862,388,891,430
motorbike 0.58126,1062,334,1078,369
car 0.98452,0,623,307,716
car 0.97089,441,267,521,314
car 0.91205,203,242,258,285
car 0.75240,563,462,815,609
car 0.66989,347,245,394,297
person 0.93752,884,379,930,445
person 0.75374,878,445,929,544
person 0.61021,868,356,901,422
