object_probs,left,top,right,bottom
truck 0.70545,900,352,1077,519
bus 0.57541,480,290,619,383
car 0.92464,336,248,384,277
person 0.94529,243,307,265,347
