object_probs,left,top,right,bottom
truck 0.91722,660,315,853,467
truck 0.62697,504,312,638,393
car 0.91242,399,278,463,328
car 0.82831,324,241,390,278
car 0.66411,508,315,630,391
