object_probs,left,top,right,bottom
truck 0.92117,629,315,797,415
motorbike 0.74624,280,431,309,468
car 0.79641,554,293,627,349
person 0.86703,269,398,308,459
person 0.50856,268,395,301,431
