object_probs,left,top,right,bottom
truck 0.92028,339,491,636,679
motorbike 0.76942,1015,376,1053,441
car 0.98808,767,395,950,512
car 0.97593,477,272,571,325
car 0.84521,365,252,432,292
car 0.63199,188,236,231,265
person 0.78107,1015,334,1045,370
person 0.73558,318,250,332,285
person 0.73531,960,328,988,374
person 0.69749,724,290,746,325
person 0.65188,1064,292,1076,327
