object_probs,left,top,right,bottom
motorbike 0.92228,870,470,923,555
person 0.53303 motorbike 0.90972,991,326,1016,369
motorbike 0.61902,1062,334,1078,371
car 0.96844,0,621,283,717
car 0.96733,440,267,521,314
car 0.92583,203,242,258,286
car 0.87265,563,467,799,612
car 0.68872,347,245,394,296
person 0.93542,880,379,927,445
person 0.80041,872,449,923,544
person 0.68970,749,293,777,324
person 0.68394,862,360,896,426
person 0.53229,374,272,391,309
