object_probs,left,top,right,bottom
person 0.63299 motorbike 0.58839,884,290,919,324
car 0.99486,715,293,848,346
car 0.87477,979,282,1078,333
person 0.80003,452,271,469,299
person 0.77982,553,276,573,310
person 0.75777,390,272,411,301
person 0.75407,373,271,398,303
person 0.68390,665,287,690,324
