object_probs,left,top,right,bottom
truck 0.62316,325,242,390,300
car 0.79169,422,262,484,304
car 0.75673,688,366,869,463
car 0.67743,531,289,607,357
car 0.53061,179,246,248,271
person 0.61056,180,292,202,327
