object_probs,left,top,right,bottom
truck 0.97019,758,328,1042,487
bus 0.82289,457,286,556,362
motorbike 0.72594,269,350,293,380
car 0.53894,327,248,357,272
person 0.94129,265,334,291,373
