object_probs,left,top,right,bottom
truck 0.91690,339,491,637,679
motorbike 0.76386,1015,376,1053,441
car 0.98894,767,395,950,511
car 0.97599,477,272,571,325
car 0.84740,365,252,432,292
car 0.63964,188,236,231,265
person 0.78123,1015,334,1045,370
person 0.73890,318,250,332,285
person 0.72844,960,328,988,374
person 0.70529,725,290,746,325
person 0.65877,1064,292,1076,327
