object_probs,left,top,right,bottom
truck 0.79144,926,329,1078,574
truck 0.65628,478,257,634,390
bus 0.64947,478,248,628,382
motorbike 0.80579,637,329,668,370
motorbike 0.80505,678,328,704,366
motorbike 0.65967,773,385,837,438
person 0.54840 motorbike 0.65884,726,349,753,391
motorbike 0.60913,853,363,900,416
motorbike 0.57391,252,378,279,410
person 0.87602,246,346,277,406
person 0.75422,637,315,665,352
person 0.60733,781,367,825,424
person 0.56521,677,313,702,351
person 0.50563,850,339,875,371
