object_probs,left,top,right,bottom
truck 0.84919,593,273,818,454
motorbike 0.82775,841,363,919,424
motorbike 0.50289,932,405,1004,458
car 0.67143,538,269,608,321
car 0.60625,386,276,455,324
car 0.59237,333,252,383,299
person 0.85614,210,304,229,343
person 0.66279,518,293,542,324
person 0.57557,458,277,476,307
person 0.55641,497,293,518,320
