object_probs,left,top,right,bottom
truck 0.84413,263,396,383,502
car 0.99579,567,343,697,411
car 0.95258,434,270,509,311
car 0.94672,385,273,453,313
car 0.65225,913,410,1077,579
person 0.72884,231,351,253,392
