object_probs,left,top,right,bottom
car 0.99592,734,363,919,461
car 0.95823,567,323,660,402
car 0.88750,366,247,411,278
car 0.87505,196,254,247,283
