object_probs,left,top,right,bottom
truck 0.67268,588,276,813,448
bus 0.61254,604,285,820,448
motorbike 0.73660,927,402,998,461
motorbike 0.58419,835,381,901,429
car 0.72399,333,251,383,298
car 0.61537,535,269,607,320
car 0.57181,385,278,456,324
person 0.87197,212,306,231,344
person 0.67742,871,349,896,388
person 0.58270,517,293,543,326
person 0.56766,838,357,878,420
person 0.56328,495,293,516,321
person 0.53892,457,276,475,306
