object_probs,left,top,right,bottom
truck 0.66707,968,368,1079,534
truck 0.56324,507,290,664,395
bus 0.54616,499,291,652,395
car 0.78713,342,248,393,280
person 0.89356,234,296,253,329
