object_probs,left,top,right,bottom
motorbike 0.97500,897,447,947,536
motorbike 0.71881,1001,327,1023,362
motorbike 0.53993,1064,307,1077,345
car 0.97243,443,268,523,314
car 0.95720,0,614,352,714
car 0.90705,597,446,823,600
car 0.83213,201,240,261,282
car 0.68705,353,247,399,296
person 0.90609,899,434,946,524
person 0.80946,904,376,948,439
person 0.52427,1002,316,1025,352
person 0.52260,878,359,915,422
