object_probs,left,top,right,bottom
truck 0.63628,537,308,702,416
truck 0.62781,1006,352,1079,467
car 0.81153,356,249,405,282
person 0.92193,220,288,242,329
