object_probs,left,top,right,bottom
truck 0.91457,234,409,383,519
truck 0.69024,883,404,1075,586
motorbike 0.50357,454,319,475,348
car 0.98101,554,338,666,401
car 0.95449,428,268,500,311
car 0.93395,382,268,434,309
car 0.54020,878,398,1079,559
