object_probs,left,top,right,bottom
motorbike 0.83951,943,417,985,479
motorbike 0.82780,1013,368,1039,410
motorbike 0.68853,3,621,74,698
car 0.96775,571,285,664,330
car 0.95180,356,517,654,701
car 0.93347,280,345,406,493
person 0.88280,373,272,392,304
person 0.87359,945,394,986,470
person 0.85614,128,623,177,708
person 0.73544,1010,342,1044,403
person 0.71419,649,571,728,682
person 0.64365,652,556,705,642
person 0.54630,0,590,52,687
person 0.53749,348,273,368,302
