object_probs,left,top,right,bottom
car 0.99850,830,411,1046,528
car 0.97791,569,300,681,372
car 0.95524,446,290,518,349
car 0.86185,280,319,353,370
car 0.78345,370,270,436,317
person 0.51018,205,296,221,333
