object_probs,left,top,right,bottom
truck 0.78355,100,469,332,612
car 0.99374,502,319,598,377
car 0.90481,351,263,421,305
car 0.83596,733,367,992,511
car 0.73475,397,262,464,300
person 0.69879,227,396,264,460
person 0.56838,990,289,1020,324
