object_probs,left,top,right,bottom
car 0.99711,742,363,930,465
car 0.93416,570,327,662,401
car 0.91377,195,253,246,283
car 0.73429,368,248,411,279
