object_probs,left,top,right,bottom
truck 0.93164,315,497,605,682
motorbike 0.80915,1008,379,1046,446
motorbike 0.69840,956,349,983,389
motorbike 0.56655,905,292,940,323
car 0.98589,755,400,940,518
car 0.97763,471,268,557,322
car 0.70627,367,250,434,292
car 0.56895,189,235,230,266
person 0.78014,958,330,985,377
person 0.70417,1007,334,1036,371
