object_probs,left,top,right,bottom
truck 0.88500,740,308,1068,529
bus 0.52769,756,308,1079,528
car 0.53418 truck 0.53790,358,259,421,313
motorbike 0.77214,578,329,605,369
motorbike 0.65243,618,329,649,364
motorbike 0.58231,719,346,761,401
car 0.68566,422,282,498,343
car 0.54252,607,277,704,328
person 0.88294,191,278,206,306
