object_probs,left,top,right,bottom
truck 0.63612,431,260,502,317
car 0.99043,666,351,822,434
car 0.96020,522,309,610,384
car 0.76166,201,263,262,297
person 0.68422,168,256,181,282
