object_probs,left,top,right,bottom
truck 0.97657,779,329,1079,506
bus 0.80684,468,289,580,373
car 0.58334,754,317,874,391
car 0.53486,332,245,364,275
person 0.79857,259,328,287,369
