object_probs,left,top,right,bottom
truck 0.86273,465,456,704,639
motorbike 0.68385,1039,357,1075,421
car 0.97535,490,271,583,328
car 0.96415,813,380,985,493
car 0.86760,370,254,438,291
car 0.60123,449,463,695,626
person 0.79949,372,267,391,305
person 0.72973,321,249,336,285
person 0.69279,983,328,1007,373
person 0.61067,962,276,980,310
person 0.58571,744,289,764,325
person 0.50952,459,270,475,299
