object_probs,left,top,right,bottom
motorbike 0.69021,718,406,768,459
car 0.98635,470,299,559,357
car 0.98087,977,438,1078,584
car 0.94330,634,317,771,394
car 0.77648,264,300,328,349
car 0.72629,407,279,456,328
person 0.54825,336,273,352,300
