object_probs,left,top,right,bottom
motorbike 0.57018,553,356,577,393
car 0.99269,703,378,870,469
car 0.98866,505,285,594,343
car 0.97672,416,281,477,329
car 0.67901,297,335,380,411
