object_probs,left,top,right,bottom
motorbike 0.93155,577,564,660,630
motorbike 0.91668,683,607,759,685
motorbike 0.86900,382,622,473,709
car 0.97831,544,281,648,328
person 0.83449,590,511,640,608
person 0.82604,695,550,745,654
person 0.74289,169,240,182,263
person 0.65256,399,578,445,652
