object_probs,left,top,right,bottom
motorbike 0.93616,619,327,650,365
motorbike 0.82578,894,398,960,461
motorbike 0.82045,695,359,735,415
motorbike 0.60345,562,288,587,318
motorbike 0.56362,745,344,784,396
person 0.71099,746,353,780,391
car 0.79859,385,272,463,330
car 0.68840,463,294,556,367
car 0.68707,333,259,383,298
car 0.55133,687,279,794,332
person 0.76005,697,347,735,406
person 0.63548,618,315,647,352
person 0.61537,900,384,947,452
person 0.55960,562,276,582,311
