object_probs,left,top,right,bottom
truck 0.52533,447,469,677,644
motorbike 0.86573,1038,357,1074,423
car 0.98036,808,382,979,494
car 0.97397,488,272,584,327
car 0.85743,370,255,436,291
car 0.76832,441,472,683,630
person 0.80108,372,268,391,306
person 0.75811,981,324,1006,376
person 0.70662,320,250,335,285
person 0.70037,741,289,763,325
person 0.61592,1040,327,1068,367
person 0.58342,199,267,212,296
person 0.50687,955,285,978,319
