object_probs,left,top,right,bottom
bus 0.73911,723,280,828,334
motorbike 0.85691,805,360,848,414
motorbike 0.81341,753,375,799,437
motorbike 0.79861,985,419,1062,493
person 0.79077 motorbike 0.63232,662,328,694,372
motorbike 0.51736,666,345,695,380
car 0.96531,401,276,483,337
car 0.87925,482,305,587,379
car 0.84566,330,260,396,301
person 0.92321,754,364,797,430
person 0.89203,803,347,844,405
person 0.59120,989,406,1023,469
