object_probs,left,top,right,bottom
truck 0.59289,468,459,738,609
bus 0.86280,881,361,1048,486
car 0.99437,275,422,404,525
car 0.97352,573,544,823,704
car 0.70343,557,447,745,551
person 0.55043,263,601,298,683
