object_probs,left,top,right,bottom
truck 0.97582,833,300,1077,578
bus 0.59663,641,279,739,331
motorbike 0.87421,620,347,647,385
motorbike 0.79268,783,363,827,425
person 0.75499 motorbike 0.75971,565,313,587,344
motorbike 0.62578,663,333,694,370
car 0.83723,368,264,437,321
car 0.81149,431,289,515,354
car 0.54405,450,264,488,294
car 0.52209,323,255,363,283
person 0.86143,620,331,646,371
person 0.80306,189,274,201,302
