object_probs,left,top,right,bottom
truck 0.84834,414,473,659,649
car 0.70921,404,484,673,656
motorbike 0.81906,1032,364,1069,426
car 0.98096,798,382,969,498
car 0.97406,486,273,581,324
car 0.78356,369,253,434,292
person 0.82097,975,326,1002,377
person 0.81040,371,268,390,307
person 0.76429,319,248,334,284
person 0.75933,1034,331,1062,365
person 0.54546,734,289,752,325
