object_probs,left,top,right,bottom
motorbike 0.97133,733,490,796,546
motorbike 0.91764,592,544,670,604
motorbike 0.89051,823,525,887,590
motorbike 0.82366,412,622,532,714
car 0.96856,621,288,764,336
car 0.54699,348,259,419,300
person 0.97860,740,449,790,534
person 0.95694,830,479,884,582
person 0.80478,653,591,735,697
person 0.71813,597,490,639,547
person 0.54908,629,515,673,571
