object_probs,left,top,right,bottom
truck 0.88919,650,311,838,424
bus 0.74753,400,269,486,336
motorbike 0.71741,286,409,312,447
car 0.65048,579,297,653,357
person 0.67242,278,381,313,443
