object_probs,left,top,right,bottom
motorbike 0.84317,702,348,733,388
car 0.95784,411,276,496,342
car 0.91022,500,310,604,383
car 0.81453,330,261,401,301
car 0.55812,749,283,855,330
person 0.84265,800,376,844,444
person 0.83177,849,363,888,422
person 0.70575,696,326,735,383
person 0.61755,1060,413,1079,502
