object_probs,left,top,right,bottom
motorbike 0.67318,194,482,238,547
motorbike 0.51805,899,308,942,335
car 0.98757,450,304,529,350
car 0.97281,2,593,129,718
car 0.89225,378,251,428,281
car 0.62961,611,340,796,450
person 0.76563,192,463,236,527
person 0.65709,905,293,934,327
