object_probs,left,top,right,bottom
motorbike 0.85628,277,645,377,719
motorbike 0.81381,490,602,581,677
car 0.98293,516,280,612,325
car 0.63460,422,270,457,293
person 0.93890,615,588,689,702
person 0.92908,279,618,361,709
person 0.60214,499,545,570,655
