object_probs,left,top,right,bottom
car 0.98828,481,276,572,324
car 0.98002,990,362,1079,444
car 0.97882,728,288,875,344
car 0.72124,1030,308,1079,358
person 0.92526,373,266,395,305
person 0.82120,475,264,490,302
person 0.65867,632,287,662,325
person 0.52517,686,287,713,324
