object_probs,left,top,right,bottom
truck 0.91058,474,454,696,636
motorbike 0.71300,1045,354,1077,421
person 0.63430 motorbike 0.68033,989,326,1011,373
car 0.98756,822,379,990,490
car 0.97670,494,272,592,326
car 0.84031,370,254,438,291
car 0.50158,467,463,703,626
person 0.82054,372,267,392,304
person 0.66933,321,249,335,285
person 0.58059,746,289,767,323
person 0.55377,460,270,476,298
