object_probs,left,top,right,bottom
truck 0.88427,716,348,930,489
truck 0.51973,924,273,1020,327
bus 0.51138,935,275,1033,325
motorbike 0.86375,16,564,133,671
motorbike 0.57097,887,307,923,338
car 0.93038,411,289,476,333
car 0.82504,358,247,397,272
car 0.67532,540,321,667,404
person 0.62573,810,290,832,321
person 0.58792,886,295,911,335
