object_probs,left,top,right,bottom
truck 0.59126,529,303,644,399
bus 0.72357,790,279,896,331
motorbike 0.80003,760,362,802,412
motorbike 0.58839,878,427,944,480
car 0.89613,427,279,521,351
car 0.88842,346,266,419,308
car 0.65322,534,325,648,400
person 0.86332,939,381,982,446
person 0.80622,758,347,798,404
person 0.79739,885,398,932,468
person 0.69280,168,250,180,273
