object_probs,left,top,right,bottom
car 0.98300,468,299,539,350
car 0.97701,609,314,735,382
car 0.96599,912,436,1076,564
car 0.85987,271,305,336,362
car 0.81955,394,277,444,323
