object_probs,left,top,right,bottom
car 0.99508,820,294,958,346
car 0.62858,1060,282,1078,325
person 0.85678,515,277,534,304
person 0.81047,391,272,411,301
person 0.79331,374,271,394,301
person 0.72800,974,284,998,320
person 0.67560,636,289,664,325
person 0.61955,761,292,789,328
