object_probs,left,top,right,bottom
truck 0.82875,616,314,791,409
truck 0.51064,388,267,465,330
motorbike 0.65254,269,436,304,473
car 0.86006,552,291,618,349
person 0.92897,267,404,305,461
