object_probs,left,top,right,bottom
motorbike 0.61139,187,507,234,565
car 0.98033,453,303,522,349
car 0.98015,2,602,109,717
car 0.94184,377,250,424,282
car 0.88261,614,338,786,450
car 0.55827,340,258,382,287
person 0.68997,187,480,233,546
person 0.66413,896,293,921,325
