object_probs,left,top,right,bottom
truck 0.70479,707,423,929,578
bus 0.69949,715,419,926,574
person 0.56558 motorbike 0.57828,388,269,411,302
car 0.97350,178,456,384,585
car 0.69804,1064,289,1079,320
car 0.62167,288,549,495,680
car 0.57696,193,669,590,719
person 0.86961,280,389,314,461
