object_probs,left,top,right,bottom
truck 0.83806,858,322,1079,576
bus 0.78138,474,246,611,381
motorbike 0.83430,704,350,730,387
motorbike 0.82544,620,333,647,367
motorbike 0.70042,656,330,682,362
motorbike 0.60172,799,362,843,419
motorbike 0.56955,741,380,786,428
car 0.61526,344,260,413,308
person 0.80441,615,313,642,349
person 0.78731,655,312,681,349
person 0.63375,703,334,728,370
person 0.60106,749,356,776,390
person 0.50624,251,357,282,418
