object_probs,left,top,right,bottom
truck 0.76615,632,314,846,466
car 0.85443,399,266,457,298
person 0.72760,199,269,213,299
