object_probs,left,top,right,bottom
truck 0.92608,655,334,886,476
car 0.80025,402,262,464,302
car 0.55376,280,237,319,261
person 0.88974,196,269,212,297
