object_probs,left,top,right,bottom
truck 0.78252,579,301,723,390
truck 0.75324,367,256,437,317
motorbike 0.90410,225,485,277,547
car 0.83384,503,281,568,330
person 0.93152,222,459,271,527
