object_probs,left,top,right,bottom
truck 0.91276,765,355,991,508
truck 0.68167,937,270,1048,329
bus 0.52750,950,270,1056,322
motorbike 0.81246,95,533,181,624
car 0.96579,428,292,493,339
car 0.95633,357,248,408,277
car 0.89438,564,322,705,415
