object_probs,left,top,right,bottom
car 0.99656,732,361,912,459
car 0.94938,564,322,654,403
car 0.92128,366,250,410,276
car 0.84093,195,254,249,282
person 0.60325,163,253,178,277
