object_probs,left,top,right,bottom
car 0.99698,730,293,863,346
car 0.68593,1005,280,1079,335
person 0.90662,457,273,474,300
person 0.83803,563,278,579,309
person 0.81697,390,272,412,302
person 0.72413,896,287,921,324
person 0.71568,373,273,397,302
