object_probs,left,top,right,bottom
truck 0.50176,39,607,344,717
car 0.95846,126,499,343,609
car 0.83815,1033,282,1078,330
car 0.76545,103,597,348,718
person 0.87355,275,408,312,469
person 0.60266,387,270,411,301
