object_probs,left,top,right,bottom
motorbike 0.59603,641,390,673,427
car 0.99713,841,419,1063,536
car 0.98000,569,302,700,372
car 0.97567,445,292,521,347
car 0.81479,277,313,353,370
car 0.76334,371,271,438,318
