object_probs,left,top,right,bottom
truck 0.76844,610,316,834,450
person 0.86146 motorbike 0.50699,202,272,219,304
car 0.87920,389,263,456,299
