object_probs,left,top,right,bottom
car 0.77971 truck 0.57356,288,507,587,693
motorbike 0.85247,999,376,1041,455
motorbike 0.78559,949,347,979,391
car 0.99167,747,399,927,526
car 0.99086,469,269,558,322
car 0.74611,351,250,421,295
car 0.61075,190,235,230,267
person 0.85734,995,339,1034,397
person 0.73454,951,333,978,374
person 0.51750,1058,295,1073,331
person 0.50477,1059,309,1075,340
