object_probs,left,top,right,bottom
truck 0.71182,572,299,702,385
motorbike 0.79827,202,507,263,565
car 0.91215,496,278,556,329
car 0.69532,362,256,436,313
person 0.87368,205,471,260,555
