object_probs,left,top,right,bottom
motorbike 0.95675,290,640,395,719
motorbike 0.87675,501,594,601,675
motorbike 0.83119,617,648,693,719
car 0.98883,519,281,611,325
car 0.61704,421,271,458,293
person 0.92036,623,582,695,700
person 0.78282,294,611,384,710
person 0.66224,513,541,589,653
