object_probs,left,top,right,bottom
motorbike 0.90655,395,620,494,704
motorbike 0.89509,696,603,769,677
motorbike 0.89150,587,559,670,628
car 0.97928,547,280,648,329
person 0.89118,700,546,767,659
person 0.87449,407,568,452,639
person 0.77072,167,238,181,261
person 0.73213,607,508,658,608
