object_probs,left,top,right,bottom
motorbike 0.78663,599,372,628,411
person 0.78673 motorbike 0.52287,208,309,228,346
car 0.99935,771,402,987,502
car 0.99099,432,289,502,338
car 0.98845,546,297,645,358
car 0.86055,285,322,365,384
car 0.75106,372,265,421,311
