object_probs,left,top,right,bottom
truck 0.89957,709,346,893,480
motorbike 0.83621,3,580,113,685
motorbike 0.72584,863,307,906,340
car 0.93543,410,285,473,330
car 0.80636,325,241,393,278
car 0.78093,529,320,653,395
