object_probs,left,top,right,bottom
truck 0.57803,827,348,1079,573
car 0.98863,461,272,545,317
car 0.62639,317,247,359,281
person 0.76447,293,650,385,719
person 0.71784,1020,359,1048,398
