object_probs,left,top,right,bottom
truck 0.71427,306,337,383,444
motorbike 0.74023,517,337,543,371
motorbike 0.54931,225,349,248,381
car 0.99629,650,365,800,446
car 0.96866,483,283,560,334
car 0.93993,409,277,468,325
person 0.81789,220,332,246,374
