object_probs,left,top,right,bottom
truck 0.77422,975,369,1079,535
truck 0.58403,915,333,1055,444
bus 0.71871,495,288,653,394
car 0.77792,344,248,393,281
person 0.91946,233,295,253,330
