object_probs,left,top,right,bottom
bus 0.88872,174,393,381,584
motorbike 0.89149,802,475,862,555
motorbike 0.85217,922,402,965,462
motorbike 0.68718,1026,379,1064,443
person 0.53556 motorbike 0.68234,1012,350,1038,389
car 0.98780,499,278,590,322
car 0.97783,976,283,1074,325
car 0.96999,58,606,498,711
person 0.97973,923,378,964,448
person 0.94289,373,272,393,305
person 0.92952,806,448,861,543
person 0.70984,347,274,367,304
person 0.64352,1014,336,1038,371
