object_probs,left,top,right,bottom
bus 0.76478,932,352,1076,461
motorbike 0.78348,271,372,296,410
motorbike 0.55919,388,269,410,302
car 0.98488,298,405,405,507
car 0.97520,662,507,890,638
car 0.84750,648,420,819,506
person 0.63854,420,545,472,647
person 0.51472,1040,275,1059,311
person 0.51454,268,350,292,390
