object_probs,left,top,right,bottom
car 0.59069 bus 0.51928,264,346,405,503
motorbike 0.94145,920,416,965,487
motorbike 0.86380,995,357,1031,418
motorbike 0.75086,600,643,674,719
car 0.99799,297,534,610,713
car 0.95524,553,283,639,328
car 0.75001,1056,272,1079,312
person 0.93423,374,272,392,304
person 0.91653,68,646,120,719
person 0.88479,995,346,1031,407
person 0.86976,923,401,961,470
person 0.86549,602,584,683,700
person 0.63018,348,274,367,303
person 0.54182,243,687,280,719
