object_probs,left,top,right,bottom
truck 0.91960,340,491,636,679
motorbike 0.76878,1015,376,1053,441
car 0.98836,767,395,950,512
car 0.97583,477,272,571,325
car 0.84590,365,252,432,292
car 0.63316,188,236,231,265
person 0.78129,1015,334,1045,370
person 0.73361,960,328,988,374
person 0.73122,318,250,332,285
person 0.68473,725,290,746,325
person 0.65254,1064,292,1076,327
