object_probs,left,top,right,bottom
truck 0.75054,474,450,705,630
motorbike 0.78877,990,328,1013,371
motorbike 0.74388,1047,355,1078,419
car 0.98426,496,274,591,326
car 0.98292,824,377,993,488
car 0.84172,370,254,440,292
car 0.74163,468,460,712,619
person 0.80450,373,267,393,304
person 0.57212,970,277,993,310
person 0.57196,321,249,336,286
person 0.50740,747,289,769,323
