object_probs,left,top,right,bottom
truck 0.61295,297,335,381,413
car 0.99574,696,376,864,465
car 0.98810,503,285,589,341
car 0.97211,417,281,476,328
