object_probs,left,top,right,bottom
bus 0.83507,739,415,936,565
motorbike 0.62972,386,269,411,303
car 0.94581,186,459,417,575
car 0.70599,175,520,568,683
car 0.52312,329,526,527,661
person 0.95507,279,385,313,453
