object_probs,left,top,right,bottom
motorbike 0.93002,929,439,972,508
motorbike 0.72150,1017,325,1039,361
person 0.70585 motorbike 0.59670,805,291,838,325
motorbike 0.59301,898,355,937,416
car 0.96813,450,268,532,317
car 0.95907,626,437,859,584
car 0.94813,48,581,412,708
car 0.85440,348,248,411,294
car 0.77587,196,239,248,278
person 0.87971,1014,312,1038,354
person 0.87616,932,361,970,424
person 0.84937,930,420,972,494
person 0.61248,899,345,936,408
