object_probs,left,top,right,bottom
truck 0.90945,474,454,696,636
motorbike 0.70749,1045,354,1077,421
person 0.63595 motorbike 0.68261,989,326,1011,373
car 0.98664,822,379,990,490
car 0.97740,494,272,592,326
car 0.83933,370,254,438,291
person 0.82175,372,267,392,304
person 0.68940,321,248,335,285
person 0.56736,746,289,767,323
person 0.55155,459,270,476,298
