object_probs,left,top,right,bottom
truck 0.79992,587,292,783,437
motorbike 0.82529,1017,431,1079,484
motorbike 0.78565,803,363,878,418
motorbike 0.58085,896,404,961,453
car 0.70595,375,276,441,325
car 0.60352,332,250,381,298
person 0.84747,904,380,945,445
person 0.69401,216,309,235,346
person 0.66150,1031,400,1074,469
person 0.59650,509,292,536,327
person 0.54032,482,295,504,325
