object_probs,left,top,right,bottom
truck 0.73202,269,386,382,489
motorbike 0.55481,230,369,256,412
motorbike 0.53173,474,328,494,357
car 0.99222,576,343,701,412
car 0.97077,386,273,457,314
car 0.93539,433,272,513,313
car 0.83659,934,406,1079,619
person 0.79323,231,349,254,396
