object_probs,left,top,right,bottom
person 0.83428 motorbike 0.51425,390,272,412,302
car 0.99715,749,293,882,347
car 0.68365,1011,278,1077,334
person 0.79889,465,273,482,298
person 0.74693,373,273,395,302
person 0.74442,912,289,938,323
person 0.61917,472,275,490,303
person 0.54556,575,277,596,311
