object_probs,left,top,right,bottom
truck 0.96273,807,322,1077,561
bus 0.82003,455,242,583,366
motorbike 0.84841,702,362,745,412
motorbike 0.83915,774,356,815,413
car 0.51440,336,255,399,305
person 0.71725,593,309,618,349
person 0.60194,627,307,653,350
person 0.59281,675,330,706,371
person 0.55658,778,331,810,367
