object_probs,left,top,right,bottom
bus 0.75150,493,292,638,389
car 0.84535,341,249,387,279
person 0.63762,236,299,257,327
person 0.57820,241,310,263,346
