object_probs,left,top,right,bottom
truck 0.90783,681,334,931,493
car 0.94764,409,267,479,303
