object_probs,left,top,right,bottom
truck 0.86432,684,323,884,435
bus 0.77861,422,272,504,341
motorbike 0.88462,287,390,313,426
car 0.67897,613,300,691,367
person 0.51204,277,355,308,394
