object_probs,left,top,right,bottom
motorbike 0.59005,369,269,392,305
motorbike 0.54191,573,283,601,321
car 0.99702,870,416,1014,516
car 0.98293,644,286,785,343
car 0.97447,932,331,1055,421
car 0.96285,441,269,520,314
