object_probs,left,top,right,bottom
truck 0.96431,730,347,1015,513
car 0.95184,428,266,501,309
person 0.66079,187,256,201,284
