object_probs,left,top,right,bottom
truck 0.95319,718,322,958,462
bus 0.94111,426,270,521,348
motorbike 0.55249,281,373,309,408
car 0.50263,323,246,353,271
person 0.75227,275,346,310,406
person 0.50270,321,249,337,282
