object_probs,left,top,right,bottom
car 0.99173,906,377,1079,486
car 0.97729,578,332,695,399
car 0.86348,330,237,366,261
car 0.80595,469,295,544,362
car 0.77676,225,272,287,309
