object_probs,left,top,right,bottom
car 0.99663,568,287,690,336
car 0.99270,867,288,1011,344
person 0.86948,743,290,772,327
person 0.82540,828,287,850,327
person 0.76052,376,270,397,303
person 0.67381,392,271,411,302
person 0.63992,552,276,573,312
person 0.50285,852,283,872,327
