object_probs,left,top,right,bottom
truck 0.92969,728,331,1022,483
bus 0.89064,438,277,540,348
motorbike 0.83939,270,350,298,384
car 0.72565,324,239,360,263
person 0.83453,268,337,296,373
