object_probs,left,top,right,bottom
truck 0.52755,447,469,677,644
motorbike 0.86512,1038,357,1074,423
car 0.98046,808,382,979,494
car 0.97378,488,272,584,327
car 0.85828,370,255,436,291
car 0.76259,441,472,683,630
person 0.80381,372,268,391,305
person 0.75948,981,324,1006,376
person 0.70312,320,250,335,285
person 0.70092,741,289,763,325
person 0.61711,1040,327,1068,367
person 0.58534,199,267,212,296
person 0.50732,955,285,978,319
