object_probs,left,top,right,bottom
truck 0.87037,228,415,381,520
truck 0.78058,876,406,1075,580
motorbike 0.57495,450,318,473,347
car 0.98646,550,335,663,400
car 0.95885,426,267,500,311
car 0.92876,381,267,432,308
car 0.62590,867,398,1079,557
