object_probs,left,top,right,bottom
bus 0.65589,754,280,855,330
motorbike 0.63702,704,339,744,392
motorbike 0.54305,805,404,873,457
car 0.92976,418,275,507,348
car 0.88495,328,263,405,304
car 0.75074,502,308,610,388
person 0.89718,818,376,861,448
person 0.77553,865,366,905,424
person 0.55660,171,251,182,278
