object_probs,left,top,right,bottom
truck 0.83344,215,417,377,528
truck 0.76760,852,402,1079,575
car 0.98639,543,333,648,396
car 0.94482,373,267,433,309
car 0.93735,426,267,494,309
car 0.62385,839,400,1064,547
person 0.52821,1038,285,1060,321
