object_probs,left,top,right,bottom
truck 0.75849,301,346,383,433
car 0.99665,661,366,812,449
car 0.97823,485,283,568,335
car 0.96841,411,277,469,326
