object_probs,left,top,right,bottom
bus 0.70327,251,370,402,522
motorbike 0.93615,892,437,942,507
motorbike 0.66122,1067,366,1079,414
person 0.65526 motorbike 0.56787,746,292,779,324
motorbike 0.50573,2,674,68,718
car 0.99213,256,563,602,708
car 0.96769,539,281,645,328
car 0.70370,1035,274,1079,316
person 0.93071,373,273,392,304
person 0.93016,894,409,943,498
person 0.88010,981,354,1017,422
person 0.69650,347,273,367,303
person 0.50734,1,661,67,719
