object_probs,left,top,right,bottom
car 0.99570,724,360,902,457
car 0.87329,367,249,407,276
car 0.87263,564,321,651,403
car 0.78588,200,255,270,288
person 0.65032,164,254,178,278
