object_probs,left,top,right,bottom
car 0.99043,620,290,762,340
car 0.98210,917,286,1062,343
person 0.92711,485,272,502,303
person 0.90130,375,271,394,303
person 0.83927,894,284,915,328
person 0.77420,394,272,412,300
person 0.76651,800,290,832,327
person 0.66714,593,288,618,323
