object_probs,left,top,right,bottom
motorbike 0.76547,844,379,891,435
motorbike 0.76306,697,349,728,389
motorbike 0.53304,1047,437,1077,506
car 0.97800,411,277,494,341
car 0.94141,497,311,602,382
car 0.88655,330,261,400,301
car 0.53631,745,284,851,330
person 0.94114,845,362,886,420
person 0.90060,795,374,840,443
person 0.84238,1048,416,1077,493
person 0.83530,691,326,729,382
