object_probs,left,top,right,bottom
truck 0.95390,691,321,913,447
bus 0.93821,413,271,509,342
motorbike 0.67009,284,374,314,414
person 0.54673,279,347,314,405
person 0.50556,321,253,336,282
