object_probs,left,top,right,bottom
motorbike 0.60205,796,442,843,493
car 0.97924,692,325,844,412
car 0.97732,502,304,584,370
car 0.83834,254,289,313,342
car 0.82166,411,283,477,336
person 0.71817,191,277,205,310
