object_probs,left,top,right,bottom
truck 0.72019,668,319,759,408
motorbike 0.77142,265,459,300,497
car 0.89534,530,284,602,343
person 0.91378,258,422,297,480
