object_probs,left,top,right,bottom
truck 0.96482,801,330,1079,509
bus 0.81987,467,290,588,372
car 0.63862,770,316,880,394
person 0.60525,255,315,276,350
