object_probs,left,top,right,bottom
motorbike 0.58718,386,269,411,302
car 0.99267,201,453,393,587
car 0.89485,310,639,671,718
car 0.88054,757,403,964,555
car 0.69997,378,524,557,645
person 0.92079,279,380,313,448
