object_probs,left,top,right,bottom
car 0.98941,464,271,546,318
car 0.54237,319,246,359,281
person 0.75763,434,681,494,719
person 0.73217,300,648,390,718
person 0.54186,1030,367,1059,398
