object_probs,left,top,right,bottom
truck 0.88271,64,454,323,648
car 0.99034,499,317,592,376
car 0.82211,351,263,420,304
car 0.69397,405,260,460,298
car 0.63574,728,368,961,507
person 0.87080,226,402,263,466
