object_probs,left,top,right,bottom
truck 0.85446,860,327,1072,528
bus 0.81054,477,284,614,382
car 0.94300,332,246,381,278
car 0.56732,831,326,955,418
person 0.94476,246,307,268,346
