object_probs,left,top,right,bottom
truck 0.86384,587,313,768,437
car 0.81598,379,257,429,282
car 0.66471,397,269,451,295
person 0.89554,208,277,226,305
