object_probs,left,top,right,bottom
truck 0.89641,642,286,875,476
motorbike 0.93600,925,379,1001,447
motorbike 0.76241,517,312,542,345
motorbike 0.66176,555,312,582,341
car 0.77468,388,276,463,331
car 0.59514,560,279,653,324
car 0.52892,339,253,398,304
person 0.93514,203,293,219,331
person 0.82793,1028,409,1073,490
person 0.57689,940,369,990,446
person 0.52183,479,276,497,304
