object_probs,left,top,right,bottom
motorbike 0.82761,270,373,294,408
motorbike 0.66178,446,584,536,659
motorbike 0.59309,388,270,410,302
car 0.97029,306,412,395,497
car 0.96606,689,495,906,629
car 0.64978,943,342,1078,453
person 0.82932,462,530,510,625
person 0.75573,263,347,296,407
person 0.52573,445,533,487,623
