object_probs,left,top,right,bottom
bus 0.90986,746,412,944,561
motorbike 0.58823,385,269,411,303
car 0.97667,195,457,406,583
car 0.53373,337,523,537,652
person 0.96668,278,384,313,451
