object_probs,left,top,right,bottom
car 0.98133,98,509,339,635
car 0.96022,57,608,302,716
car 0.70131,1028,281,1079,330
person 0.87667,276,413,313,485
person 0.58651,387,270,411,301
