object_probs,left,top,right,bottom
bus 0.93401,904,359,1062,475
motorbike 0.57806,274,371,298,411
motorbike 0.56714,388,269,410,301
car 0.99516,616,530,857,671
car 0.98810,285,416,401,515
car 0.75814,607,433,782,528
person 0.81319,325,576,361,665
person 0.67631,349,579,391,658
