object_probs,left,top,right,bottom
truck 0.89961,591,311,788,442
car 0.80155,396,269,455,296
car 0.74987,380,257,431,279
person 0.94113,207,276,224,304
