object_probs,left,top,right,bottom
truck 0.68946,487,275,563,339
car 0.99074,884,394,1079,523
car 0.88652,179,248,245,278
car 0.86830,400,263,451,295
car 0.71133,604,343,750,428
person 0.63157,222,291,247,324
person 0.53494,211,291,238,323
