object_probs,left,top,right,bottom
truck 0.94844,817,323,1073,517
bus 0.75415,472,290,589,371
car 0.59960,334,246,375,275
person 0.91502,253,313,274,350
