object_probs,left,top,right,bottom
car 0.99202,740,340,906,433
car 0.98699,519,312,612,377
car 0.88118,428,286,495,342
car 0.81004,237,281,298,327
person 0.81725,852,432,905,509
person 0.72193,189,277,203,305
person 0.65438,350,275,365,301
