object_probs,left,top,right,bottom
truck 0.70727,830,385,1066,530
truck 0.56068,974,273,1075,328
car 0.95348,434,296,510,346
car 0.86054,362,247,416,281
car 0.55514,583,329,741,432
