object_probs,left,top,right,bottom
truck 0.96863,714,340,967,495
car 0.91914,425,268,493,307
person 0.59062,189,259,204,287
