object_probs,left,top,right,bottom
motorbike 0.96143,597,543,680,620
motorbike 0.92445,701,601,774,673
motorbike 0.91897,409,620,494,700
car 0.98644,555,282,655,329
person 0.90983,706,544,774,651
person 0.89030,611,503,656,577
person 0.82295,425,566,469,630
person 0.78267,167,239,181,261
