object_probs,left,top,right,bottom
truck 0.77362,511,438,744,613
car 0.98012,501,274,604,327
car 0.97283,848,364,1001,476
car 0.85463,373,258,446,299
car 0.68667,513,444,745,598
car 0.54052,1064,366,1078,412
person 0.66744,372,268,392,305
person 0.50757,321,251,338,287
