object_probs,left,top,right,bottom
truck 0.70772,870,324,1073,533
bus 0.73601,478,288,621,384
car 0.91575,338,248,385,277
person 0.90289,243,308,264,346
