object_probs,left,top,right,bottom
bus 0.88373,195,383,393,556
motorbike 0.86605,829,480,880,546
motorbike 0.82066,1036,380,1074,435
motorbike 0.80918,936,402,979,454
motorbike 0.59312,703,295,731,322
car 0.99089,107,590,529,701
car 0.99008,508,279,592,324
car 0.95979,991,279,1078,321
person 0.96356,831,442,881,513
person 0.94883,939,374,980,443
person 0.92803,373,272,392,305
person 0.76292,347,273,367,303
person 0.50413,1035,355,1061,386
