object_probs,left,top,right,bottom
person 0.81860 motorbike 0.54199,390,272,411,301
car 0.99699,776,294,910,346
car 0.87764,1029,277,1078,333
person 0.92731,483,274,499,302
person 0.74351,373,273,394,301
person 0.53039,595,289,618,321
person 0.52546,331,254,353,281
