object_probs,left,top,right,bottom
motorbike 0.64606,202,486,245,544
car 0.98415,451,305,536,352
car 0.96978,0,568,160,715
car 0.91990,379,252,430,281
car 0.88054,632,347,811,459
person 0.71788,911,291,938,326
person 0.70302,200,461,242,521
person 0.55163,199,458,230,495
