object_probs,left,top,right,bottom
truck 0.57937,324,243,390,300
car 0.79287,423,263,483,305
car 0.64823,693,368,876,465
car 0.64125,532,284,606,347
person 0.50967,179,292,200,325
