object_probs,left,top,right,bottom
car 0.99518,713,361,892,452
car 0.86064,537,320,648,392
car 0.85665,367,250,404,276
car 0.70653,199,253,248,281
person 0.63847,164,254,178,278
