object_probs,left,top,right,bottom
bus 0.90967,72,424,355,632
motorbike 0.97563,699,538,773,618
motorbike 0.79570,861,443,906,498
motorbike 0.72577,983,417,1025,478
car 0.98425,912,283,1025,331
car 0.97871,466,274,548,317
car 0.97168,0,643,407,718
person 0.98382,863,402,910,475
person 0.95528,702,495,769,578
person 0.91330,982,393,1028,473
person 0.89389,372,271,393,305
person 0.60847,1016,343,1051,405
person 0.60780,959,356,998,420
person 0.59531,346,272,369,304
