object_probs,left,top,right,bottom
motorbike 0.71673,695,291,725,325
car 0.98677,816,292,956,347
car 0.97311,530,279,624,331
car 0.54977,420,273,461,294
person 0.84336,376,273,400,303
person 0.77545,768,289,791,325
person 0.76575,518,275,534,305
