object_probs,left,top,right,bottom
motorbike 0.96286,763,469,826,528
motorbike 0.93351,848,508,916,572
motorbike 0.92246,635,525,707,581
motorbike 0.91609,697,620,782,710
motorbike 0.80320,462,608,576,707
car 0.98909,643,289,776,336
car 0.71547,368,262,436,301
person 0.98509,772,435,822,515
person 0.96596,859,465,907,561
person 0.95154,693,570,777,682
person 0.80378,477,573,560,684
person 0.68008,649,476,698,556
person 0.59416,624,281,645,322
person 0.50382,643,471,680,529
