object_probs,left,top,right,bottom
truck 0.66847,561,310,735,428
car 0.61654,375,257,426,284
person 0.71464,215,290,231,318
