object_probs,left,top,right,bottom
motorbike 0.56854,708,407,751,459
car 0.98398,467,300,552,354
car 0.97936,954,445,1078,571
car 0.97724,625,317,760,388
car 0.91819,264,307,332,352
car 0.66675,403,279,452,324
