object_probs,left,top,right,bottom
truck 0.66492,492,275,565,340
car 0.99045,893,395,1079,526
car 0.86178,402,262,452,296
car 0.86120,178,247,248,277
car 0.79330,609,344,762,430
person 0.67824,209,291,238,325
