object_probs,left,top,right,bottom
truck 0.71230,563,320,691,417
bus 0.60730,817,277,917,330
motorbike 0.84665,963,444,1055,506
motorbike 0.83115,833,390,860,430
car 0.88749,453,290,552,360
car 0.81447,368,269,438,311
car 0.70319,320,237,363,259
car 0.51297,573,336,687,417
person 0.81144,1023,401,1062,463
person 0.78019,980,413,1028,488
person 0.65441,816,371,838,411
person 0.63685,819,366,857,423
