object_probs,left,top,right,bottom
truck 0.84932,654,328,905,488
car 0.90571,406,264,472,304
person 0.83289,196,268,210,297
