object_probs,left,top,right,bottom
truck 0.90799,707,323,939,453
bus 0.94975,419,270,516,345
car 0.57839,643,316,721,373
person 0.72197,276,347,312,406
