object_probs,left,top,right,bottom
truck 0.96331,814,313,1077,561
person 0.56514 motorbike 0.81254,558,311,582,343
motorbike 0.74092,653,332,684,370
motorbike 0.68311,775,363,813,422
motorbike 0.64826,614,346,641,383
car 0.76371,366,263,433,319
car 0.69455,429,288,510,353
car 0.53068,320,254,363,283
person 0.83446,189,274,202,303
person 0.73137,614,331,639,373
