object_probs,left,top,right,bottom
truck 0.69426,352,251,421,310
truck 0.64383,594,301,677,383
motorbike 0.95197,153,519,227,593
car 0.86044,480,276,541,324
car 0.50708,178,238,215,256
person 0.54185,154,500,227,577
