object_probs,left,top,right,bottom
truck 0.97297,811,353,1077,553
car 0.98201,451,271,528,313
person 0.59784,182,253,198,280
person 0.57147,988,358,1012,392
