object_probs,left,top,right,bottom
truck 0.66170,295,367,383,475
car 0.60673 truck 0.53288,1007,436,1079,585
motorbike 0.77147,227,349,251,391
motorbike 0.65968,488,330,515,365
car 0.99320,605,352,739,427
car 0.97937,452,273,531,318
car 0.97608,394,273,458,317
