object_probs,left,top,right,bottom
truck 0.89399,691,321,895,441
truck 0.56381,615,301,695,370
bus 0.91781,420,271,504,344
motorbike 0.82109,288,390,316,424
person 0.53557,277,355,309,393
person 0.53151,280,360,315,419
person 0.52000,321,252,336,283
