object_probs,left,top,right,bottom
truck 0.92571,662,303,952,476
motorbike 0.85961,982,394,1058,469
motorbike 0.72234,533,310,601,354
motorbike 0.65905,535,309,563,349
motorbike 0.65025,654,328,694,383
motorbike 0.64089,495,288,524,321
car 0.81986,401,274,478,332
car 0.66173,346,254,407,306
car 0.61487,574,279,659,327
person 0.65904,200,290,217,328
person 0.56662,999,372,1048,453
