object_probs,left,top,right,bottom
truck 0.97001,824,317,1073,530
bus 0.78725,473,288,590,372
car 0.79592,333,245,377,276
person 0.92167,252,312,273,349
