object_probs,left,top,right,bottom
bus 0.88319,529,260,704,411
motorbike 0.79452,907,419,984,484
motorbike 0.62502,806,361,846,416
motorbike 0.62296,720,354,753,392
motorbike 0.59363,971,387,1036,443
motorbike 0.53649,459,290,480,318
motorbike 0.51243,720,345,786,391
person 0.89304,231,326,258,373
person 0.73303,716,331,744,369
person 0.72789,746,329,778,367
person 0.70136,918,400,963,469
person 0.63411,976,364,1022,424
person 0.53840,926,377,950,409
person 0.52406,811,356,834,391
