object_probs,left,top,right,bottom
car 0.98918,673,292,809,346
car 0.98735,964,283,1079,339
person 0.90136,525,275,543,308
person 0.81092,374,271,395,303
person 0.74718,391,273,411,302
person 0.69098,634,291,667,325
person 0.65116,850,288,875,324
