object_probs,left,top,right,bottom
motorbike 0.82922,826,444,895,503
car 0.99399,722,336,896,424
car 0.98653,507,310,605,374
car 0.82662,245,285,305,329
car 0.71856,427,283,495,340
person 0.91489,832,413,886,496
person 0.68851,190,277,202,306
person 0.64035,349,274,365,302
