object_probs,left,top,right,bottom
motorbike 0.60059,386,270,411,303
motorbike 0.52001,347,269,379,303
car 0.79867,213,249,252,277
