object_probs,left,top,right,bottom
car 0.98892,685,342,849,411
car 0.97862,460,275,545,313
car 0.95376,1013,332,1079,420
car 0.82098,217,256,265,284
person 0.89499,246,295,267,324
person 0.61221,389,270,410,302
