object_probs,left,top,right,bottom
motorbike 0.87634,949,424,991,478
motorbike 0.77292,256,604,351,675
motorbike 0.56036,1036,333,1064,365
car 0.99518,526,482,787,624
car 0.81211,259,300,313,350
car 0.63656,324,231,358,257
person 0.90812,951,395,991,464
person 0.74828,1036,306,1061,359
person 0.69487,197,293,212,320
person 0.61032,390,271,410,301
person 0.54339,259,554,304,647
person 0.51308,303,369,329,416
