object_probs,left,top,right,bottom
motorbike 0.83446,823,421,867,477
person 0.67968 motorbike 0.52441,391,271,411,301
car 0.93196,306,348,378,418
car 0.91257,951,392,1079,484
person 0.88809,824,394,864,471
person 0.82581,373,635,472,719
person 0.68976,208,471,275,526
person 0.64215,240,317,261,353
