object_probs,left,top,right,bottom
truck 0.97765,46,242,540,654
motorbike 0.85378,747,344,814,403
car 0.81254,358,262,422,308
car 0.57851,314,248,359,277
person 0.74050,753,340,803,402
