object_probs,left,top,right,bottom
person 0.50269 motorbike 0.57844,386,269,412,303
car 0.52136,208,246,243,272
