object_probs,left,top,right,bottom
car 0.98701,393,316,505,373
car 0.98255,662,286,801,335
car 0.95705,570,335,739,395
car 0.94024,189,239,238,267
person 0.70758,162,276,179,303
