object_probs,left,top,right,bottom
motorbike 0.91384,290,420,327,480
motorbike 0.80729,6,596,99,683
motorbike 0.58452,385,269,413,302
person 0.92904,287,404,327,465
