object_probs,left,top,right,bottom
motorbike 0.81824,279,444,322,501
motorbike 0.59356,385,269,413,302
person 0.83589,278,418,320,484
person 0.55125,175,250,193,283
