object_probs,left,top,right,bottom
truck 0.98907,0,298,556,699
motorbike 0.85196,820,364,890,410
car 0.88375,347,263,417,305
person 0.78351,832,339,880,401
person 0.63223,473,284,492,306
