object_probs,left,top,right,bottom
person 0.51421 motorbike 0.73302,284,327,309,371
motorbike 0.64026,228,394,264,457
car 0.99450,18,516,296,682
car 0.88181,406,262,476,301
person 0.77482,228,386,263,448
