object_probs,left,top,right,bottom
motorbike 0.75386,245,540,310,605
motorbike 0.73611,209,330,225,358
motorbike 0.73041,827,360,902,407
motorbike 0.54030,196,498,243,568
motorbike 0.50305,248,410,273,453
car 0.98247,647,282,775,335
car 0.97425,295,311,358,362
person 0.91407,207,316,224,349
person 0.90856,193,473,243,559
person 0.66225,391,271,409,300
person 0.64950,465,271,480,296
person 0.57451,241,382,275,448
