object_probs,left,top,right,bottom
motorbike 0.86743,640,349,709,396
motorbike 0.77432,345,439,379,507
motorbike 0.72863,245,399,277,465
person 0.54668 motorbike 0.50622,390,272,410,301
car 0.96692,770,286,903,335
car 0.95617,11,518,294,695
car 0.94625,266,292,330,334
person 0.80911,233,342,257,391
person 0.72808,183,292,198,326
person 0.58130,651,341,699,392
