object_probs,left,top,right,bottom
car 0.82151,172,273,225,304
car 0.76544,277,283,338,324
person 0.63163,374,274,394,301
person 0.56728,391,273,409,300
person 0.56081,573,275,596,308
