object_probs,left,top,right,bottom
motorbike 0.92576,586,458,655,532
motorbike 0.55891,1064,371,1078,400
person 0.64635 motorbike 0.55157,391,272,410,300
car 0.99380,802,390,978,502
car 0.52681,324,232,359,257
person 0.89133,591,442,637,509
person 0.84237,174,280,190,308
person 0.72155,277,333,307,379
