object_probs,left,top,right,bottom
motorbike 0.80794,796,503,859,559
motorbike 0.78959,974,347,1001,395
motorbike 0.54170,212,308,232,337
car 0.99404,178,599,520,708
car 0.93892,275,314,340,375
car 0.63162,320,232,357,255
car 0.50159,219,217,250,239
person 0.89804,802,456,854,535
person 0.74078,213,299,231,329
person 0.72383,974,332,995,375
person 0.68332,391,273,409,300
person 0.53239,372,272,393,301
