object_probs,left,top,right,bottom
car 0.99050,0,526,262,696
car 0.91486,397,260,465,300
person 0.72833,286,330,314,376
person 0.68720,227,399,261,463
