object_probs,left,top,right,bottom
truck 0.91693,0,448,240,715
truck 0.60926,278,271,445,411
motorbike 0.85830,611,309,641,347
motorbike 0.84661,253,449,305,531
motorbike 0.79871,666,338,710,392
motorbike 0.75083,488,352,533,389
motorbike 0.55172,846,398,917,467
motorbike 0.50305,418,271,441,301
car 0.94218,467,294,551,333
person 0.93494,252,399,296,469
person 0.83689,668,327,709,386
person 0.81392,489,326,535,380
person 0.80712,858,389,909,469
