object_probs,left,top,right,bottom
truck 0.97920,0,303,549,707
motorbike 0.76730,852,361,926,410
car 0.53533,337,261,401,305
person 0.85052,860,338,908,404
person 0.53550,459,288,475,314
person 0.52158,457,280,474,305
