object_probs,left,top,right,bottom
person 0.77988 motorbike 0.56440,225,322,248,366
car 0.81416,301,304,373,363
car 0.81040,199,240,242,263
car 0.63891,364,252,408,277
car 0.50402,320,253,356,277
person 0.82539,210,291,227,325
person 0.80282,174,258,189,287
person 0.66624,492,324,536,376
