object_probs,left,top,right,bottom
motorbike 0.68598,422,340,466,391
motorbike 0.56610,214,305,235,341
car 0.73200,268,286,341,340
car 0.61117,385,256,427,282
person 0.88869,426,320,463,376
person 0.78407,172,251,187,275
person 0.73322,210,294,228,327
person 0.61307,430,319,457,349
