object_probs,left,top,right,bottom
person 0.74023 motorbike 0.70461,283,325,308,369
car 0.99282,26,510,296,674
car 0.89995,407,262,476,301
person 0.78204,229,385,262,448
