object_probs,left,top,right,bottom
motorbike 0.68555,491,285,517,320
motorbike 0.65866,139,539,216,615
motorbike 0.64499,791,360,838,407
motorbike 0.58933,550,341,641,394
car 0.63815,445,288,487,322
person 0.85048,791,341,836,401
person 0.80264,136,513,216,602
person 0.70675,552,311,582,348
person 0.67925,196,463,247,532
person 0.57568,627,326,654,368
