object_probs,left,top,right,bottom
car 0.99345,673,290,802,335
car 0.92630,379,315,485,373
car 0.91997,189,239,238,267
car 0.90136,567,322,721,392
person 0.55024,394,254,413,282
