object_probs,left,top,right,bottom
motorbike 0.56993,368,327,397,362
car 0.96195,1023,348,1079,422
car 0.78828,390,261,457,300
car 0.77359,265,282,325,329
person 0.85075,190,277,207,304
person 0.78379,370,313,396,346
person 0.74039,211,288,227,320
