object_probs,left,top,right,bottom
truck 0.99004,0,266,558,674
motorbike 0.78249,799,363,872,410
car 0.89558,348,262,418,307
person 0.89068,811,337,860,401
person 0.52063,483,284,499,306
