object_probs,left,top,right,bottom
truck 0.96993,243,286,497,540
motorbike 0.75084,533,328,561,364
motorbike 0.74317,15,578,132,680
motorbike 0.68340,134,546,209,614
motorbike 0.63228,607,341,672,397
car 0.54331,318,251,363,283
person 0.86960,612,335,659,397
person 0.72551,497,296,516,326
person 0.64378,115,503,192,610
person 0.58675,27,575,123,665
person 0.58204,662,327,694,367
