object_probs,left,top,right,bottom
motorbike 0.58186,228,398,261,463
car 0.99349,0,524,279,687
car 0.89907,397,261,465,299
person 0.72388,285,329,312,376
