object_probs,left,top,right,bottom
truck 0.86367,242,237,405,373
truck 0.71381,0,399,293,642
motorbike 0.82275,717,329,748,368
motorbike 0.74784,782,378,831,429
motorbike 0.58164,603,347,630,389
car 0.96621,519,298,610,360
person 0.94425,782,359,829,419
person 0.85704,261,370,301,424
person 0.81917,452,274,472,304
person 0.65231,602,335,627,375
person 0.63835,447,332,483,368
person 0.58475,712,319,750,371
