object_probs,left,top,right,bottom
truck 0.90141,240,239,385,361
truck 0.87067,0,381,314,627
motorbike 0.82456,810,382,869,433
motorbike 0.61265,742,330,775,371
motorbike 0.56765,622,371,654,403
motorbike 0.54831,462,287,482,320
car 0.98281,520,300,628,364
car 0.92312,368,264,416,310
person 0.94732,816,363,861,427
person 0.89637,620,339,655,399
person 0.89536,264,369,296,408
person 0.76558,740,322,780,375
person 0.73505,437,324,480,374
person 0.71835,459,274,479,304
