object_probs,left,top,right,bottom
motorbike 0.83392,23,558,112,675
motorbike 0.58580,386,268,413,302
motorbike 0.51890,289,421,329,475
person 0.82250,290,397,328,463
