object_probs,left,top,right,bottom
motorbike 0.92865,489,498,568,575
motorbike 0.87093,289,352,317,388
motorbike 0.50681,1031,357,1064,422
car 0.99781,727,413,921,532
car 0.50935,248,290,297,333
person 0.87059,498,473,552,562
person 0.61985,392,272,410,300
