object_probs,left,top,right,bottom
motorbike 0.63399,188,505,252,565
car 0.99281,295,385,409,493
car 0.87363,450,266,566,314
person 0.90558,183,482,249,548
person 0.69188,237,288,256,320
person 0.66566,223,331,247,372
person 0.65218,391,271,410,301
person 0.53262,373,269,395,302
