object_probs,left,top,right,bottom
truck 0.83408,0,458,192,717
motorbike 0.90859,992,404,1067,458
motorbike 0.78051,497,349,559,392
motorbike 0.76548,770,381,815,442
motorbike 0.75226,219,473,286,554
motorbike 0.52438,625,330,653,367
car 0.88464,449,285,524,326
person 0.93998,240,420,287,484
person 0.92183,1008,375,1047,448
person 0.72427,568,295,590,327
person 0.67291,766,362,806,429
person 0.57444,622,322,660,375
