object_probs,left,top,right,bottom
motorbike 0.77239,916,344,984,390
car 0.98879,831,287,946,332
car 0.97722,440,315,563,375
car 0.93125,300,300,388,353
car 0.78203,180,235,219,253
person 0.67871,169,275,182,301
