object_probs,left,top,right,bottom
motorbike 0.75223,906,344,973,389
car 0.99320,432,315,559,375
car 0.98717,833,286,945,331
car 0.94945,299,299,385,352
car 0.82496,178,235,220,254
person 0.82103,167,274,182,302
