object_probs,left,top,right,bottom
motorbike 0.62229,386,269,411,303
motorbike 0.56109,347,269,379,303
car 0.95897,209,247,259,279
