object_probs,left,top,right,bottom
car 0.99022,736,291,861,335
car 0.97881,350,306,445,363
car 0.97065,502,323,649,390
car 0.60378,182,237,220,258
person 0.62601,173,278,189,305
