object_probs,left,top,right,bottom
motorbike 0.89860,888,357,926,414
person 0.65074 motorbike 0.57358,388,270,411,301
car 0.92473,1049,324,1079,386
person 0.71198,886,346,925,408
person 0.68261,219,255,256,314
person 0.53876,372,268,397,302
