object_probs,left,top,right,bottom
motorbike 0.76632,5,610,120,710
car 0.98474,218,440,389,557
car 0.78528,424,264,507,305
person 0.89538,233,344,260,395
person 0.53756,391,267,412,302
