object_probs,left,top,right,bottom
person 0.56256 motorbike 0.57256,345,379,382,439
motorbike 0.53435,511,349,551,383
car 0.99573,193,438,397,578
car 0.94701,246,275,311,313
car 0.93884,887,284,1006,331
person 0.76552,514,330,546,366
person 0.70911,238,354,266,415
person 0.69648,344,375,372,412
person 0.65498,214,316,230,351
person 0.54046,389,270,409,301
