object_probs,left,top,right,bottom
person 0.61747 motorbike 0.54971,364,311,391,347
car 0.96493,1010,348,1079,422
car 0.80962,268,282,320,328
car 0.80679,391,261,457,301
person 0.84921,189,276,206,303
person 0.68372,211,286,227,320
person 0.63857,210,279,225,307
