object_probs,left,top,right,bottom
motorbike 0.72865,986,398,1025,456
person 0.72236 motorbike 0.68282,190,291,206,317
motorbike 0.64804,359,526,442,632
motorbike 0.64064,301,369,327,408
person 0.72791,988,378,1026,444
car 0.99793,616,454,851,586
car 0.90016,256,296,307,345
car 0.67986,324,231,358,257
person 0.76815,1058,304,1077,350
person 0.66366,391,271,410,300
person 0.57277,364,519,410,597
