object_probs,left,top,right,bottom
motorbike 0.67173,386,270,411,303
motorbike 0.53462,349,269,380,302
car 0.97190,219,252,262,280
