object_probs,left,top,right,bottom
truck 0.98816,0,254,555,671
motorbike 0.80571,786,344,856,405
car 0.93149,349,263,420,307
car 0.56246,313,248,357,280
person 0.80870,794,339,843,404
