object_probs,left,top,right,bottom
motorbike 0.63371,313,289,338,327
motorbike 0.62934,387,271,411,303
car 0.89766,245,268,302,302
car 0.52879,139,270,185,298
