object_probs,left,top,right,bottom
car 0.98719,393,316,505,372
car 0.98232,662,286,801,335
car 0.95772,570,335,739,395
car 0.93954,189,239,238,267
person 0.70844,162,276,180,303
