object_probs,left,top,right,bottom
person 0.59599 motorbike 0.55936,389,272,410,301
car 0.83168,152,274,195,299
car 0.80840,255,271,305,303
person 0.50887,374,272,395,302
