object_probs,left,top,right,bottom
motorbike 0.90508,817,488,880,548
motorbike 0.65021,979,352,1006,393
motorbike 0.57417,209,307,230,337
car 0.99817,228,584,556,710
car 0.93033,269,311,335,374
car 0.69786,321,232,358,255
car 0.57042,218,217,251,240
person 0.93951,822,446,875,538
person 0.84839,210,299,228,329
person 0.68778,391,272,409,300
person 0.63394,983,326,1005,378
person 0.56223,296,388,333,446
person 0.55370,373,271,393,302
