object_probs,left,top,right,bottom
car 0.99409,173,457,370,587
car 0.80720,398,261,495,302
person 0.84896,239,355,265,420
person 0.84726,265,306,290,347
