object_probs,left,top,right,bottom
motorbike 0.71826,598,332,632,368
car 0.94479,322,293,406,339
car 0.82400,1049,269,1079,318
car 0.70370,219,284,287,328
person 0.64443,487,274,503,301
person 0.56152,390,272,411,299
person 0.53101,618,328,642,368
