object_probs,left,top,right,bottom
motorbike 0.84777,98,580,180,656
car 0.98964,254,419,400,535
car 0.65925,421,266,516,307
person 0.78597,233,340,255,390
person 0.76253,253,294,269,330
person 0.68612,95,557,179,645
