object_probs,left,top,right,bottom
motorbike 0.56536,387,269,411,303
motorbike 0.51306,347,269,380,303
car 0.97901,213,249,259,280
