object_probs,left,top,right,bottom
motorbike 0.72546,226,326,250,370
car 0.85482,301,304,376,365
car 0.75640,201,240,241,264
car 0.70784,364,252,407,277
car 0.57522,319,253,355,278
person 0.82769,212,293,229,326
person 0.79609,174,258,190,288
person 0.60457,510,328,538,366
