object_probs,left,top,right,bottom
car 0.99432,773,345,937,417
car 0.87334,229,263,282,299
car 0.83559,423,266,512,309
car 0.51240,110,214,191,247
bicycle 0.54089,250,331,270,359
person 0.90861,248,311,272,354
person 0.75746,271,297,293,329
person 0.56625,389,271,411,302
