object_probs,left,top,right,bottom
motorbike 0.76078,268,437,317,506
motorbike 0.60829,385,269,413,303
person 0.87262,267,422,316,490
