object_probs,left,top,right,bottom
truck 0.70847,216,236,348,331
truck 0.59364,157,329,332,537
motorbike 0.91124,529,309,559,347
motorbike 0.81196,998,381,1067,441
motorbike 0.76123,387,331,416,361
motorbike 0.68809,784,407,852,465
motorbike 0.65723,71,598,159,683
car 0.97194,596,321,724,392
car 0.94056,393,276,460,327
person 0.87228,798,382,836,452
person 0.86597,382,307,416,359
person 0.85964,531,290,562,326
person 0.83535,1007,373,1055,441
person 0.80382,79,517,157,649
