object_probs,left,top,right,bottom
motorbike 0.78393,244,327,264,362
motorbike 0.64658,800,418,845,487
motorbike 0.60638,201,507,269,565
person 0.69286 motorbike 0.55967,390,271,411,301
car 0.96306,306,352,382,423
car 0.90280,929,401,1077,491
person 0.80684,800,399,837,470
person 0.75873,295,653,382,719
person 0.55501,211,489,261,545
person 0.52397,242,319,263,350
