object_probs,left,top,right,bottom
motorbike 0.88793,826,340,893,388
car 0.98934,893,284,1005,329
car 0.97036,403,307,516,366
car 0.86355,283,299,354,341
car 0.82755,177,233,218,254
person 0.77200,165,272,179,299
person 0.67962,838,325,887,382
person 0.64583,392,272,410,300
person 0.54778,372,271,394,301
