object_probs,left,top,right,bottom
motorbike 0.57801,244,394,266,431
car 0.98690,129,474,354,613
car 0.68540,407,264,490,301
person 0.84292,271,310,299,354
person 0.81887,236,367,267,426
