object_probs,left,top,right,bottom
motorbike 0.83318,548,619,642,692
motorbike 0.81992,887,383,923,442
person 0.57531 motorbike 0.58787,390,271,411,301
car 0.95818,291,333,365,403
car 0.65413,997,380,1076,457
person 0.92646,258,444,304,500
person 0.79675,229,311,249,347
person 0.72220,562,554,616,647
person 0.72068,888,367,911,412
