object_probs,left,top,right,bottom
motorbike 0.95785,564,483,634,545
motorbike 0.87328,283,349,308,384
person 0.68645 motorbike 0.50424,392,272,410,300
car 0.99705,785,396,970,505
car 0.54938,242,283,289,330
person 0.90950,277,335,309,378
person 0.87535,568,449,619,535
person 0.78566,175,280,192,308
person 0.54418,1057,345,1077,396
person 0.52309,372,270,393,302
