object_probs,left,top,right,bottom
motorbike 0.59044,388,271,411,303
motorbike 0.57775,237,344,264,386
car 0.84728,303,309,385,377
car 0.81012,206,237,238,261
car 0.77648,360,252,401,277
car 0.51920,318,250,354,277
car 0.51294,203,246,241,268
person 0.75294,220,294,241,328
person 0.74463,180,273,196,298
person 0.72567,548,328,593,379
