object_probs,left,top,right,bottom
truck 0.90458,180,330,337,500
motorbike 0.83088,370,329,397,358
motorbike 0.80231,864,440,933,498
motorbike 0.70770,554,300,595,355
motorbike 0.70566,136,562,207,637
motorbike 0.51893,557,322,588,362
car 0.98701,405,280,480,334
car 0.97221,629,328,767,404
person 0.88353,364,312,392,353
person 0.81472,877,408,924,490
person 0.80781,120,488,200,610
person 0.67616,560,297,592,327
person 0.57177,369,268,386,304
