object_probs,left,top,right,bottom
motorbike 0.53677,0,606,79,712
car 0.99481,209,446,383,566
car 0.79630,425,263,504,304
person 0.86685,262,300,286,346
person 0.75367,234,347,261,399
person 0.58461,391,267,412,302
person 0.50093,371,265,395,304
