object_probs,left,top,right,bottom
motorbike 0.82669,652,328,712,377
car 0.97324,1008,277,1076,322
car 0.96406,340,295,432,351
car 0.86340,231,288,296,330
person 0.56069,473,271,492,301
