object_probs,left,top,right,bottom
motorbike 0.87003,583,348,644,392
motorbike 0.75487,351,422,387,480
person 0.53289,588,341,637,390
motorbike 0.64026,247,387,270,430
motorbike 0.54377,388,271,410,301
car 0.99287,813,283,949,335
car 0.71289,77,480,352,647
car 0.62564,251,286,318,328
person 0.85669,348,404,385,467
person 0.80627,224,334,247,374
person 0.70070,244,379,269,413
