object_probs,left,top,right,bottom
truck 0.99094,0,322,536,691
motorbike 0.90736,942,364,1016,412
person 0.84361,961,337,1001,404
person 0.52005,372,272,395,304
