object_probs,left,top,right,bottom
motorbike 0.90110,860,468,911,527
motorbike 0.78190,996,348,1024,388
motorbike 0.64551,308,416,333,447
car 0.99031,323,553,617,716
car 0.92270,265,308,332,363
car 0.67528,321,232,358,255
person 0.96983,862,430,913,512
person 0.85707,207,298,225,329
person 0.70325,299,382,335,443
person 0.65605,53,626,102,706
person 0.65255,1000,324,1024,376
person 0.62276,391,272,410,301
