object_probs,left,top,right,bottom
motorbike 0.72721,471,327,506,358
motorbike 0.52186,541,291,563,313
car 0.84880,287,286,364,329
car 0.77232,191,277,240,308
person 0.87740,541,275,559,306
person 0.78862,473,314,507,349
person 0.69788,391,273,410,301
person 0.60606,374,272,394,300
