object_probs,left,top,right,bottom
motorbike 0.92506,389,309,414,345
car 0.76349,172,274,214,301
car 0.74583,277,278,327,320
person 0.63298,390,271,409,300
person 0.62117,374,271,395,301
