object_probs,left,top,right,bottom
person 0.61733 motorbike 0.55081,389,270,411,303
motorbike 0.52503,349,270,379,302
car 0.99275,747,347,909,418
car 0.89439,439,270,529,311
car 0.84575,225,262,278,301
person 0.78589,247,310,268,351
person 0.72148,266,296,289,327
