object_probs,left,top,right,bottom
person 0.64054 motorbike 0.61463,388,271,411,302
motorbike 0.56333,348,271,378,302
person 0.63819,201,273,220,311
person 0.53377,373,270,397,302
