object_probs,left,top,right,bottom
truck 0.87021,184,330,338,498
motorbike 0.92403,882,445,952,504
motorbike 0.90723,365,328,393,360
person 0.58251 motorbike 0.64333,372,270,389,300
motorbike 0.60060,148,574,216,629
motorbike 0.58957,0,595,45,678
motorbike 0.54260,560,323,591,361
car 0.98627,405,282,482,333
car 0.96105,632,329,773,403
person 0.94164,361,311,391,354
person 0.90685,895,405,942,492
person 0.77803,726,327,755,356
person 0.73692,559,301,599,355
person 0.63689,131,487,213,613
