object_probs,left,top,right,bottom
truck 0.93329,246,289,500,541
motorbike 0.76354,31,607,122,679
motorbike 0.66951,602,344,668,399
motorbike 0.59247,137,550,213,614
car 0.60791,316,250,363,282
person 0.87476,610,336,656,398
person 0.73984,115,499,195,612
person 0.72470,535,310,559,350
person 0.65038,662,318,701,372
person 0.60932,498,296,518,327
person 0.56055,66,556,117,654
