object_probs,left,top,right,bottom
car 0.81746,199,240,242,264
car 0.74323,302,303,374,364
car 0.65186,363,252,410,278
car 0.54940,319,253,355,278
person 0.82327,228,320,250,369
person 0.80362,211,291,228,327
person 0.79546,174,258,190,288
