object_probs,left,top,right,bottom
motorbike 0.85774,570,348,631,391
motorbike 0.74900,354,432,385,471
motorbike 0.64974,247,389,271,432
motorbike 0.54803,389,271,410,301
car 0.99470,822,282,946,333
car 0.92411,94,478,364,643
car 0.50735,260,285,329,326
person 0.87601,223,330,245,372
person 0.71935,244,378,269,413
person 0.65161,348,398,372,433
person 0.60326,591,333,621,369
