object_probs,left,top,right,bottom
motorbike 0.66714,646,327,695,375
car 0.97608,334,295,428,348
car 0.90691,1016,273,1077,318
car 0.79583,226,286,292,329
car 0.62984,254,292,292,325
person 0.81837,477,272,495,301
person 0.61103,391,270,410,292
person 0.59459,657,331,692,371
