object_probs,left,top,right,bottom
motorbike 0.84505,822,340,883,388
car 0.99131,895,283,1004,329
car 0.98561,387,306,516,367
car 0.95314,271,294,342,338
car 0.83185,176,233,216,254
person 0.77822,833,327,882,380
person 0.71889,165,272,179,299
person 0.68348,391,272,410,301
person 0.51038,373,271,395,302
