object_probs,left,top,right,bottom
car 0.99201,110,481,355,623
car 0.79883,409,263,487,301
person 0.73277,272,311,302,357
