object_probs,left,top,right,bottom
motorbike 0.69444,692,328,741,376
car 0.97854,351,296,447,351
car 0.96816,986,280,1077,323
car 0.86497,233,288,301,334
person 0.51607,392,272,409,294
