object_probs,left,top,right,bottom
truck 0.98833,0,262,559,675
motorbike 0.72607,798,362,869,410
car 0.90851,348,262,417,306
car 0.52704,314,250,357,279
person 0.83062,800,337,850,404
