object_probs,left,top,right,bottom
truck 0.92950,4,366,470,698
person 0.62391,1043,336,1079,406
person 0.57899,411,270,429,302
