object_probs,left,top,right,bottom
truck 0.90829,47,354,311,594
truck 0.67969,238,236,374,359
motorbike 0.92480,853,383,916,443
motorbike 0.83852,783,349,817,385
motorbike 0.83203,476,290,497,322
motorbike 0.70040,659,375,687,415
car 0.97027,538,304,639,366
car 0.95494,368,267,428,312
person 0.85146,778,327,819,383
person 0.77493,860,370,904,425
person 0.76734,427,320,466,373
person 0.70537,648,346,686,407
person 0.69111,474,277,495,304
