object_probs,left,top,right,bottom
car 0.99541,157,465,368,596
car 0.74472,399,261,496,303
person 0.83486,237,359,266,423
person 0.77768,267,307,291,348
