object_probs,left,top,right,bottom
motorbike 0.89650,985,338,1055,391
car 0.99498,464,322,605,382
car 0.98184,784,291,903,332
car 0.97053,323,306,414,356
car 0.78696,180,235,218,256
person 0.62397,173,277,185,304
