object_probs,left,top,right,bottom
motorbike 0.83345,271,331,298,368
motorbike 0.81316,744,351,813,394
motorbike 0.80583,279,422,324,478
motorbike 0.67301,337,310,362,342
motorbike 0.61880,389,271,410,301
bicycle 0.81350 motorbike 0.57916,823,376,898,414
car 0.98029,216,252,261,282
car 0.96191,339,351,420,428
person 0.97476,276,398,321,464
person 0.75715,750,341,798,391
person 0.70904,840,345,881,403
person 0.64070,177,276,191,305
person 0.51440,200,297,220,322
person 0.51149,762,336,793,371
