object_probs,left,top,right,bottom
person 0.53784 motorbike 0.64182,388,271,411,303
motorbike 0.57784,311,291,335,325
car 0.89641,245,262,299,305
car 0.50613,139,266,184,298
