object_probs,left,top,right,bottom
truck 0.96781,0,305,560,700
motorbike 0.80290,840,365,911,410
car 0.83683,347,261,409,304
person 0.85722,839,336,889,405
person 0.62159,467,289,482,312
