object_probs,left,top,right,bottom
motorbike 0.68154,1013,346,1077,401
motorbike 0.65186,346,396,377,426
car 0.98400,216,428,409,554
car 0.97912,242,276,307,309
car 0.95735,907,285,1025,331
person 0.88103,231,351,261,388
person 0.86822,340,370,379,423
person 0.81202,745,292,770,326
person 0.79088,210,314,227,345
person 0.78963,1021,339,1069,399
person 0.73545,481,328,525,376
