object_probs,left,top,right,bottom
person 0.55496 motorbike 0.66239,387,270,411,303
motorbike 0.56743,348,270,379,303
car 0.58904,202,238,234,263
person 0.61541,226,253,245,285
