object_probs,left,top,right,bottom
motorbike 0.66690,383,307,410,345
motorbike 0.54458,352,272,379,299
car 0.69664,274,274,322,315
car 0.69502,170,274,211,302
