object_probs,left,top,right,bottom
car 0.99733,184,455,370,587
car 0.81567,397,262,496,303
person 0.85310,265,304,290,346
person 0.83087,239,353,265,419
person 0.54468,391,268,412,302
