object_probs,left,top,right,bottom
motorbike 0.86987,203,486,246,540
motorbike 0.75072,232,371,258,415
motorbike 0.70558,2,605,68,710
motorbike 0.69678,1021,343,1079,405
car 0.97251,545,277,672,327
car 0.96163,322,342,390,410
car 0.66790,303,249,340,276
person 0.89479,196,449,239,504
person 0.58662,373,268,395,303
