object_probs,left,top,right,bottom
motorbike 0.65843,387,270,411,303
motorbike 0.55928,348,269,380,303
car 0.97031,218,252,263,280
