object_probs,left,top,right,bottom
motorbike 0.86385,947,342,1011,390
car 0.99547,448,318,582,374
car 0.97550,807,289,929,333
car 0.95956,310,300,399,355
car 0.67911,181,236,218,254
person 0.71102,170,277,184,303
