object_probs,left,top,right,bottom
motorbike 0.58340,301,308,327,346
motorbike 0.50039,271,325,296,366
car 0.99634,856,346,1027,419
car 0.94548,232,265,301,309
car 0.83942,426,267,493,304
