object_probs,left,top,right,bottom
motorbike 0.62995,223,329,246,369
motorbike 0.52305,203,500,248,564
car 0.98707,303,382,414,492
car 0.90774,454,266,565,315
car 0.50568,295,247,337,276
person 0.93285,200,476,248,553
person 0.74084,236,285,254,322
person 0.61554,390,269,410,302
