object_probs,left,top,right,bottom
bicycle 0.50882 motorbike 0.58602,463,348,524,395
car 0.88008,287,298,361,357
car 0.66318,378,253,419,276
car 0.57426,200,239,235,260
person 0.94303,467,321,511,381
person 0.87706,222,311,243,350
person 0.78281,173,256,188,283
person 0.74585,206,289,224,324
