object_probs,left,top,right,bottom
car 0.86712,288,299,362,357
car 0.56449,200,239,236,260
car 0.55149,380,254,418,276
person 0.93288,468,321,515,379
person 0.86440,222,313,244,352
person 0.75667,173,256,188,283
person 0.71402,207,289,225,323
person 0.51629,267,278,286,302
