object_probs,left,top,right,bottom
motorbike 0.73877,303,370,332,412
motorbike 0.69042,185,484,225,544
car 0.83898,0,642,48,719
person 0.98010,182,458,225,526
person 0.88869,300,349,333,407
