object_probs,left,top,right,bottom
truck 0.98438,1,255,547,668
motorbike 0.79730,771,342,837,402
car 0.89640,354,263,422,307
person 0.70803,776,339,825,402
