object_probs,left,top,right,bottom
motorbike 0.89326,425,334,460,368
motorbike 0.85239,150,560,236,634
motorbike 0.56727,936,347,1005,399
person 0.53103 motorbike 0.56309,389,271,411,301
car 0.98575,285,395,429,507
car 0.93031,235,264,297,305
car 0.82978,961,277,1066,327
person 0.87021,224,334,247,369
person 0.84649,326,352,354,393
person 0.81396,946,340,991,397
person 0.72999,133,528,225,623
person 0.58359,195,303,213,340
