object_probs,left,top,right,bottom
motorbike 0.70360,221,470,249,509
motorbike 0.55609,294,346,324,390
motorbike 0.54441,212,442,250,503
car 0.99265,0,571,170,714
car 0.89871,390,260,460,299
car 0.62133,338,257,386,305
person 0.94222,205,425,245,485
