object_probs,left,top,right,bottom
motorbike 0.86062,581,330,612,362
motorbike 0.78834,869,381,927,428
person 0.50827 motorbike 0.77736,522,290,548,322
motorbike 0.72819,462,312,483,343
car 0.96618,0,535,106,706
car 0.76119,428,280,505,322
person 0.93619,220,444,267,506
person 0.81997,876,360,923,421
person 0.81018,190,490,239,577
person 0.77550,583,314,608,347
person 0.77306,530,344,580,394
person 0.63932,683,344,720,405
