object_probs,left,top,right,bottom
truck 0.96378,214,251,502,539
motorbike 0.78925,96,565,179,638
motorbike 0.74077,631,343,704,400
motorbike 0.50054,0,604,75,707
car 0.66605,316,249,360,280
person 0.89003,623,312,648,353
person 0.61518,74,519,157,636
