object_probs,left,top,right,bottom
motorbike 0.92600,512,504,591,567
motorbike 0.87384,287,350,313,388
motorbike 0.66088,1039,371,1067,415
car 0.99676,751,405,933,523
person 0.89273,520,467,574,558
person 0.70111,286,341,310,371
person 0.68473,391,272,410,300
