object_probs,left,top,right,bottom
person 0.57679 motorbike 0.73674,907,342,945,404
person 0.66784 motorbike 0.57021,388,270,411,301
person 0.65369,219,291,245,335
person 0.55283,372,268,396,302
