object_probs,left,top,right,bottom
motorbike 0.92401,126,570,200,631
car 0.98769,268,411,404,522
car 0.82284,412,264,520,308
person 0.88300,250,292,268,328
person 0.82490,124,540,198,615
person 0.77584,231,338,254,375
