object_probs,left,top,right,bottom
truck 0.83400,241,263,498,518
motorbike 0.81741,38,600,134,679
motorbike 0.76642,143,550,214,612
motorbike 0.74875,601,348,666,397
motorbike 0.56081,676,331,707,372
car 0.56632,316,251,363,282
person 0.82789,609,339,655,397
person 0.72723,540,309,561,351
person 0.67495,133,497,213,603
person 0.63769,500,296,519,328
person 0.51492,72,558,121,645
person 0.50282,668,321,707,374
