object_probs,left,top,right,bottom
person 0.69806 motorbike 0.64605,388,270,411,302
motorbike 0.58202,348,270,377,302
person 0.61570,199,275,220,310
person 0.57054,373,270,397,302
