object_probs,left,top,right,bottom
car 0.99668,413,319,529,376
car 0.98394,637,289,753,332
car 0.97682,603,341,778,401
car 0.84360,194,241,236,265
person 0.77828,166,277,184,304
person 0.55881,185,286,200,319
