object_probs,left,top,right,bottom
motorbike 0.83283,243,432,269,476
motorbike 0.83186,896,345,965,404
motorbike 0.62331,170,582,261,653
person 0.75439 motorbike 0.60499,214,334,238,369
car 0.98135,606,282,748,330
car 0.94202,306,317,370,378
car 0.63678,303,247,340,277
person 0.67469,233,402,257,433
person 0.63729,184,256,200,283
person 0.58879,236,404,272,465
