object_probs,left,top,right,bottom
car 0.99411,409,320,518,374
car 0.99074,599,338,766,398
car 0.97589,644,288,758,332
car 0.91325,192,240,237,265
person 0.77668,165,277,183,303
person 0.52199,184,287,199,320
