object_probs,left,top,right,bottom
motorbike 0.86731,617,349,682,395
motorbike 0.73485,347,421,381,488
motorbike 0.72200,247,396,281,459
motorbike 0.55940,389,272,410,300
motorbike 0.54936,584,290,613,317
car 0.99723,27,504,316,674
car 0.97886,784,284,910,335
car 0.85792,267,288,326,330
person 0.70615,229,338,251,376
person 0.57259,629,342,677,391
person 0.55031,346,413,372,454
person 0.52794,176,290,191,322
