object_probs,left,top,right,bottom
motorbike 0.52196,437,344,483,393
car 0.79205,287,295,349,344
car 0.65969,383,255,424,279
person 0.81432,171,253,186,278
person 0.79183,204,290,222,326
person 0.78140,439,319,479,381
person 0.59227,221,308,241,345
