object_probs,left,top,right,bottom
car 0.99505,192,450,378,577
car 0.74525,397,261,498,304
person 0.88309,263,302,289,346
person 0.71114,237,351,265,416
person 0.52803,391,268,412,302
