object_probs,left,top,right,bottom
traffic light 0.82638,170,250,185,271
motorbike 0.87943,318,482,364,544
motorbike 0.75930,248,470,274,509
person 0.52331 motorbike 0.52270,389,272,411,301
car 0.98067,3,574,177,714
car 0.97895,714,284,848,337
car 0.87811,276,297,339,344
person 0.94989,232,428,271,490
person 0.84737,518,278,535,305
person 0.79675,318,457,362,533
person 0.68254,191,305,211,339
person 0.64160,241,373,266,413
person 0.56279,238,356,263,388
person 0.52853,745,346,775,390
