object_probs,left,top,right,bottom
motorbike 0.68006,386,330,422,370
car 0.92869,267,287,334,333
car 0.69272,404,267,445,293
person 0.87177,209,290,227,326
person 0.73225,392,314,423,344
person 0.63989,387,308,429,362
person 0.56586,173,249,187,271
person 0.51043,194,281,210,305
