object_probs,left,top,right,bottom
motorbike 0.67030,305,308,329,344
car 0.99456,861,348,1034,421
car 0.94264,238,269,305,311
car 0.79443,415,265,484,302
person 0.54845,303,293,330,328
person 0.50012,389,270,413,301
