object_probs,left,top,right,bottom
motorbike 0.76821,310,289,335,326
person 0.60983 motorbike 0.65056,388,271,411,303
motorbike 0.51286,351,272,379,301
car 0.88050,245,262,299,304
