object_probs,left,top,right,bottom
motorbike 0.61967,489,326,523,360
car 0.88718,291,285,367,332
car 0.84311,188,275,251,314
person 0.78685,534,275,553,306
person 0.75066,494,314,522,351
person 0.68784,391,273,409,301
person 0.63544,374,271,393,301
