object_probs,left,top,right,bottom
motorbike 0.78158,332,292,359,330
person 0.63485 motorbike 0.58551,389,272,410,302
car 0.87398,254,271,303,303
car 0.77957,150,275,190,299
person 0.59000,668,287,689,322
person 0.52875,374,272,396,302
