object_probs,left,top,right,bottom
truck 0.54004,368,315,479,369
car 0.98907,693,289,821,335
car 0.94826,545,331,690,394
car 0.88974,368,307,479,366
car 0.87461,187,238,238,266
person 0.52436,391,270,412,301
person 0.51000,373,271,395,303
