object_probs,left,top,right,bottom
truck 0.96007,0,301,550,706
motorbike 0.89439,861,366,932,410
person 0.84918,875,336,921,400
person 0.64023,457,289,474,314
person 0.59113,456,280,473,304
person 0.58951,391,271,411,304
