object_probs,left,top,right,bottom
person 0.67549 motorbike 0.67048,388,270,411,302
motorbike 0.62113,347,270,377,302
person 0.59683,198,270,221,310
person 0.57092,373,270,397,302
