object_probs,left,top,right,bottom
motorbike 0.72803,842,485,891,536
motorbike 0.70826,990,345,1016,391
motorbike 0.56202,309,416,333,450
car 0.99836,272,569,596,717
car 0.88572,266,308,333,365
car 0.72368,321,232,358,255
car 0.54204,218,218,250,240
person 0.96779,843,436,894,515
person 0.88801,209,299,226,329
person 0.71736,992,328,1015,379
person 0.64552,391,272,410,301
person 0.53912,298,385,335,445
person 0.51467,372,271,394,302
