object_probs,left,top,right,bottom
motorbike 0.80958,430,312,459,348
car 0.80819,166,272,232,312
car 0.78852,290,283,341,328
person 0.71173,565,276,585,307
person 0.63819,373,273,394,301
