object_probs,left,top,right,bottom
bus 0.51520,1018,323,1079,425
motorbike 0.93505,624,500,700,575
motorbike 0.88323,62,577,156,661
motorbike 0.68671,388,270,411,302
motorbike 0.59827,254,348,281,384
car 0.98675,319,387,398,461
car 0.98510,814,439,992,555
person 0.74018,629,464,674,535
person 0.50468,254,338,279,373
