object_probs,left,top,right,bottom
car 0.99053,1,531,251,702
car 0.92898,396,261,464,300
person 0.62176,226,401,261,465
