object_probs,left,top,right,bottom
motorbike 0.56474,348,270,378,303
person 0.55066 motorbike 0.55783,388,270,411,302
car 0.74623,204,247,241,271
person 0.51683,232,252,251,285
