object_probs,left,top,right,bottom
car 0.99683,812,346,983,419
car 0.93801,230,263,294,308
car 0.90527,427,268,498,308
person 0.53144,284,293,308,330
