object_probs,left,top,right,bottom
truck 0.98427,197,278,509,565
motorbike 0.81169,643,345,710,400
motorbike 0.68149,74,581,158,653
motorbike 0.58848,0,615,48,704
car 0.54907,384,269,434,297
car 0.51731,318,250,361,279
person 0.93574,651,336,699,398
person 0.86800,604,310,632,352
person 0.73121,62,529,142,643
