object_probs,left,top,right,bottom
motorbike 0.95034,670,444,729,500
motorbike 0.65928,266,328,290,368
person 0.66538 motorbike 0.59255,390,271,410,301
car 0.99619,871,372,1023,467
person 0.97133,672,413,724,494
person 0.86331,166,279,182,307
person 0.52391,372,269,396,303
