object_probs,left,top,right,bottom
truck 0.79068,297,262,476,501
person 0.69159 motorbike 0.85901,537,311,563,345
motorbike 0.82959,755,344,800,394
motorbike 0.73636,562,342,632,397
motorbike 0.68992,184,505,252,572
motorbike 0.56690,122,565,199,631
person 0.92433,180,469,252,558
person 0.78140,760,336,789,370
person 0.62148,603,325,632,367
person 0.50946,566,337,615,395
