object_probs,left,top,right,bottom
motorbike 0.90170,66,598,155,681
car 0.98630,241,421,398,541
car 0.68574,395,263,501,305
person 0.87414,233,344,257,391
person 0.67609,257,295,274,332
