object_probs,left,top,right,bottom
truck 0.98474,0,255,561,671
motorbike 0.72588,790,343,858,403
car 0.94056,348,262,418,307
car 0.58468,313,248,357,279
person 0.75375,797,338,846,403
