object_probs,left,top,right,bottom
car 0.93267,265,286,331,331
car 0.83552,402,267,448,296
person 0.87224,210,289,227,325
person 0.73778,385,314,415,346
person 0.70162,192,280,208,305
