object_probs,left,top,right,bottom
truck 0.75045,176,324,334,528
motorbike 0.86623,835,425,900,485
motorbike 0.76497,373,327,403,360
motorbike 0.73081,541,310,574,349
car 0.97147,617,329,744,396
car 0.95650,397,279,468,328
bicycle 0.58289,112,578,197,658
person 0.91608,841,397,882,472
person 0.91273,100,488,185,625
person 0.84525,369,314,401,355
person 0.74448,549,294,580,327
person 0.59115,366,267,384,305
