object_probs,left,top,right,bottom
motorbike 0.82816,227,329,256,375
motorbike 0.52178,388,272,410,302
car 0.81665,200,246,243,269
car 0.81638,363,252,406,277
car 0.75792,309,305,378,368
car 0.57514,320,251,355,277
person 0.90055,215,294,233,327
person 0.58613,177,266,191,294
person 0.57776,530,326,558,365
person 0.57221,173,260,188,286
person 0.52791,550,341,591,400
