object_probs,left,top,right,bottom
motorbike 0.65573,239,387,266,426
motorbike 0.59985,194,506,240,556
motorbike 0.58812,1045,334,1078,405
motorbike 0.51819,229,373,259,410
motorbike 0.51708,389,269,410,301
car 0.95036,538,279,649,325
car 0.94131,322,341,392,414
person 0.83760,188,465,236,525
person 0.72247,201,268,219,299
person 0.61832,238,373,265,416
person 0.51196,372,268,396,303
