object_probs,left,top,right,bottom
car 0.89636,264,287,337,335
car 0.54270,402,266,444,293
person 0.90139,211,292,229,328
person 0.82789,399,316,441,376
person 0.67908,173,249,188,271
person 0.59030,407,313,436,346
person 0.53088,194,281,211,306
