object_probs,left,top,right,bottom
person 0.56286 motorbike 0.62029,388,272,411,302
motorbike 0.55288,348,269,379,302
motorbike 0.50608,168,247,185,270
car 0.99417,742,341,930,406
car 0.96026,557,282,661,330
car 0.84819,201,246,246,275
car 0.80943,499,330,629,394
person 0.60080,192,287,209,319
