object_probs,left,top,right,bottom
motorbike 0.64272,387,270,410,302
motorbike 0.55143,348,270,380,303
car 0.75990,226,258,276,286
