object_probs,left,top,right,bottom
motorbike 0.53450,388,272,411,302
car 0.99280,726,339,903,409
car 0.95718,483,326,613,389
car 0.93802,575,284,680,330
car 0.87328,200,246,247,275
person 0.65797,188,288,206,320
person 0.54228,186,281,203,307
