object_probs,left,top,right,bottom
motorbike 0.78609,668,328,718,376
car 0.97510,342,294,435,351
car 0.97279,1003,277,1077,324
car 0.84441,233,288,297,331
person 0.65384,472,271,492,302
