object_probs,left,top,right,bottom
motorbike 0.54276,349,272,377,301
car 0.99044,647,341,808,411
car 0.98307,961,337,1079,417
car 0.97381,475,276,554,315
car 0.93233,212,253,261,280
person 0.87943,231,294,253,325
person 0.62269,388,271,410,302
person 0.52218,373,270,396,302
