object_probs,left,top,right,bottom
motorbike 0.62504,563,291,583,316
motorbike 0.62069,438,314,467,348
car 0.85617,284,283,345,328
car 0.85236,169,273,234,312
person 0.81000,562,277,579,307
person 0.61885,450,311,474,348
person 0.61594,373,273,394,301
person 0.55543,391,273,409,300
