object_probs,left,top,right,bottom
motorbike 0.66017,387,270,411,303
motorbike 0.52947,349,270,379,302
car 0.96601,220,253,264,281
