object_probs,left,top,right,bottom
motorbike 0.76058,453,341,496,392
car 0.82425,290,298,356,350
car 0.73607,382,254,421,277
person 0.94038,454,320,495,382
person 0.84045,172,254,188,281
person 0.76156,221,308,241,348
person 0.68065,204,289,221,322
