object_probs,left,top,right,bottom
truck 0.59760,358,316,462,366
car 0.98731,531,322,680,392
car 0.98637,714,291,844,335
car 0.77775,355,310,463,364
car 0.65177,183,237,221,259
