object_probs,left,top,right,bottom
motorbike 0.90755,284,419,325,484
motorbike 0.59426,384,269,413,303
motorbike 0.57817,2,578,85,689
car 0.59122,0,578,76,691
person 0.94670,282,406,322,469
