object_probs,left,top,right,bottom
person 0.62105 motorbike 0.63875,389,271,411,302
motorbike 0.60300,297,288,319,323
motorbike 0.50215,350,272,379,301
car 0.88917,240,260,291,300
