object_probs,left,top,right,bottom
motorbike 0.95593,277,418,323,483
motorbike 0.80982,340,310,369,344
motorbike 0.72249,761,351,829,395
motorbike 0.58462,388,270,411,301
person 0.54053 motorbike 0.54704,280,329,306,374
car 0.98284,339,355,421,433
car 0.98200,216,252,262,284
bicycle 0.89197,845,372,917,416
person 0.98120,276,403,322,472
person 0.89648,771,338,819,392
person 0.84012,861,344,904,405
person 0.55712,201,299,221,324
