object_probs,left,top,right,bottom
truck 0.97902,87,274,516,625
motorbike 0.77917,712,340,776,399
motorbike 0.76245,2,589,76,697
motorbike 0.74123,541,306,565,340
car 0.65362,379,269,424,301
car 0.52824,314,250,362,277
person 0.82068,717,336,767,398
person 0.79653,540,298,563,330
