object_probs,left,top,right,bottom
motorbike 0.73583,281,323,310,366
car 0.97306,75,490,330,659
car 0.80539,412,264,484,301
person 0.77219,235,378,267,443
person 0.65099,278,315,309,359
