object_probs,left,top,right,bottom
truck 0.86790,0,430,247,689
motorbike 0.93910,619,310,645,345
motorbike 0.86916,255,447,305,528
motorbike 0.86201,677,342,720,392
motorbike 0.76902,868,422,934,478
motorbike 0.68692,486,354,530,388
motorbike 0.65685,538,329,564,370
car 0.73981,466,294,554,333
person 0.93576,254,395,298,469
person 0.91831,879,390,928,472
person 0.67895,483,322,532,379
person 0.64293,681,334,707,364
