object_probs,left,top,right,bottom
motorbike 0.53490,387,331,423,371
car 0.94369,266,287,334,334
person 0.88661,210,290,228,327
person 0.83302,387,319,428,374
person 0.63290,172,249,188,271
person 0.62306,393,313,428,345
person 0.59987,194,280,211,307
