object_probs,left,top,right,bottom
truck 0.98551,165,283,513,580
motorbike 0.85686,668,343,737,400
person 0.80946 motorbike 0.67381,578,309,605,348
motorbike 0.53604,18,581,133,672
car 0.77226,383,266,435,298
car 0.52927,316,250,360,277
person 0.90060,674,335,723,399
person 0.86171,29,542,113,661
