object_probs,left,top,right,bottom
motorbike 0.64580,387,270,410,303
motorbike 0.51194,348,270,379,302
car 0.94401,220,253,268,283
