object_probs,left,top,right,bottom
car 0.99656,801,346,970,417
car 0.91970,425,268,505,309
car 0.87455,228,263,292,306
bicycle 0.52877,254,330,275,364
person 0.70436,254,311,278,356
person 0.67370,282,293,308,331
