object_probs,left,top,right,bottom
motorbike 0.82526,150,552,217,609
motorbike 0.54499,230,350,253,382
car 0.97178,276,407,406,515
car 0.72072,441,265,533,310
person 0.90326,228,335,253,376
person 0.81837,244,290,266,327
person 0.72297,153,521,205,590
