object_probs,left,top,right,bottom
truck 0.83153,1,446,212,719
motorbike 0.83316,228,459,296,537
motorbike 0.80673,584,309,612,338
motorbike 0.77613,644,348,675,383
person 0.53378 motorbike 0.67140,498,346,547,390
motorbike 0.58255,803,399,852,452
car 0.86912,464,287,540,332
person 0.91290,243,408,291,465
person 0.90110,804,372,851,447
person 0.83502,641,325,680,381
person 0.72704,586,296,612,330
