object_probs,left,top,right,bottom
car 0.98141,665,287,799,335
car 0.94484,188,239,238,268
car 0.94358,393,316,499,371
car 0.90770,568,334,735,395
person 0.65510,162,276,180,304
person 0.51049,182,279,198,308
