object_probs,left,top,right,bottom
motorbike 0.82607,814,338,878,387
car 0.99049,905,283,1013,330
car 0.98815,384,307,517,366
car 0.97632,269,295,344,337
car 0.73273,176,233,214,254
person 0.66642,164,271,177,299
person 0.64417,391,272,409,302
person 0.50017,372,271,394,302
