object_probs,left,top,right,bottom
motorbike 0.90874,775,328,837,382
car 0.99448,373,306,489,362
car 0.99116,930,283,1037,328
car 0.98118,261,294,331,336
car 0.63707,172,230,212,251
person 0.51538,372,271,395,303
