object_probs,left,top,right,bottom
car 0.99484,806,346,979,418
car 0.92158,228,263,292,308
car 0.89653,428,268,501,309
bicycle 0.64746,256,330,277,366
person 0.66397,284,294,308,330
person 0.51837,388,271,412,302
