object_probs,left,top,right,bottom
motorbike 0.79728,796,360,845,408
motorbike 0.57600,493,286,519,319
person 0.55700 motorbike 0.54691,555,312,583,346
car 0.51996,448,289,486,323
person 0.86825,797,344,841,402
person 0.86090,138,509,217,600
person 0.81149,209,458,262,539
person 0.66463,636,331,665,369
