object_probs,left,top,right,bottom
motorbike 0.64247,386,270,411,303
motorbike 0.52797,348,269,380,303
car 0.96295,216,251,259,280
