object_probs,left,top,right,bottom
motorbike 0.93457,941,421,985,481
motorbike 0.76262,235,604,334,680
motorbike 0.61305,1033,335,1058,365
car 0.98865,522,481,767,642
car 0.81757,260,302,316,350
car 0.70805,324,231,359,257
person 0.89571,943,396,985,468
person 0.88164,1031,306,1056,362
person 0.68353,198,293,212,319
person 0.60150,390,271,410,301
