object_probs,left,top,right,bottom
motorbike 0.90310,867,339,934,389
car 0.97690,865,284,980,333
car 0.94435,416,313,531,371
car 0.93526,287,299,368,347
car 0.80519,179,234,220,254
car 0.52625,387,265,467,302
person 0.70442,167,273,180,300
person 0.50783,371,271,395,301
