object_probs,left,top,right,bottom
car 0.98119,634,290,754,332
car 0.98083,416,320,531,378
car 0.97412,604,343,791,402
car 0.84783,194,241,236,264
person 0.78435,167,277,186,304
