object_probs,left,top,right,bottom
motorbike 0.78080,249,488,297,538
motorbike 0.70185,246,454,298,527
motorbike 0.58548,385,270,412,303
person 0.95030,245,442,298,515
person 0.54435,180,249,198,290
