object_probs,left,top,right,bottom
motorbike 0.73665,247,481,288,542
motorbike 0.54104,385,270,412,303
person 0.96067,242,443,290,513
person 0.58997,180,248,198,290
