object_probs,left,top,right,bottom
car 0.99621,790,348,962,416
car 0.87374,424,268,507,309
car 0.84687,229,263,292,307
person 0.86151,253,310,277,357
person 0.61448,280,292,308,331
person 0.52608,388,271,412,302
