object_probs,left,top,right,bottom
person 0.50662 motorbike 0.61348,388,269,411,303
motorbike 0.56569,348,269,379,303
car 0.91111,211,247,254,277
