object_probs,left,top,right,bottom
truck 0.87670,287,261,480,502
motorbike 0.80919,522,311,546,342
motorbike 0.75309,724,351,755,387
motorbike 0.64290,177,529,226,588
motorbike 0.59576,573,349,638,397
motorbike 0.59074,93,555,179,638
car 0.56328,317,251,364,278
person 0.93848,723,326,764,382
person 0.79816,168,482,236,550
person 0.78795,579,318,601,354
person 0.63740,94,537,179,623
