object_probs,left,top,right,bottom
truck 0.90373,0,446,248,713
motorbike 0.93335,256,446,307,531
motorbike 0.90744,616,311,644,346
motorbike 0.85364,671,340,715,392
motorbike 0.63741,485,340,533,389
car 0.87170,466,294,554,333
person 0.92502,253,397,297,470
person 0.82129,864,387,913,469
person 0.70327,484,325,533,380
person 0.64991,673,328,712,385
person 0.58426,677,334,706,368
