object_probs,left,top,right,bottom
truck 0.98290,239,284,496,543
motorbike 0.72381,614,340,687,395
motorbike 0.65513,22,625,122,687
motorbike 0.53465,8,580,126,682
car 0.56207,317,250,363,282
car 0.50209,123,211,180,234
person 0.70287,496,295,515,327
person 0.56978,626,336,676,396
person 0.56821,521,306,545,350
person 0.56220,112,505,189,612
person 0.55931,22,572,104,679
