object_probs,left,top,right,bottom
person 0.51468 motorbike 0.61230,387,270,411,302
motorbike 0.57981,348,270,379,303
car 0.70024,204,246,240,270
person 0.62902,233,252,250,286
