object_probs,left,top,right,bottom
motorbike 0.86601,715,328,773,378
person 0.68450,716,326,768,376
car 0.98823,356,300,458,355
car 0.98491,977,282,1069,326
car 0.96346,243,292,314,333
car 0.69189,170,228,213,251
car 0.53479,1061,290,1078,321
person 0.58088,456,273,476,297
person 0.54548,392,272,410,296
