object_probs,left,top,right,bottom
truck 0.95341,114,276,508,619
motorbike 0.79671,0,575,95,692
motorbike 0.78046,702,342,767,401
motorbike 0.76786,552,308,577,345
car 0.74340,381,269,427,300
car 0.56723,317,250,362,277
person 0.92641,708,334,757,399
