object_probs,left,top,right,bottom
motorbike 0.77254,171,505,215,562
motorbike 0.65609,310,392,336,425
person 0.81808,303,357,336,420
person 0.76712,167,470,212,531
