object_probs,left,top,right,bottom
truck 0.81101,167,331,340,532
truck 0.75663,214,233,350,332
motorbike 0.91552,535,308,565,347
motorbike 0.85685,804,421,866,475
motorbike 0.66247,1017,402,1079,452
motorbike 0.61974,385,331,412,361
car 0.97978,608,321,733,393
car 0.95837,393,276,463,326
person 0.88875,811,390,861,469
person 0.85149,537,292,568,329
person 0.80128,378,307,414,357
person 0.77542,1029,378,1075,447
person 0.65757,78,515,161,653
