object_probs,left,top,right,bottom
motorbike 0.59391,389,270,412,301
motorbike 0.55758,236,378,269,440
motorbike 0.53045,167,503,215,565
car 0.96858,325,349,398,423
car 0.96169,519,278,613,323
person 0.74416,207,273,224,301
person 0.55414,168,489,213,549
