object_probs,left,top,right,bottom
car 0.99226,738,293,866,334
car 0.98616,500,324,649,390
car 0.97569,352,307,442,363
car 0.75543,1045,334,1078,393
car 0.53473,181,236,219,258
person 0.67837,173,277,190,305
