object_probs,left,top,right,bottom
motorbike 0.58736,280,323,307,365
car 0.98623,95,477,332,648
car 0.85806,411,263,485,301
person 0.66353,235,377,268,441
person 0.60593,276,313,308,360
