object_probs,left,top,right,bottom
motorbike 0.77513,239,391,266,429
motorbike 0.64649,389,269,410,301
motorbike 0.59015,188,507,233,562
car 0.95147,322,341,393,415
car 0.89113,532,279,655,326
car 0.57292,302,249,339,277
person 0.86602,182,464,221,524
person 0.69097,234,368,267,424
person 0.65685,202,271,219,299
