object_probs,left,top,right,bottom
motorbike 0.89464,246,429,273,470
motorbike 0.72864,94,541,177,616
motorbike 0.54480,389,270,410,301
car 0.97374,497,276,593,322
car 0.96568,327,360,400,436
car 0.59858,300,248,339,275
car 0.58671,1057,270,1079,309
person 0.84460,238,402,273,464
