object_probs,left,top,right,bottom
person 0.75513 motorbike 0.85871,308,293,330,324
motorbike 0.69400,645,348,709,391
person 0.63141 motorbike 0.66332,260,365,298,425
person 0.69824 motorbike 0.59448,389,270,411,302
car 0.96784,204,247,258,275
car 0.91644,327,329,408,401
car 0.57166,344,249,390,277
bicycle 0.80311,703,370,777,412
person 0.92997,245,311,267,349
person 0.87451,720,345,762,403
person 0.74480,650,330,698,383
person 0.52738,186,282,203,304
