object_probs,left,top,right,bottom
motorbike 0.51946,349,271,378,301
car 0.98994,662,342,817,413
car 0.97535,982,335,1079,416
car 0.97151,469,275,552,314
car 0.90558,214,254,263,282
person 0.81280,234,295,256,326
person 0.59953,388,270,410,302
