object_probs,left,top,right,bottom
truck 0.55378,364,314,473,369
car 0.98873,696,291,826,335
car 0.96472,543,332,687,394
car 0.89882,365,307,473,367
car 0.76111,188,238,237,264
person 0.55239,373,270,395,303
person 0.53249,391,270,412,300
