object_probs,left,top,right,bottom
truck 0.78480,1,449,207,719
motorbike 0.84643,641,347,675,383
motorbike 0.83921,584,309,608,337
motorbike 0.81511,219,462,293,555
motorbike 0.79297,498,344,548,390
motorbike 0.73547,801,400,848,450
car 0.87751,456,287,532,330
person 0.94307,639,325,678,380
person 0.89070,243,412,290,465
person 0.81355,585,297,608,328
person 0.72242,1047,392,1078,464
person 0.71997,798,375,844,445
