object_probs,left,top,right,bottom
motorbike 0.58468,387,270,411,303
motorbike 0.50321,348,269,379,303
car 0.85877,212,248,253,276
