object_probs,left,top,right,bottom
truck 0.98721,67,266,526,640
motorbike 0.76043,730,342,796,400
car 0.81998,372,265,423,308
car 0.63101,313,249,361,277
person 0.87160,736,336,784,400
person 0.54471,522,295,549,328
