object_probs,left,top,right,bottom
car 0.99014,692,342,854,413
car 0.97906,1020,329,1079,418
car 0.97077,458,273,532,313
car 0.76050,218,256,265,284
person 0.91704,249,296,269,323
person 0.63085,389,270,410,302
person 0.51373,373,270,396,302
