object_probs,left,top,right,bottom
truck 0.96666,0,301,561,703
motorbike 0.77858,829,361,902,410
car 0.83778,347,262,411,305
person 0.86383,838,337,886,405
person 0.64741,468,290,482,312
