object_probs,left,top,right,bottom
motorbike 0.82481,230,473,301,550
motorbike 0.75033,859,363,935,403
motorbike 0.74456,383,330,412,361
person 0.51662 motorbike 0.60578,388,271,412,300
motorbike 0.52408,216,329,235,358
car 0.99253,319,370,435,471
car 0.87948,223,261,284,297
bicycle 0.86615,966,369,1032,416
person 0.94971,230,461,302,532
person 0.87852,382,310,411,352
person 0.84824,186,290,204,327
person 0.79618,980,341,1022,405
person 0.78176,876,340,916,395
person 0.75840,212,316,233,348
