object_probs,left,top,right,bottom
truck 0.90316,222,235,347,335
truck 0.56286,149,331,333,540
motorbike 0.90417,391,329,423,364
motorbike 0.89636,519,307,547,344
motorbike 0.86001,955,387,1016,434
motorbike 0.81266,773,401,821,459
motorbike 0.65078,48,569,135,693
car 0.98605,584,318,715,390
car 0.92610,391,275,455,325
person 0.93622,772,376,815,451
person 0.83918,963,366,1008,426
person 0.81357,520,291,549,326
person 0.74535,386,315,415,353
person 0.70618,64,516,138,659
