object_probs,left,top,right,bottom
bus 0.77673,986,328,1079,436
motorbike 0.83982,3,615,108,697
person 0.59765 motorbike 0.72675,262,349,286,392
motorbike 0.56153,554,516,642,600
person 0.51760 motorbike 0.50342,390,270,410,301
car 0.98944,315,393,401,475
car 0.95623,768,462,961,581
person 0.77479,564,488,615,579
person 0.63498,262,341,285,369
person 0.51193,556,495,595,572
