object_probs,left,top,right,bottom
motorbike 0.74741,613,286,643,323
motorbike 0.71608,374,304,401,343
car 0.72566,156,273,204,302
car 0.57697,262,273,326,311
person 0.58566,371,277,405,339
