object_probs,left,top,right,bottom
motorbike 0.81798,913,413,960,490
motorbike 0.70933,1019,325,1044,371
motorbike 0.69758,157,612,267,709
car 0.99499,454,509,717,662
car 0.70623,263,305,323,356
car 0.67068,324,231,360,256
person 0.92098,915,404,960,473
person 0.84712,201,293,220,328
person 0.61495,390,270,410,301
