object_probs,left,top,right,bottom
person 0.52138 motorbike 0.65805,387,270,411,303
motorbike 0.57090,348,270,379,303
car 0.67343,202,238,235,264
person 0.57031,230,253,248,286
