object_probs,left,top,right,bottom
car 0.94201,1014,348,1079,421
car 0.80536,269,282,320,329
car 0.80400,390,261,456,300
person 0.83973,189,276,206,304
person 0.74101,211,286,227,320
person 0.65798,366,311,393,348
