object_probs,left,top,right,bottom
motorbike 0.83511,887,442,935,508
motorbike 0.67535,307,390,333,430
motorbike 0.63654,86,622,216,713
car 0.98180,380,524,678,682
car 0.89631,263,306,329,362
car 0.65151,322,232,358,255
person 0.95571,889,417,933,494
person 0.90551,204,296,223,328
person 0.78737,1011,327,1035,373
person 0.62446,94,608,137,709
person 0.60056,390,271,410,301
person 0.52804,304,377,331,415
