object_probs,left,top,right,bottom
motorbike 0.74259,267,464,308,520
motorbike 0.65787,385,269,412,303
person 0.96600,263,427,307,489
