object_probs,left,top,right,bottom
motorbike 0.89798,183,484,225,546
motorbike 0.71738,303,368,333,411
car 0.50122,339,257,386,305
person 0.98355,178,460,221,528
person 0.83497,300,349,333,407
