object_probs,left,top,right,bottom
motorbike 0.86783,231,372,258,412
motorbike 0.85155,3,597,94,717
motorbike 0.83545,1008,344,1074,407
motorbike 0.69543,205,461,247,524
motorbike 0.54284,214,491,247,533
car 0.96948,554,279,660,327
car 0.93138,319,337,391,406
car 0.68083,303,248,339,276
person 0.92517,202,445,244,502
person 0.65123,231,351,255,387
person 0.51189,373,268,395,303
person 0.50504,197,267,213,296
