object_probs,left,top,right,bottom
car 0.99038,689,288,817,335
car 0.96990,548,326,716,397
car 0.95034,375,308,482,365
car 0.90117,188,238,238,266
person 0.53025,373,271,395,303
