object_probs,left,top,right,bottom
truck 0.99065,0,259,558,677
motorbike 0.80645,811,362,884,410
car 0.89019,347,263,417,307
person 0.83965,818,338,867,404
