object_probs,left,top,right,bottom
truck 0.82758,167,328,341,530
truck 0.65699,212,232,352,330
motorbike 0.92867,809,423,876,477
motorbike 0.91968,536,308,569,347
motorbike 0.85112,90,573,179,668
car 0.98017,610,322,737,392
car 0.96414,393,276,466,327
person 0.95757,818,390,863,468
person 0.88943,92,492,176,624
person 0.82384,539,291,570,328
person 0.59435,375,314,407,356
