object_probs,left,top,right,bottom
motorbike 0.86299,609,349,673,395
motorbike 0.83318,349,422,384,489
motorbike 0.76458,248,396,282,457
motorbike 0.58004,389,272,410,301
car 0.99469,30,501,319,672
car 0.97660,790,283,924,336
car 0.84517,266,288,326,329
person 0.79980,228,336,249,374
person 0.63248,634,335,663,371
