object_probs,left,top,right,bottom
motorbike 0.65495,387,270,411,303
motorbike 0.56059,348,269,380,303
car 0.63376,203,237,235,264
person 0.58886,230,254,249,287
