object_probs,left,top,right,bottom
motorbike 0.86943,135,558,221,638
person 0.62300 motorbike 0.86826,427,332,463,367
motorbike 0.58614,941,362,1018,406
motorbike 0.57567,228,351,248,381
person 0.54068 motorbike 0.54178,390,271,411,301
car 0.98542,282,398,427,508
car 0.93978,235,264,297,306
car 0.88885,960,279,1065,329
person 0.88791,327,353,354,395
person 0.87933,960,337,1001,398
person 0.80925,224,337,248,369
person 0.60220,136,543,222,614
