object_probs,left,top,right,bottom
motorbike 0.85533,836,338,902,389
car 0.98597,891,285,1003,330
car 0.97605,399,309,525,364
car 0.93947,281,299,357,344
car 0.80976,177,232,220,254
person 0.77163,165,271,178,299
