object_probs,left,top,right,bottom
truck 0.62235,709,392,891,513
bus 0.75015,1000,324,1079,422
motorbike 0.91023,15,579,129,677
motorbike 0.88143,585,521,670,591
motorbike 0.75077,260,349,284,390
motorbike 0.65874,388,270,411,301
car 0.99061,317,389,399,467
car 0.97564,786,453,976,572
car 0.55193,330,258,396,305
person 0.74293,591,481,635,553
person 0.54053,259,338,284,371
person 0.50167,590,494,671,576
