object_probs,left,top,right,bottom
motorbike 0.60460,389,270,412,301
motorbike 0.55217,148,525,212,586
motorbike 0.50398,246,409,268,446
motorbike 0.50013,372,267,398,304
car 0.97023,328,351,398,428
car 0.94509,513,275,617,325
person 0.64934,209,275,226,301
person 0.57624,237,381,270,444
