object_probs,left,top,right,bottom
person 0.61635 motorbike 0.63776,390,272,411,302
motorbike 0.58874,351,272,376,301
motorbike 0.58154,291,289,311,319
car 0.91368,236,260,285,297
person 0.58338,373,270,395,302
