object_probs,left,top,right,bottom
motorbike 0.94736,278,419,323,481
motorbike 0.62919,339,308,363,341
motorbike 0.60795,757,353,826,393
motorbike 0.60410,388,270,411,301
motorbike 0.52253,274,328,301,370
car 0.98501,217,252,261,282
car 0.97957,339,353,421,431
bicycle 0.93877,840,372,908,417
person 0.97295,277,401,322,469
person 0.87859,856,345,898,406
person 0.82578,761,340,808,393
person 0.62363,201,297,220,323
person 0.56364,178,276,191,306
person 0.53791,777,334,808,374
