object_probs,left,top,right,bottom
truck 0.98020,76,271,515,629
motorbike 0.84961,720,340,783,400
motorbike 0.72202,538,307,562,341
car 0.76596,379,270,425,301
car 0.57439,313,250,362,276
person 0.91900,726,335,778,398
person 0.75059,536,298,560,328
