object_probs,left,top,right,bottom
motorbike 0.88472,843,338,908,388
car 0.98515,403,307,530,366
car 0.98014,884,284,997,330
car 0.94566,280,299,359,342
car 0.72433,178,233,221,254
person 0.63967,166,272,178,300
