object_probs,left,top,right,bottom
truck 0.87222,204,316,332,471
motorbike 0.70426,608,322,653,373
motorbike 0.69377,333,312,367,347
motorbike 0.69140,824,351,855,388
car 0.98264,688,342,851,420
car 0.96062,429,292,513,348
person 0.79069,618,311,653,343
person 0.72027,183,445,259,561
person 0.52771,819,336,849,374
person 0.52412,389,285,407,325
