object_probs,left,top,right,bottom
truck 0.80402,210,295,326,409
motorbike 0.93644,770,367,829,417
motorbike 0.87759,169,502,211,563
car 0.98173,861,378,1072,488
car 0.97951,504,312,607,383
person 0.89261,777,335,825,403
person 0.63411,165,469,190,513
person 0.55856,241,402,285,464
person 0.55456,218,387,243,439
person 0.54354,380,276,395,307
person 0.51689,783,335,817,369
