object_probs,left,top,right,bottom
person 0.83136 motorbike 0.84057,460,313,480,344
motorbike 0.73981,237,414,268,457
motorbike 0.66318,14,574,130,674
motorbike 0.58662,643,330,669,358
motorbike 0.51129,526,312,547,347
car 0.97793,716,360,896,481
car 0.82734,375,249,424,285
person 0.87072,639,314,666,348
person 0.81745,232,383,270,446
person 0.65559,38,545,112,617
person 0.61785,662,410,684,455
person 0.59007,658,357,684,387
person 0.57536,326,267,347,312
person 0.56340,296,344,321,387
