object_probs,left,top,right,bottom
person 0.61902 motorbike 0.82221,497,311,519,344
motorbike 0.76670,226,452,250,491
motorbike 0.61334,791,359,835,420
person 0.86450,170,277,191,308
person 0.71998,224,289,249,314
person 0.66172,219,417,255,487
person 0.65324,324,287,348,324
person 0.64956,497,301,517,324
person 0.54489,310,291,333,320
