object_probs,left,top,right,bottom
motorbike 0.70231,504,313,524,343
person 0.52912 motorbike 0.70100,801,358,843,420
motorbike 0.65637,227,446,251,490
motorbike 0.57812,221,419,256,486
person 0.92528,172,277,190,307
person 0.76702,224,289,249,315
person 0.62950,556,279,576,307
person 0.51565,504,302,521,323
person 0.51280,324,287,348,324
