object_probs,left,top,right,bottom
motorbike 0.94703,784,429,850,479
motorbike 0.84306,915,423,983,483
motorbike 0.62744,683,350,710,378
motorbike 0.50562,465,308,481,336
car 0.87095,539,275,632,325
person 0.98177,796,393,842,469
person 0.94560,919,392,968,472
person 0.92495,247,280,263,327
person 0.90755,254,368,290,425
person 0.81294,678,329,708,371
person 0.79561,464,296,484,328
person 0.77248,326,268,346,312
person 0.74126,352,273,370,304
person 0.69285,397,274,415,299
