object_probs,left,top,right,bottom
truck 0.82807,214,307,325,458
motorbike 0.78077,324,310,354,345
motorbike 0.74184,878,347,919,404
motorbike 0.71346,220,481,265,549
motorbike 0.69648,643,338,690,389
motorbike 0.59195,70,556,157,633
car 0.99139,445,297,532,355
car 0.98797,728,346,889,441
person 0.94272,646,316,688,380
person 0.82868,216,456,263,537
person 0.60577,188,429,237,510
person 0.54374,397,286,415,329
person 0.52142,653,314,687,348
