object_probs,left,top,right,bottom
motorbike 0.85834,542,331,573,363
motorbike 0.57402,229,397,263,461
motorbike 0.55691,883,376,929,442
person 0.91286,171,275,188,305
person 0.76999,882,365,923,429
person 0.61761,305,291,334,324
person 0.60668,214,288,236,315
person 0.54233,546,318,569,348
