object_probs,left,top,right,bottom
motorbike 0.50913,872,383,937,441
person 0.81736,881,366,923,429
person 0.81020,170,275,188,305
person 0.65366,213,288,236,316
person 0.50136,227,393,264,464
