object_probs,left,top,right,bottom
motorbike 0.85803,542,331,573,363
motorbike 0.57699,229,397,263,461
motorbike 0.53661,884,376,929,442
person 0.91150,171,275,188,304
person 0.77057,882,365,923,429
person 0.61366,305,292,334,324
person 0.59396,215,289,236,315
person 0.54136,546,318,569,348
