object_probs,left,top,right,bottom
motorbike 0.87069,520,314,548,344
motorbike 0.82972,563,328,591,359
person 0.50322 motorbike 0.74966,609,340,647,397
motorbike 0.68683,427,275,462,294
motorbike 0.63388,240,351,264,383
motorbike 0.62646,884,385,947,445
car 0.97996,715,287,843,336
person 0.92109,238,331,265,377
person 0.83735,349,270,369,304
person 0.81926,559,313,588,346
person 0.68599,540,300,560,324
person 0.63064,522,299,544,322
person 0.59634,890,367,930,426
person 0.54474,228,269,245,309
