object_probs,left,top,right,bottom
motorbike 0.53347,871,383,938,442
person 0.85443,170,276,188,305
person 0.79419,881,366,923,429
person 0.64860,214,288,237,315
