object_probs,left,top,right,bottom
motorbike 0.85821,542,331,573,363
motorbike 0.58533,229,397,263,461
motorbike 0.53458,884,376,929,442
person 0.91079,171,275,188,305
person 0.76789,882,366,923,429
person 0.62774,305,291,334,324
person 0.61763,214,288,236,315
person 0.53997,546,318,569,349
