object_probs,left,top,right,bottom
bicycle 0.54396 motorbike 0.58193,657,350,685,383
motorbike 0.57434,179,504,221,558
person 0.91212,483,276,505,305
person 0.75888,647,324,686,380
person 0.62136,344,286,368,320
person 0.60344,180,286,197,325
person 0.54092,428,288,448,321
person 0.52721,334,288,357,319
