object_probs,left,top,right,bottom
motorbike 0.94925,880,422,950,476
motorbike 0.75648,945,380,992,433
motorbike 0.61183,662,347,691,394
person 0.51511,661,338,697,396
car 0.90434,429,263,495,307
person 0.97555,215,436,261,504
person 0.86540,891,391,943,468
person 0.73519,535,293,556,326
person 0.68310,567,334,591,372
person 0.67725,944,366,985,426
person 0.56748,244,312,266,350
person 0.53568,663,334,686,373
person 0.52279,282,310,304,343
person 0.51112,949,371,977,406
