object_probs,left,top,right,bottom
motorbike 0.60887,229,397,262,462
motorbike 0.53606,872,385,938,442
person 0.90246,170,275,188,305
person 0.79796,881,365,922,429
person 0.67229,214,288,237,316
person 0.58298,305,291,334,324
