object_probs,left,top,right,bottom
truck 0.72441,209,294,330,407
motorbike 0.90192,798,366,857,421
motorbike 0.87765,177,488,223,548
motorbike 0.57955,262,433,289,476
car 0.98902,513,316,627,390
car 0.98817,885,390,1079,502
person 0.84106,253,400,291,466
person 0.76330,439,272,461,306
person 0.71418,803,341,849,403
person 0.64486,175,461,218,523
