object_probs,left,top,right,bottom
motorbike 0.85615,620,332,646,359
motorbike 0.70052,681,388,740,440
motorbike 0.50279,804,371,844,443
car 0.95615,490,272,568,318
car 0.57387,430,279,494,324
person 0.96323,247,386,287,449
person 0.94557,689,366,733,429
person 0.89660,803,364,841,432
person 0.86835,252,292,277,335
person 0.85949,618,312,643,347
