object_probs,left,top,right,bottom
motorbike 0.91727,852,402,923,467
motorbike 0.73976,555,351,586,390
motorbike 0.56700,648,338,687,395
motorbike 0.50746,225,335,262,405
car 0.84886,1052,439,1079,551
car 0.79896,427,262,494,305
person 0.97871,207,442,257,510
person 0.82015,284,308,305,346
person 0.79413,556,332,581,370
person 0.77752,863,394,912,464
person 0.76243,644,326,678,388
person 0.70842,525,290,545,323
person 0.58101,917,364,959,424
