object_probs,left,top,right,bottom
motorbike 0.85447,494,312,515,342
motorbike 0.79151,780,360,824,416
motorbike 0.74442,224,457,249,496
person 0.84528,171,278,191,309
person 0.82367,493,299,515,325
person 0.78503,215,419,252,488
person 0.71321,226,289,249,314
person 0.64229,326,289,349,322
person 0.61993,547,278,566,309
person 0.61150,778,347,819,407
person 0.56025,310,290,333,319
