object_probs,left,top,right,bottom
motorbike 0.73472,770,426,834,474
car 0.90752,531,276,619,324
car 0.56189,424,273,466,301
person 0.97454,778,392,823,465
person 0.93982,902,391,944,468
person 0.90261,247,283,264,329
person 0.88584,250,368,285,428
person 0.76219,352,273,370,304
person 0.73338,326,266,347,314
person 0.70192,393,271,411,299
person 0.67846,459,295,477,328
person 0.58152,665,329,697,368
