object_probs,left,top,right,bottom
person 0.84223,880,365,924,429
person 0.69017,171,276,188,306
person 0.61415,212,288,237,317
