object_probs,left,top,right,bottom
motorbike 0.75818,649,382,694,430
motorbike 0.67546,248,436,282,473
motorbike 0.62094,758,375,801,434
motorbike 0.50067,414,288,429,318
car 0.91979,467,269,549,316
person 0.96735,244,401,281,463
person 0.86722,754,359,794,427
person 0.84198,649,360,690,423
person 0.79141,262,295,286,332
person 0.71530,591,312,618,350
person 0.54729,354,250,373,285
