object_probs,left,top,right,bottom
motorbike 0.88327,781,401,842,462
motorbike 0.85759,656,341,704,387
motorbike 0.57871,716,371,750,410
car 0.97284,855,281,963,333
person 0.91009,789,381,839,452
person 0.87953,660,323,701,382
person 0.66876,709,346,748,403
person 0.64371,665,318,696,347
person 0.64333,376,271,396,298
person 0.62120,335,274,354,310
person 0.55773,359,251,375,281
person 0.53129,205,252,221,280
person 0.52829,214,318,235,354
