object_probs,left,top,right,bottom
motorbike 0.74291,928,466,1014,530
motorbike 0.50567,761,366,791,404
car 0.93578,605,281,704,329
person 0.95940,512,311,534,351
person 0.95224,946,434,993,519
person 0.92074,330,268,348,310
person 0.88911,352,273,370,306
person 0.88646,250,349,281,398
person 0.78098,750,340,791,399
person 0.77794,435,278,455,307
person 0.72440,227,272,253,343
person 0.58201,437,288,456,318
person 0.56314,751,337,780,375
person 0.53898,460,277,480,303
