object_probs,left,top,right,bottom
motorbike 0.85230,947,456,1030,523
motorbike 0.77870,825,386,892,441
motorbike 0.75348,775,363,823,419
person 0.58745,836,380,884,442
car 0.94698,938,279,1043,327
car 0.70564,1027,290,1079,318
person 0.93764,204,310,226,347
person 0.91870,962,424,1013,512
person 0.89800,414,272,434,303
person 0.89170,373,265,391,306
person 0.81834,500,275,522,299
person 0.74935,779,340,819,403
person 0.74636,329,277,351,312
person 0.61799,843,371,873,408
