object_probs,left,top,right,bottom
motorbike 0.85676,542,331,573,363
motorbike 0.58765,229,397,263,461
motorbike 0.54391,883,376,929,442
person 0.91139,171,275,188,305
person 0.77689,882,366,923,429
person 0.61966,214,288,236,315
person 0.61804,305,291,334,324
person 0.53305,546,318,569,348
