object_probs,left,top,right,bottom
motorbike 0.82565,228,420,265,479
person 0.51604 motorbike 0.78221,437,308,455,337
motorbike 0.51823,569,309,587,335
car 0.94378,361,248,407,281
car 0.89441,639,346,788,449
person 0.92318,569,295,586,329
person 0.85592,599,334,624,372
person 0.80951,496,297,513,329
person 0.79457,434,298,454,327
person 0.73225,226,403,266,463
person 0.64792,565,361,585,417
person 0.52081,421,271,438,297
person 0.50104,324,272,347,309
