object_probs,left,top,right,bottom
motorbike 0.95030,844,425,912,484
motorbike 0.56840,703,364,734,403
person 0.53416 motorbike 0.53285,759,363,802,417
car 0.97781,894,281,1002,330
person 0.90605,210,313,233,351
person 0.89982,855,398,904,473
person 0.89456,334,275,353,310
person 0.82246,394,271,413,301
person 0.76117,476,275,498,297
person 0.75742,716,333,747,365
person 0.60486,764,356,794,389
person 0.54551,709,342,753,398
person 0.53232,196,252,210,279
