object_probs,left,top,right,bottom
motorbike 0.87831,29,604,120,677
person 0.88338 motorbike 0.84546,458,312,479,344
motorbike 0.71352,236,414,267,457
person 0.58859 motorbike 0.57802,524,310,547,347
car 0.98823,711,360,887,479
car 0.79738,374,249,424,284
person 0.81093,231,383,270,446
person 0.75227,29,549,107,639
person 0.74539,633,315,663,351
person 0.71530,326,265,347,312
person 0.57960,296,346,320,385
