object_probs,left,top,right,bottom
truck 0.84015,217,305,323,455
motorbike 0.87666,919,361,966,421
motorbike 0.80350,667,341,712,391
motorbike 0.79355,94,533,171,622
motorbike 0.52411,663,351,691,387
car 0.98437,749,347,927,448
car 0.96839,459,298,547,360
car 0.63223,278,234,356,268
person 0.81630,671,322,713,382
person 0.75160,199,420,231,486
