object_probs,left,top,right,bottom
motorbike 0.91553,836,425,901,481
motorbike 0.72793,696,344,742,397
motorbike 0.60077,752,365,795,417
car 0.98162,892,282,1002,330
person 0.92262,841,395,887,470
person 0.88250,212,315,233,352
person 0.84883,333,275,352,310
person 0.79694,392,269,411,300
person 0.79237,701,331,737,364
person 0.74570,476,275,496,296
person 0.62959,757,355,789,386
person 0.53987,196,252,210,278
