object_probs,left,top,right,bottom
truck 0.84269,208,297,327,411
motorbike 0.89260,160,509,205,569
motorbike 0.89227,752,367,810,413
motorbike 0.53171,256,454,288,490
car 0.99277,842,375,1053,479
car 0.97556,496,310,598,379
person 0.83164,758,337,805,402
person 0.60449,160,477,187,516
person 0.57263,236,408,281,465
person 0.54479,764,334,800,366
person 0.51146,217,393,245,433
