object_probs,left,top,right,bottom
person 0.71137,881,366,924,430
person 0.68724,170,275,188,305
person 0.59287,212,287,237,317
