object_probs,left,top,right,bottom
motorbike 0.82849,710,402,757,451
motorbike 0.67695,625,332,655,360
car 0.90158,498,271,575,321
person 0.92315,248,381,286,444
person 0.92075,710,377,755,444
person 0.91948,825,373,869,447
person 0.85631,251,289,275,333
person 0.82978,627,313,655,352
person 0.51973,437,291,452,324
