object_probs,left,top,right,bottom
motorbike 0.63354,174,505,216,563
person 0.60020 bicycle 0.56097,423,289,442,317
person 0.95652,481,274,502,306
person 0.92877,639,323,678,377
person 0.70511,179,286,198,326
person 0.63378,345,287,370,320
person 0.54557,720,299,746,328
person 0.54465,174,479,218,549
person 0.52209,334,288,358,318
