object_probs,left,top,right,bottom
motorbike 0.83499,910,401,986,462
motorbike 0.63585,853,386,918,440
car 0.80352,979,277,1079,327
bicycle 0.64372,438,288,454,317
person 0.86047,435,278,452,307
person 0.84434,199,306,220,345
person 0.74044,525,276,545,305
person 0.63349,926,389,974,446
person 0.59545,863,359,903,426
person 0.56579,373,274,391,305
