object_probs,left,top,right,bottom
motorbike 0.86689,979,456,1063,533
motorbike 0.63239,846,387,915,443
motorbike 0.58042,790,382,850,427
car 0.94933,953,279,1059,328
person 0.94731,202,309,225,347
person 0.90961,418,274,438,304
person 0.87231,996,431,1051,518
person 0.83338,373,264,393,306
person 0.77294,859,379,904,443
person 0.73110,803,354,834,389
person 0.72650,505,275,527,304
person 0.72131,798,359,842,420
person 0.71102,864,377,894,410
person 0.65653,327,277,350,311
