object_probs,left,top,right,bottom
motorbike 0.83544,679,353,708,389
person 0.71331 bicycle 0.54883,437,290,455,321
person 0.92607,187,451,231,534
person 0.90787,671,324,708,383
person 0.90711,496,277,517,304
person 0.63198,173,283,195,319
person 0.58713,245,278,271,310
person 0.56906,741,296,766,326
