object_probs,left,top,right,bottom
motorbike 0.81981,822,420,886,480
motorbike 0.69533,742,359,785,412
motorbike 0.57967,691,344,736,398
car 0.98549,882,283,996,331
person 0.92961,831,391,883,471
person 0.87286,742,349,785,407
person 0.86072,334,275,353,310
person 0.81744,212,316,232,352
person 0.81104,474,274,495,299
person 0.74259,391,270,410,298
person 0.70034,697,330,730,364
person 0.53457,363,251,380,278
