object_probs,left,top,right,bottom
person 0.76455,881,366,923,429
person 0.73974,171,276,188,305
person 0.62752,212,287,237,316
