object_probs,left,top,right,bottom
motorbike 0.82519,762,421,826,473
motorbike 0.73190,662,329,695,369
motorbike 0.68159,886,397,952,470
car 0.83765,529,275,613,323
person 0.94306,771,392,820,464
person 0.90576,248,282,264,329
person 0.89294,888,389,933,467
person 0.83144,249,369,285,427
person 0.79587,353,274,370,303
person 0.79165,457,295,474,326
person 0.75420,661,321,700,371
person 0.72081,392,271,409,297
person 0.58269,326,268,346,313
