object_probs,left,top,right,bottom
motorbike 0.75710,531,310,563,347
motorbike 0.68903,571,332,599,364
motorbike 0.62878,888,400,952,450
motorbike 0.60920,620,364,651,404
person 0.73729,617,341,652,400
motorbike 0.55841,240,352,264,382
car 0.96958,717,286,876,338
person 0.89324,238,329,264,377
person 0.88678,349,270,368,305
person 0.76354,898,376,945,442
person 0.67909,536,299,560,326
person 0.58981,560,312,588,344
person 0.54515,228,270,244,310
