object_probs,left,top,right,bottom
car 0.78147,1031,269,1078,320
bicycle 0.62582,309,292,336,318
person 0.91064,190,300,213,342
person 0.88343,367,276,385,308
person 0.84266,205,250,225,290
person 0.80288,403,258,417,283
person 0.68740,468,290,491,326
person 0.65209,561,277,582,310
person 0.54023,1003,388,1050,471
