object_probs,left,top,right,bottom
person 0.77149,170,275,187,305
person 0.75824,881,366,924,429
person 0.61953,212,288,237,315
