object_probs,left,top,right,bottom
motorbike 0.81171,715,343,765,399
motorbike 0.76001,136,526,187,590
motorbike 0.68106,1024,401,1072,453
car 0.97762,802,360,991,469
car 0.96540,477,304,575,369
car 0.51749,425,301,483,349
person 0.62446,719,325,764,377
person 0.54344,371,279,389,306
person 0.52715,237,418,275,486
