object_probs,left,top,right,bottom
motorbike 0.91764,802,398,864,467
motorbike 0.80979,673,343,720,392
motorbike 0.69750,722,360,766,409
car 0.98153,873,282,982,331
person 0.79993,334,275,353,309
person 0.77796,812,386,860,450
person 0.74425,675,325,718,380
person 0.72976,214,316,235,354
person 0.68757,361,250,378,280
person 0.67592,723,349,765,405
person 0.56904,470,274,492,300
person 0.54437,375,273,395,300
