object_probs,left,top,right,bottom
car 0.60439,1066,264,1078,313
bicycle 0.64034,309,290,334,317
person 0.90790,495,293,517,327
person 0.88045,185,297,207,334
person 0.77126,367,278,386,309
person 0.63112,202,243,221,284
person 0.62510,415,259,429,281
person 0.59744,417,270,432,292
person 0.50374,346,257,361,282
