object_probs,left,top,right,bottom
motorbike 0.51506,99,538,175,611
bicycle 0.69397,576,330,602,358
person 0.85878,570,311,599,352
person 0.82301,180,292,202,327
person 0.79683,450,273,469,300
person 0.72395,355,288,376,317
person 0.71760,386,272,406,301
person 0.60089,445,275,461,300
person 0.55666,660,291,685,325
person 0.50502,327,289,348,320
