object_probs,left,top,right,bottom
motorbike 0.90924,744,408,810,461
motorbike 0.83360,654,330,688,370
motorbike 0.76083,867,399,934,466
person 0.62448,650,320,689,371
car 0.95144,519,276,608,323
person 0.96491,755,380,798,450
person 0.94551,252,371,291,441
person 0.93075,874,379,920,457
person 0.86048,248,281,265,332
person 0.82817,451,290,469,327
person 0.72397,352,273,371,303
person 0.66483,389,268,406,299
person 0.64587,324,266,346,316
person 0.52849,654,317,684,350
