object_probs,left,top,right,bottom
motorbike 0.90805,876,388,936,440
motorbike 0.86864,518,310,544,344
motorbike 0.81995,557,329,586,359
motorbike 0.65597,241,350,265,384
motorbike 0.54491,426,274,462,293
car 0.98356,708,288,847,336
person 0.93777,239,331,266,378
person 0.85427,884,365,925,427
person 0.78408,349,272,369,305
person 0.71453,520,299,543,325
person 0.70057,553,313,583,345
person 0.59942,540,299,560,325
person 0.58194,603,336,638,394
person 0.51867,225,270,244,308
