object_probs,left,top,right,bottom
motorbike 0.56171,229,397,262,462
person 0.90451,170,275,188,304
person 0.79895,882,365,922,429
person 0.63946,214,288,236,315
person 0.61584,306,292,334,324
