object_probs,left,top,right,bottom
motorbike 0.54158,872,384,937,442
motorbike 0.53974,228,396,262,462
person 0.87709,170,276,188,304
person 0.79884,881,366,923,429
person 0.61335,214,289,237,315
person 0.56137,305,291,334,324
