object_probs,left,top,right,bottom
motorbike 0.84205,615,331,647,368
motorbike 0.68405,153,525,200,582
person 0.87848,471,273,490,302
person 0.82003,347,284,371,321
person 0.81264,179,290,199,325
person 0.74281,407,276,428,305
person 0.66747,610,308,646,362
person 0.63986,464,275,483,301
