object_probs,left,top,right,bottom
motorbike 0.68368,510,309,533,341
person 0.57958 motorbike 0.50416,422,273,436,293
bicycle 0.57905,309,291,333,317
person 0.86020,184,296,206,333
person 0.78741,508,296,534,330
person 0.64779,202,246,220,283
person 0.50436,359,275,378,302
