object_probs,left,top,right,bottom
truck 0.76607,217,306,323,456
motorbike 0.87167,653,342,703,389
motorbike 0.78977,899,361,946,416
motorbike 0.65945,88,538,169,618
motorbike 0.61520,321,309,351,346
motorbike 0.56262,222,452,267,535
car 0.98429,452,298,537,356
car 0.97873,739,347,911,446
person 0.88947,658,321,702,380
person 0.66061,196,421,229,493
person 0.60474,805,341,826,357
person 0.60292,219,436,265,513
person 0.59874,400,289,418,328
