object_probs,left,top,right,bottom
motorbike 0.85684,542,331,573,363
motorbike 0.58310,229,397,263,461
motorbike 0.54932,884,376,929,442
person 0.91313,171,275,188,305
person 0.77072,882,365,923,429
person 0.61703,214,288,236,315
person 0.61483,305,291,334,324
person 0.53683,546,318,569,348
