object_probs,left,top,right,bottom
motorbike 0.56865,228,398,263,461
motorbike 0.51530,872,384,937,442
person 0.90656,171,275,188,304
person 0.82722,881,366,922,429
person 0.63115,214,288,236,315
person 0.62070,306,292,334,324
