object_probs,left,top,right,bottom
motorbike 0.85831,542,331,573,363
motorbike 0.59176,229,397,263,461
motorbike 0.54102,883,376,929,442
person 0.91108,171,275,188,305
person 0.77719,882,366,923,429
person 0.62725,305,291,334,324
person 0.61784,214,288,236,315
person 0.54010,546,318,569,349
