object_probs,left,top,right,bottom
bicycle 0.71180,578,331,605,360
person 0.92393,452,274,473,302
person 0.90887,574,310,603,351
person 0.88189,389,273,406,301
person 0.83364,180,292,202,327
person 0.68359,354,279,373,307
person 0.66960,288,288,310,316
person 0.51995,327,289,347,319
