object_probs,left,top,right,bottom
motorbike 0.91605,518,308,542,341
motorbike 0.61747,6,576,99,663
person 0.86430,184,295,206,333
person 0.85609,517,298,540,330
person 0.66392,361,274,380,308
person 0.56356,616,291,642,322
