object_probs,left,top,right,bottom
person 0.51067 motorbike 0.79225,513,313,536,343
person 0.87449 motorbike 0.78020,554,328,581,367
motorbike 0.77621,477,311,499,333
car 0.97312,657,283,769,332
person 0.86610,474,295,497,325
person 0.84772,246,347,273,390
person 0.84391,498,294,520,323
person 0.71872,352,273,370,305
person 0.71228,331,268,350,309
person 0.63358,814,359,860,417
person 0.51283,227,272,246,309
