object_probs,left,top,right,bottom
truck 0.71005,214,302,321,452
motorbike 0.89102,673,343,722,393
motorbike 0.80869,938,376,988,433
motorbike 0.76018,98,541,174,611
car 0.98455,462,301,552,362
car 0.97736,758,354,949,454
car 0.59688,278,235,357,268
person 0.84248,678,322,723,381
person 0.55290,220,437,266,505
