object_probs,left,top,right,bottom
motorbike 0.83130,72,561,157,642
motorbike 0.64194,470,329,493,357
motorbike 0.63289,544,329,567,356
car 0.99118,748,373,946,497
car 0.85193,384,254,430,285
bicycle 0.60696,677,370,707,404
person 0.93062,469,312,494,350
person 0.91612,542,311,565,350
person 0.75390,296,337,321,376
person 0.73446,702,401,736,470
person 0.61121,453,275,472,298
person 0.60654,327,267,351,310
person 0.53940,675,333,704,366
