object_probs,left,top,right,bottom
motorbike 0.55567,229,398,262,462
person 0.90823,172,276,188,304
person 0.80349,881,366,921,428
person 0.60636,215,288,236,315
person 0.59716,306,292,334,324
