object_probs,left,top,right,bottom
motorbike 0.92051,578,332,614,364
motorbike 0.75621,969,422,1041,473
motorbike 0.51497,682,378,725,430
car 0.96350,784,286,898,331
person 0.90254,683,358,723,421
person 0.89344,982,390,1029,465
person 0.79068,581,313,608,339
person 0.78545,621,332,655,367
person 0.69927,228,329,254,371
person 0.61360,352,272,373,301
person 0.51194,223,287,239,319
