object_probs,left,top,right,bottom
motorbike 0.84138,190,481,233,539
motorbike 0.77256,461,327,487,367
motorbike 0.74654,841,382,900,433
person 0.53860 motorbike 0.71867,396,291,413,316
motorbike 0.63768,518,311,543,344
car 0.94140,528,321,652,401
car 0.90238,941,391,1079,508
car 0.59220,339,244,377,275
person 0.90107,259,387,299,450
person 0.86748,459,275,478,306
person 0.81373,189,445,234,511
person 0.63076,223,384,262,443
person 0.59461,843,356,890,424
person 0.55953,443,278,459,310
