object_probs,left,top,right,bottom
motorbike 0.85863,542,331,573,363
motorbike 0.58159,229,397,263,461
motorbike 0.54688,884,376,929,442
person 0.91087,171,275,188,305
person 0.77015,882,365,923,429
person 0.62705,305,291,334,324
person 0.61646,214,288,236,315
person 0.54046,546,318,569,348
