object_probs,left,top,right,bottom
car 0.88010,877,391,1079,530
car 0.54463,340,197,377,222
