object_probs,left,top,right,bottom
boat 0.60425,203,288,319,392
car 0.54034,343,199,375,222
