object_probs,left,top,right,bottom
car 0.87253,525,226,575,279
car 0.54112,591,235,640,286
