object_probs,left,top,right,bottom
car 0.88034,524,225,574,281
car 0.52309,590,243,642,294
