object_probs,left,top,right,bottom
car 0.60205,598,173,619,192
car 0.52401,550,197,584,216
