object_probs,left,top,right,bottom
car 0.89275,524,225,574,281
car 0.59909,590,245,641,293
