object_probs,left,top,right,bottom
car 0.88028,525,226,575,280
car 0.55046,591,236,641,287
