object_probs,left,top,right,bottom
boat 0.51674,384,290,462,330
car 0.69455,523,220,572,283
