object_probs,left,top,right,bottom
boat 0.50479,383,289,460,329
car 0.51318,523,219,571,283
