object_probs,left,top,right,bottom
car 0.65178,513,232,582,289
car 0.56312,342,200,373,220
car 0.50174,410,196,445,224
