object_probs,left,top,right,bottom
motorbike 0.83346,386,342,425,399
person 0.83109 motorbike 0.61853,329,232,347,260
car 0.99446,367,279,456,349
car 0.99358,521,357,676,474
car 0.99116,446,312,556,398
car 0.97705,282,255,332,306
car 0.97169,301,583,508,710
car 0.88881,704,429,929,611
car 0.88642,595,619,862,714
person 0.79511,475,269,499,305
person 0.71081,444,259,464,305
