object_probs,left,top,right,bottom
motorbike 0.61898,974,460,1053,540
car 0.99010,618,319,760,421
car 0.98918,444,288,558,384
car 0.89847,279,214,320,245
