object_probs,left,top,right,bottom
car 0.99401,778,378,988,516
car 0.98221,303,227,352,262
car 0.97354,523,318,668,429
car 0.69130,293,200,312,217
