object_probs,left,top,right,bottom
motorbike 0.83565,315,233,331,257
motorbike 0.67417,571,318,613,373
person 0.65301,568,299,608,359
car 0.98876,577,358,747,493
car 0.98130,375,286,469,361
car 0.96831,265,210,291,238
car 0.96386,350,245,427,293
car 0.90208,960,535,1079,714
car 0.51883,293,201,310,218
person 0.79906,528,643,601,716
person 0.56125,566,294,589,326
