object_probs,left,top,right,bottom
truck 0.81206,754,381,966,554
car 0.99356,373,250,436,293
car 0.98188,292,248,347,296
car 0.93644,282,207,319,241
