object_probs,left,top,right,bottom
motorbike 0.75422,1007,485,1077,616
motorbike 0.69404,940,457,1023,527
car 0.98201,595,317,729,408
car 0.97497,439,291,546,376
car 0.55226,283,214,313,241
