object_probs,left,top,right,bottom
motorbike 0.88343,387,340,425,398
motorbike 0.83243,744,334,788,401
motorbike 0.56128,604,604,684,718
car 0.99390,617,416,829,558
car 0.99010,358,273,441,334
car 0.98953,454,331,582,420
car 0.98860,459,258,552,332
car 0.98859,226,473,397,646
car 0.96194,545,303,668,385
car 0.95873,936,544,1079,719
car 0.60565,272,227,296,263
person 0.90859,547,671,608,719
person 0.70199,743,321,782,385
person 0.50623,595,563,632,640
