object_probs,left,top,right,bottom
car 0.99394,497,282,596,359
car 0.97308,342,222,401,282
car 0.93637,417,306,536,410
car 0.64889,313,210,333,230
car 0.54956,289,198,314,219
