object_probs,left,top,right,bottom
car 0.99781,470,296,596,398
car 0.98449,663,342,825,445
car 0.97347,287,223,325,251
