object_probs,left,top,right,bottom
motorbike 0.90524,747,338,794,403
motorbike 0.87300,391,342,428,400
motorbike 0.50846,604,603,684,719
car 0.99345,455,332,587,423
car 0.99339,360,274,443,334
car 0.99317,227,475,398,648
car 0.99225,618,416,829,558
car 0.99172,460,258,556,332
car 0.95940,935,545,1079,719
car 0.95541,545,300,672,387
car 0.55471,269,227,296,262
person 0.90406,547,672,608,719
person 0.57912,595,563,631,640
person 0.57182,744,323,785,382
