object_probs,left,top,right,bottom
motorbike 0.58158,959,479,1050,599
car 0.98804,574,310,691,396
car 0.92337,430,279,529,377
