object_probs,left,top,right,bottom
motorbike 0.92582,472,420,518,479
motorbike 0.84394,566,314,608,369
motorbike 0.83863,645,337,693,388
person 0.53805,567,302,604,365
car 0.99606,373,273,462,358
car 0.99058,564,377,748,516
car 0.97647,835,484,1076,702
car 0.97392,463,319,578,410
car 0.96486,278,279,339,343
car 0.69855,260,223,285,252
person 0.67539,571,299,598,325
person 0.63557,471,383,513,443
person 0.55613,393,256,412,281
