object_probs,left,top,right,bottom
motorbike 0.92415,352,250,373,280
motorbike 0.53723,692,377,736,431
person 0.51955,691,364,734,424
car 0.98824,700,410,921,571
car 0.94088,414,265,492,316
car 0.85800,288,223,321,251
car 0.74561,414,298,528,394
car 0.73926,260,230,296,260
