object_probs,left,top,right,bottom
car 0.99707,472,299,599,398
car 0.97539,288,223,326,251
car 0.96418,673,340,832,448
car 0.68934,1056,498,1079,570
