object_probs,left,top,right,bottom
motorbike 0.96941,802,493,882,573
motorbike 0.76936,693,401,755,450
person 0.96684,309,612,370,713
person 0.94399,694,363,738,430
person 0.79332,805,445,877,559
person 0.60490,814,440,865,516
