object_probs,left,top,right,bottom
truck 0.88126,853,409,1077,593
car 0.99622,313,262,380,317
car 0.99387,405,258,472,310
car 0.81542,296,206,337,255
