object_probs,left,top,right,bottom
car 0.99624,788,378,1001,520
car 0.98050,527,317,674,428
car 0.97159,305,225,354,261
car 0.66165,294,201,312,218
