object_probs,left,top,right,bottom
car 0.98017,933,414,1079,585
car 0.97643,329,235,380,273
car 0.90763,594,346,775,466
car 0.69077,268,231,300,262
