object_probs,left,top,right,bottom
motorbike 0.95555,962,439,1043,510
motorbike 0.92637,808,399,887,472
motorbike 0.89017,681,526,766,643
motorbike 0.88996,500,292,530,330
car 0.99678,383,286,475,358
car 0.97420,499,328,638,439
car 0.94905,292,328,382,424
car 0.92705,666,425,890,599
car 0.60759,263,240,327,284
person 0.95850,679,504,754,615
person 0.86839,823,374,865,448
person 0.79168,336,233,347,262
