object_probs,left,top,right,bottom
motorbike 0.60058,972,482,1063,610
motorbike 0.59120,917,441,984,514
car 0.98975,583,311,711,400
car 0.89885,431,284,536,373
