object_probs,left,top,right,bottom
motorbike 0.92156,641,390,696,473
motorbike 0.79916,543,339,592,398
person 0.96920,644,368,691,458
person 0.85907,278,523,332,664
person 0.72726,544,325,587,387
