object_probs,left,top,right,bottom
truck 0.97343,874,367,1069,558
motorbike 0.96159,437,309,467,346
motorbike 0.95427,349,311,377,342
motorbike 0.91760,759,471,837,549
person 0.92044,346,291,374,329
person 0.91638,436,289,463,328
person 0.86721,258,423,292,520
person 0.61886,773,433,821,516
