object_probs,left,top,right,bottom
motorbike 0.65922,847,460,922,532
car 0.99114,521,290,631,366
car 0.98847,400,277,493,354
car 0.84760,1016,455,1079,584
