object_probs,left,top,right,bottom
truck 0.98877,736,437,1052,657
motorbike 0.74405,616,367,659,417
motorbike 0.71614,650,342,688,398
car 0.99200,414,254,493,311
car 0.98302,346,258,416,321
car 0.92331,754,376,895,470
person 0.57210,650,331,673,364
person 0.52223,615,340,643,371
