object_probs,left,top,right,bottom
motorbike 0.75172,989,481,1075,619
motorbike 0.62719,929,453,1007,527
car 0.99014,594,317,727,406
car 0.97550,437,290,541,374
