object_probs,left,top,right,bottom
bus 0.87755,933,430,1078,606
car 0.99706,339,272,421,340
car 0.99585,427,260,514,325
car 0.96918,309,218,361,261
car 0.69619,293,199,312,216
