object_probs,left,top,right,bottom
truck 0.73386,737,373,942,543
car 0.98950,370,250,427,292
car 0.97724,289,248,341,293
car 0.96670,283,207,314,240
car 0.56849,712,377,945,535
