object_probs,left,top,right,bottom
car 0.99335,496,281,594,360
car 0.98303,340,223,400,281
car 0.97236,416,306,528,410
car 0.59490,313,210,331,230
car 0.56791,278,229,297,257
