object_probs,left,top,right,bottom
car 0.99792,467,275,553,338
car 0.99552,380,291,476,376
car 0.98162,328,224,382,274
car 0.59380,294,200,313,218
car 0.58534,312,210,329,229
