object_probs,left,top,right,bottom
bus 0.88203,933,431,1078,606
car 0.99705,339,272,421,340
car 0.99562,427,260,514,325
car 0.96915,309,218,361,261
car 0.69497,293,199,312,216
