object_probs,left,top,right,bottom
motorbike 0.83072,803,435,877,518
car 0.99334,503,278,606,353
car 0.97738,389,276,478,352
car 0.91887,970,445,1079,569
car 0.52329,989,582,1079,719
