object_probs,left,top,right,bottom
motorbike 0.83125,292,251,309,283
car 0.98477,553,307,683,383
car 0.98109,517,353,682,492
car 0.94254,370,234,446,294
car 0.66516,313,211,331,229
