object_probs,left,top,right,bottom
motorbike 0.63733,909,440,981,511
motorbike 0.51602,969,483,1056,605
car 0.98683,578,309,701,399
car 0.93932,428,277,531,373
