object_probs,left,top,right,bottom
truck 0.86696,644,323,875,462
motorbike 0.82578,935,504,1012,574
motorbike 0.55226,612,639,684,718
car 0.99579,314,246,377,301
car 0.99395,482,277,585,354
car 0.99252,423,250,491,312
car 0.99046,623,414,827,559
car 0.97911,366,294,475,375
car 0.97454,935,545,1078,719
car 0.96373,178,399,297,512
person 0.93541,548,670,608,719
person 0.68719,948,468,1012,528
person 0.56746,596,560,629,644
