object_probs,left,top,right,bottom
car 0.99806,470,277,561,346
car 0.99098,383,295,481,376
car 0.96169,328,222,385,275
car 0.72790,291,201,313,219
car 0.65163,312,210,328,230
