object_probs,left,top,right,bottom
car 0.98120,764,373,972,500
car 0.97729,299,227,350,259
car 0.95240,517,316,658,425
car 0.63529,294,200,314,218
