object_probs,left,top,right,bottom
car 0.98977,834,392,1071,543
car 0.96953,312,231,364,268
car 0.95866,558,326,704,443
car 0.75388,292,201,312,218
