object_probs,left,top,right,bottom
motorbike 0.84535,292,251,307,281
car 0.99216,509,351,672,483
car 0.99084,548,301,677,385
car 0.97616,370,235,442,292
car 0.66994,313,211,331,229
