object_probs,left,top,right,bottom
motorbike 0.88458,826,362,888,427
motorbike 0.87043,569,451,626,532
motorbike 0.83567,935,502,1012,576
motorbike 0.52047,603,598,682,719
car 0.99769,413,292,517,375
car 0.98683,516,284,621,359
car 0.98437,496,349,641,467
car 0.97745,622,414,827,560
car 0.97558,936,545,1078,719
car 0.96855,638,329,791,430
car 0.96835,291,244,335,290
car 0.92874,265,514,447,715
car 0.85877,231,312,320,390
person 0.91420,545,671,610,719
person 0.75543,948,466,1012,530
