object_probs,left,top,right,bottom
motorbike 0.89131,317,286,339,326
motorbike 0.59039,342,229,358,256
car 0.99866,365,278,453,353
car 0.99371,617,406,834,553
car 0.98414,975,551,1079,719
car 0.96760,259,537,467,710
car 0.96758,853,391,1075,548
car 0.96603,393,455,595,653
car 0.96014,475,331,643,460
car 0.88344,449,304,566,404
person 0.92817,678,623,724,715
