object_probs,left,top,right,bottom
motorbike 0.62732,860,640,949,719
car 0.99779,338,267,413,333
car 0.98483,620,415,826,558
car 0.98388,850,385,1079,526
car 0.98362,495,350,642,460
car 0.98093,295,371,432,496
car 0.98081,596,314,749,413
car 0.95359,931,541,1079,718
car 0.94793,270,519,456,718
car 0.94027,447,305,569,400
car 0.74816,272,230,299,262
person 0.87200,868,583,950,704
person 0.78938,555,678,613,719
