object_probs,left,top,right,bottom
bus 0.71331,899,405,1079,628
car 0.99700,419,263,497,318
car 0.99494,329,271,406,331
car 0.94207,304,215,351,259
car 0.67865,290,199,314,216
