object_probs,left,top,right,bottom
car 0.99704,733,357,923,486
car 0.97851,296,228,344,258
car 0.97758,506,313,641,416
car 0.64553,293,201,315,218
