object_probs,left,top,right,bottom
truck 0.52491,636,350,817,485
car 0.94367,342,238,395,278
car 0.87427,275,238,311,279
car 0.76406,1018,444,1079,589
