object_probs,left,top,right,bottom
truck 0.55173,869,409,1079,603
car 0.99591,409,260,477,311
car 0.99277,315,261,386,320
car 0.77579,303,213,338,248
