object_probs,left,top,right,bottom
motorbike 0.69998,832,458,904,526
car 0.99063,392,275,489,355
car 0.98967,510,282,622,364
car 0.91279,999,448,1079,581
car 0.61217,1021,596,1079,719
