object_probs,left,top,right,bottom
motorbike 0.93734,400,359,441,416
motorbike 0.92079,757,339,807,402
motorbike 0.73741,934,504,1012,574
car 0.99634,366,275,453,336
car 0.99487,465,336,598,432
car 0.99419,233,480,408,670
car 0.99080,465,258,559,333
car 0.98947,619,416,829,558
car 0.97025,554,311,679,392
car 0.96392,935,543,1079,719
person 0.92808,547,671,608,719
person 0.77722,948,468,1013,530
