object_probs,left,top,right,bottom
car 0.99791,467,275,553,338
car 0.99552,380,291,476,376
car 0.98176,328,224,382,274
car 0.59631,294,200,314,218
car 0.57831,312,210,329,229
