object_probs,left,top,right,bottom
motorbike 0.84594,526,337,564,402
motorbike 0.84238,431,319,473,368
person 0.90896,429,304,467,361
person 0.89704,266,471,307,565
person 0.88092,526,323,563,384
