object_probs,left,top,right,bottom
truck 0.86211,653,322,876,465
motorbike 0.82718,935,503,1012,574
car 0.99647,316,246,378,302
car 0.99494,485,278,587,354
car 0.99485,424,252,493,313
car 0.98993,622,413,828,560
car 0.98284,371,294,478,375
car 0.97318,935,545,1078,719
car 0.95982,176,401,299,516
person 0.92384,548,670,609,719
person 0.63081,948,467,1012,528
person 0.52973,596,567,631,671
