object_probs,left,top,right,bottom
truck 0.93956,842,492,1079,704
motorbike 0.91677,703,402,755,464
car 0.99041,365,266,445,334
car 0.99040,450,260,539,330
car 0.84704,840,400,1050,517
person 0.56286,715,361,759,426
