object_probs,left,top,right,bottom
motorbike 0.98151,865,442,951,510
motorbike 0.97092,979,561,1079,690
person 0.94864,876,407,925,491
person 0.77077,982,516,1078,656
