object_probs,left,top,right,bottom
motorbike 0.71609,316,230,332,248
motorbike 0.65103,295,229,309,247
person 0.58167,317,215,332,236
