object_probs,left,top,right,bottom
truck 0.80934,566,301,795,438
motorbike 0.84611,934,501,1012,576
car 0.99601,467,275,560,342
car 0.99438,304,244,363,294
car 0.99371,351,285,441,362
car 0.99352,623,416,827,557
car 0.99194,409,244,480,306
car 0.98155,935,544,1078,719
car 0.72434,290,202,314,220
person 0.91917,547,672,609,719
person 0.68778,948,466,1012,533
person 0.66851,595,560,630,645
