object_probs,left,top,right,bottom
truck 0.90282,799,393,1013,559
car 0.98462,384,250,449,298
car 0.97744,296,251,360,307
car 0.88482,286,208,326,242
