object_probs,left,top,right,bottom
car 0.99695,478,277,574,350
car 0.99016,392,303,502,391
car 0.98044,334,228,389,276
car 0.61908,311,211,327,231
car 0.59244,290,201,313,219
