object_probs,left,top,right,bottom
car 0.97205,333,235,382,273
car 0.92092,950,425,1079,586
car 0.74901,609,333,784,464
