object_probs,left,top,right,bottom
truck 0.68990,742,370,949,543
car 0.98975,371,249,431,292
car 0.98148,291,248,343,294
car 0.95846,283,207,315,240
