object_probs,left,top,right,bottom
car 0.99331,496,278,589,354
car 0.98168,340,225,397,278
car 0.98116,409,314,527,397
car 0.62461,275,230,298,258
car 0.61380,312,210,333,231
