object_probs,left,top,right,bottom
motorbike 0.93150,494,425,552,479
motorbike 0.86117,804,354,849,423
motorbike 0.77868,935,504,1012,575
car 0.99684,396,289,491,358
car 0.99609,495,273,596,348
car 0.99396,619,418,831,556
car 0.99293,487,344,633,447
car 0.98341,253,497,436,711
car 0.97065,605,317,748,411
car 0.96505,935,543,1079,719
car 0.88794,285,239,317,281
person 0.93221,547,671,609,719
person 0.86154,804,336,843,410
person 0.75186,496,390,554,471
person 0.73999,949,468,1012,529
