object_probs,left,top,right,bottom
motorbike 0.87614,292,249,308,281
car 0.99213,547,301,668,385
car 0.97805,496,355,658,473
car 0.96548,369,234,439,293
car 0.56181,313,208,330,228
