object_probs,left,top,right,bottom
motorbike 0.70998,832,458,904,526
car 0.99046,392,275,489,355
car 0.98970,509,282,622,364
car 0.91303,999,448,1079,581
car 0.61439,1021,596,1079,719
