object_probs,left,top,right,bottom
motorbike 0.96003,712,443,774,511
motorbike 0.93026,606,363,658,417
person 0.95001,292,556,345,699
person 0.93247,714,403,761,468
person 0.84940,607,339,653,408
