object_probs,left,top,right,bottom
car 0.98972,711,345,888,472
car 0.98123,289,224,338,256
car 0.97948,491,301,616,409
car 0.59027,292,202,314,217
