object_probs,left,top,right,bottom
motorbike 0.65981,604,601,683,717
motorbike 0.65321,296,247,314,280
car 0.99881,331,399,484,543
car 0.99808,350,270,430,338
car 0.99095,658,334,825,446
car 0.98493,621,415,826,558
car 0.98255,492,350,647,461
car 0.97937,258,535,465,709
car 0.96171,447,303,569,403
