object_probs,left,top,right,bottom
car 0.97587,314,231,366,269
car 0.97223,567,326,718,447
car 0.96538,857,398,1077,555
car 0.68382,291,201,312,219
