object_probs,left,top,right,bottom
motorbike 0.91530,582,378,626,437
motorbike 0.75403,489,347,527,382
person 0.86593,580,345,619,405
person 0.82872,273,496,317,582
person 0.79730,483,320,526,378
