object_probs,left,top,right,bottom
car 0.98874,483,300,602,404
car 0.98662,686,346,867,463
car 0.89374,289,224,328,253
car 0.61403,290,201,316,218
