object_probs,left,top,right,bottom
motorbike 0.67847,1053,478,1079,594
motorbike 0.66314,861,432,953,554
car 0.98962,529,293,649,374
car 0.98503,407,279,502,363
