object_probs,left,top,right,bottom
car 0.99567,717,347,897,475
car 0.98083,290,226,340,256
car 0.96898,494,301,620,411
car 0.68526,291,202,314,218
