object_probs,left,top,right,bottom
truck 0.95434,606,316,831,452
motorbike 0.77182,936,504,1011,574
motorbike 0.50250,612,638,684,718
car 0.99495,310,247,371,298
car 0.99412,365,291,457,365
car 0.99242,620,413,827,560
car 0.99223,469,278,575,351
car 0.98172,419,250,484,310
car 0.97548,935,545,1079,719
car 0.86684,163,395,288,500
person 0.92068,547,671,609,719
person 0.56148,596,565,630,671
person 0.55943,949,469,1013,526
