object_probs,left,top,right,bottom
car 0.99112,531,299,655,374
car 0.98267,477,344,632,464
car 0.96076,367,233,430,292
car 0.63580,311,208,330,228
