object_probs,left,top,right,bottom
truck 0.52287,682,349,887,511
car 0.98306,350,242,407,284
car 0.96467,278,240,325,287
car 0.64900,273,205,302,231
