object_probs,left,top,right,bottom
motorbike 0.96395,848,417,928,492
motorbike 0.91873,1008,455,1079,528
motorbike 0.84391,728,591,815,682
motorbike 0.68635,517,306,546,333
car 0.99698,385,285,476,360
car 0.99128,505,333,644,443
car 0.95586,300,332,388,435
car 0.89489,681,433,915,595
car 0.88921,272,242,339,281
person 0.94458,862,383,909,472
person 0.76691,723,523,801,642
person 0.75193,734,516,781,597
person 0.68020,513,300,544,330
person 0.65848,1021,427,1074,515
