object_probs,left,top,right,bottom
car 0.99569,717,347,897,475
car 0.98082,290,226,340,256
car 0.96937,494,301,620,411
car 0.66988,291,202,314,218
