object_probs,left,top,right,bottom
motorbike 0.85487,965,459,1049,539
motorbike 0.54172,1026,463,1078,643
car 0.99180,615,318,750,418
car 0.98042,445,287,555,382
car 0.85005,278,215,318,244
