object_probs,left,top,right,bottom
motorbike 0.96050,636,397,688,469
motorbike 0.78776,536,335,581,397
person 0.97288,635,370,684,454
person 0.94634,282,526,328,626
person 0.81991,536,322,577,387
