object_probs,left,top,right,bottom
motorbike 0.81849,314,271,335,309
motorbike 0.76191,638,653,721,718
motorbike 0.53444,967,400,1049,470
motorbike 0.51838,320,227,339,246
car 0.99887,363,278,452,349
car 0.99775,378,450,569,626
car 0.99489,615,407,830,552
car 0.97753,259,538,465,708
car 0.97001,475,331,641,459
car 0.96185,961,546,1078,719
car 0.93601,780,380,1008,528
car 0.78692,450,304,569,404
car 0.73117,290,198,317,218
person 0.56754,633,589,669,684
person 0.53685,654,595,700,683
