object_probs,left,top,right,bottom
truck 0.50046,634,350,814,481
car 0.89092,340,238,393,278
car 0.77818,275,236,311,279
car 0.77006,1009,442,1079,583
