object_probs,left,top,right,bottom
motorbike 0.89502,835,441,915,500
motorbike 0.87040,936,564,1050,667
person 0.89052,953,501,1030,618
person 0.82986,839,400,885,472
