object_probs,left,top,right,bottom
motorbike 0.87014,735,337,780,400
motorbike 0.69892,379,333,413,393
car 0.99542,615,407,831,554
car 0.99445,445,326,566,418
car 0.99017,454,257,550,332
car 0.98978,225,470,383,630
car 0.98513,352,269,432,331
car 0.96984,539,302,654,384
car 0.96524,935,542,1079,719
car 0.87894,268,229,291,260
person 0.90492,547,671,608,719
person 0.74034,735,318,775,388
person 0.50686,596,564,631,640
