object_probs,left,top,right,bottom
truck 0.98544,752,437,1057,664
motorbike 0.80405,624,360,672,423
motorbike 0.70846,660,344,700,399
car 0.99323,423,254,499,313
car 0.98529,346,258,422,325
car 0.91241,756,376,939,478
person 0.62430,661,334,687,364
