object_probs,left,top,right,bottom
truck 0.90887,426,266,585,384
motorbike 0.84443,599,312,630,348
motorbike 0.77326,934,500,1012,575
car 0.99840,599,395,804,541
car 0.98305,371,235,436,285
car 0.98079,298,256,363,311
car 0.96479,935,541,1079,719
car 0.94773,262,224,312,267
car 0.59962,251,197,265,212
car 0.54053,291,202,311,218
person 0.86696,547,671,609,719
person 0.78435,596,294,625,326
person 0.64874,606,569,680,700
person 0.64618,958,469,1010,529
