object_probs,left,top,right,bottom
car 0.99781,516,293,622,366
car 0.99292,447,327,581,436
car 0.95271,352,230,414,288
car 0.53003,314,208,331,229
car 0.51434,289,198,313,219
