object_probs,left,top,right,bottom
car 0.99715,733,357,923,486
car 0.97840,296,228,344,258
car 0.97672,506,313,641,416
car 0.63750,294,201,315,218
