object_probs,left,top,right,bottom
motorbike 0.84501,604,603,685,716
car 0.50265 motorbike 0.50322,304,249,325,291
car 0.99844,356,276,442,346
car 0.99762,352,423,518,578
car 0.99460,621,410,826,563
car 0.97938,257,536,467,708
car 0.97817,689,347,878,468
car 0.97402,490,349,648,463
car 0.95766,448,304,565,403
car 0.93335,934,539,1078,709
person 0.72531,986,654,1072,719
