object_probs,left,top,right,bottom
car 0.97483,845,398,1077,546
car 0.96978,563,326,709,444
car 0.96945,313,230,365,268
car 0.75034,292,200,312,218
