object_probs,left,top,right,bottom
car 0.95462,593,344,768,465
car 0.94871,924,415,1079,590
car 0.93996,325,234,378,271
car 0.69915,268,232,299,263
