object_probs,left,top,right,bottom
motorbike 0.74783,987,446,1077,572
car 0.99417,632,326,773,425
car 0.97975,445,289,566,387
car 0.92061,279,214,320,246
