object_probs,left,top,right,bottom
motorbike 0.58260,878,443,967,561
car 0.98731,412,278,507,366
car 0.98035,535,297,653,374
