object_probs,left,top,right,bottom
motorbike 0.93553,677,412,737,497
motorbike 0.78108,576,360,623,409
person 0.97349,288,540,338,698
person 0.94401,680,390,727,474
person 0.85282,577,339,620,400
