object_probs,left,top,right,bottom
car 0.99762,519,294,629,370
car 0.99377,456,330,592,441
car 0.96454,353,230,419,288
car 0.52202,313,208,330,228
car 0.51388,346,216,377,237
