object_probs,left,top,right,bottom
truck 0.53436,690,354,897,522
car 0.98885,352,243,414,286
car 0.97263,282,242,328,287
car 0.82900,285,207,311,233
car 0.65107,686,376,904,516
car 0.57405,273,205,302,233
car 0.52620,326,213,357,235
