object_probs,left,top,right,bottom
motorbike 0.83594,882,430,974,564
car 0.98879,414,279,508,366
car 0.96205,540,297,654,375
