object_probs,left,top,right,bottom
truck 0.78799,367,248,497,350
person 0.65924 motorbike 0.68302,563,285,591,330
motorbike 0.57646,936,500,1022,572
motorbike 0.56210,680,359,725,425
car 0.99656,566,382,749,518
car 0.96283,271,241,323,288
car 0.92680,931,545,1079,716
car 0.70382,253,213,280,239
car 0.65628,356,231,400,264
car 0.64774,249,193,269,212
car 0.60778,293,201,312,218
car 0.51953,260,231,289,255
person 0.72525,548,670,609,719
person 0.62927,330,232,348,267
