object_probs,left,top,right,bottom
car 0.91417,275,238,312,278
car 0.91033,343,240,397,280
car 0.76042,1027,445,1079,590
car 0.51337,660,354,840,484
