object_probs,left,top,right,bottom
truck 0.55938,658,349,870,504
car 0.97553,348,241,403,284
car 0.94203,276,238,321,284
car 0.65056,272,205,301,231
car 0.63536,669,357,861,503
