object_probs,left,top,right,bottom
car 0.99619,467,295,593,395
car 0.98990,663,337,817,444
car 0.96189,287,223,325,250
