object_probs,left,top,right,bottom
motorbike 0.70613,325,304,350,342
car 0.99874,367,278,455,353
car 0.98569,263,532,464,709
car 0.98213,493,350,652,463
car 0.97572,620,403,846,561
car 0.94604,452,306,562,402
car 0.94411,430,489,643,689
car 0.59350,965,420,1079,574
car 0.51864,1028,563,1079,715
person 0.58251,324,289,349,334
