object_probs,left,top,right,bottom
truck 0.55118,609,352,800,470
car 0.66892,622,347,803,477
car 0.94457,335,237,389,277
car 0.81964,976,432,1079,591
car 0.66802,267,232,304,269
