object_probs,left,top,right,bottom
truck 0.93804,431,270,590,386
motorbike 0.78189,934,500,1012,576
motorbike 0.75397,596,301,636,352
car 0.99777,597,397,808,543
car 0.98537,298,258,364,312
car 0.97754,372,238,438,285
car 0.97117,935,543,1078,719
car 0.93861,271,227,316,263
car 0.76760,414,257,515,313
car 0.54899,291,200,313,217
car 0.54507,252,199,267,212
person 0.82769,547,671,609,719
person 0.69091,599,295,626,326
person 0.60326,605,569,678,700
person 0.54186,958,469,1010,528
