object_probs,left,top,right,bottom
motorbike 0.95857,820,394,896,476
motorbike 0.94545,692,569,780,659
motorbike 0.91263,974,439,1056,509
motorbike 0.76115,503,296,531,330
car 0.99583,383,286,475,359
car 0.98945,501,328,640,439
car 0.96049,294,329,383,425
car 0.92175,686,435,902,594
car 0.50675,264,240,329,282
person 0.90271,688,508,765,615
person 0.63809,983,408,1030,495
