object_probs,left,top,right,bottom
truck 0.87401,509,319,674,468
person 0.54895 motorbike 0.93863,435,290,464,324
motorbike 0.91713,895,458,967,540
motorbike 0.87994,488,288,515,322
car 0.96671,289,245,344,286
car 0.96056,332,230,382,271
car 0.80985,978,502,1079,707
car 0.70780,290,201,311,220
person 0.72020,435,276,458,301
person 0.54694,490,275,513,302
