object_probs,left,top,right,bottom
truck 0.85684,792,393,1006,559
car 0.97719,379,249,447,297
car 0.97644,294,246,357,299
car 0.91074,284,208,326,242
