object_probs,left,top,right,bottom
truck 0.81451,883,371,1070,566
motorbike 0.96653,787,473,865,558
motorbike 0.95147,351,310,386,346
motorbike 0.89687,446,311,474,349
person 0.87847,351,293,381,329
person 0.85467,257,424,293,526
person 0.77241,446,293,473,329
person 0.57280,796,446,846,543
