object_probs,left,top,right,bottom
motorbike 0.96265,624,402,675,463
motorbike 0.88636,524,342,571,393
person 0.92612,622,364,672,453
person 0.89563,525,323,568,384
person 0.89497,279,519,325,602
