object_probs,left,top,right,bottom
motorbike 0.92643,518,289,549,325
motorbike 0.77924,698,368,746,421
car 0.98680,403,285,516,362
person 0.69957,519,278,544,303
person 0.61781,398,271,413,305
