object_probs,left,top,right,bottom
motorbike 0.87819,485,289,514,329
motorbike 0.83420,443,266,467,293
person 0.77371,442,256,464,287
car 0.99290,323,263,405,322
car 0.50299,292,198,316,217
