object_probs,left,top,right,bottom
person 0.63045 motorbike 0.63262,349,234,371,263
motorbike 0.58218,348,245,368,271
car 0.95712,281,252,319,289
car 0.62298,294,202,312,216
