object_probs,left,top,right,bottom
motorbike 0.95651,953,437,1033,506
motorbike 0.92164,312,232,330,258
motorbike 0.88370,854,527,933,631
person 0.76391,857,498,931,613
