object_probs,left,top,right,bottom
truck 0.93957,338,489,623,707
motorbike 0.89440,598,341,640,390
motorbike 0.80222,453,361,488,422
motorbike 0.54170,148,537,197,622
car 0.92606,225,376,343,486
car 0.83630,288,422,434,607
person 0.82718,596,322,635,380
person 0.77762,450,345,486,403
person 0.60933,595,319,627,348
person 0.54281,597,331,631,361
person 0.51659,595,266,623,304
