object_probs,left,top,right,bottom
motorbike 0.74182,915,562,1006,676
motorbike 0.66640,1005,455,1077,527
motorbike 0.65445,319,234,340,263
motorbike 0.60560,148,541,195,618
motorbike 0.57679,314,213,330,234
motorbike 0.52964,321,245,339,271
person 0.86721,920,524,1001,657
person 0.58083,138,492,185,584
