object_probs,left,top,right,bottom
motorbike 0.70441,350,232,371,261
person 0.60566 motorbike 0.50207,341,233,359,264
car 0.96051,281,251,316,288
car 0.60832,294,201,313,216
