object_probs,left,top,right,bottom
motorbike 0.76570,456,326,480,362
car 0.99744,523,315,675,419
person 0.94137,450,300,482,363
