object_probs,left,top,right,bottom
truck 0.72085,352,515,621,705
bus 0.55024,364,517,652,706
motorbike 0.85211,503,288,541,338
motorbike 0.80898,436,327,462,370
motorbike 0.75721,150,538,199,623
person 0.83027,507,290,537,332
car 0.80127,255,369,380,502
car 0.76069,572,315,694,395
person 0.94277,304,334,336,369
person 0.63723,146,497,193,581
person 0.54946,437,314,458,350
