object_probs,left,top,right,bottom
truck 0.91511,322,493,636,704
truck 0.83323,918,425,1079,570
motorbike 0.93967,756,388,813,436
motorbike 0.93279,648,423,712,487
car 0.88593,222,318,282,369
car 0.84244,269,412,436,589
car 0.61070,290,198,316,217
person 0.96553,653,393,701,473
person 0.81503,757,359,802,421
person 0.64871,762,358,792,389
person 0.57682,595,266,622,304
