object_probs,left,top,right,bottom
motorbike 0.83999,527,355,568,416
car 0.99360,680,358,871,487
person 0.93984,526,340,566,408
person 0.86038,705,331,728,361
