object_probs,left,top,right,bottom
motorbike 0.60285,441,309,466,349
car 0.99451,505,315,647,409
person 0.51835,442,297,463,325
