object_probs,left,top,right,bottom
motorbike 0.70950,462,329,488,367
car 0.99387,542,322,697,425
person 0.76059,458,307,492,366
