object_probs,left,top,right,bottom
motorbike 0.94514,730,387,791,440
motorbike 0.94159,529,290,560,326
car 0.99115,415,291,529,368
person 0.74138,735,358,782,427
person 0.54775,404,273,422,306
