object_probs,left,top,right,bottom
motorbike 0.88780,458,327,486,366
car 0.99653,527,317,685,423
person 0.91451,455,304,488,363
