object_probs,left,top,right,bottom
motorbike 0.95444,311,254,332,278
motorbike 0.69272,390,251,405,274
motorbike 0.66836,362,269,381,293
motorbike 0.64143,275,250,286,272
motorbike 0.51023,358,257,380,281
motorbike 0.50794,152,532,201,628
car 0.50770,291,202,311,217
person 0.52018,308,240,326,257
person 0.51633,147,503,195,612
