object_probs,left,top,right,bottom
person 0.61003 motorbike 0.88939,389,251,410,282
car 0.98187,291,252,343,297
