object_probs,left,top,right,bottom
person 0.61170 motorbike 0.85299,393,251,412,283
car 0.97885,291,250,348,298
