object_probs,left,top,right,bottom
motorbike 0.70133,516,366,547,407
car 0.98842,645,354,837,476
person 0.84365,514,335,545,367
person 0.84146,514,339,550,401
