object_probs,left,top,right,bottom
motorbike 0.90715,492,349,519,390
car 0.98818,607,335,779,456
person 0.93367,490,323,522,384
