object_probs,left,top,right,bottom
motorbike 0.82960,460,327,488,366
person 0.79688,456,306,491,365
car 0.99696,538,321,692,426
