object_probs,left,top,right,bottom
motorbike 0.95997,499,287,527,319
motorbike 0.91541,629,339,672,393
car 0.99646,378,278,482,351
person 0.88500,499,274,524,307
person 0.82531,629,325,669,386
