object_probs,left,top,right,bottom
motorbike 0.85454,719,381,769,430
motorbike 0.73834,527,290,558,325
car 0.99072,411,288,522,364
person 0.75688,724,357,775,430
person 0.56771,404,272,419,306
