object_probs,left,top,right,bottom
motorbike 0.95552,499,289,523,317
motorbike 0.79270,623,340,667,389
car 0.99695,376,278,481,350
person 0.93048,498,273,520,307
person 0.61348,624,325,666,384
