object_probs,left,top,right,bottom
person 0.76617 motorbike 0.92248,478,273,505,303
motorbike 0.77096,569,316,609,370
car 0.99572,360,274,451,338
person 0.64439,570,308,608,364
