object_probs,left,top,right,bottom
person 0.73750 motorbike 0.87360,337,232,358,263
car 0.64134,282,251,310,285
