object_probs,left,top,right,bottom
truck 0.86383,341,507,620,704
truck 0.53392,738,554,1063,718
motorbike 0.83867,592,306,635,354
motorbike 0.74380,436,281,464,322
motorbike 0.64102,154,561,198,629
car 0.98087,311,238,374,289
car 0.95688,288,424,434,601
car 0.90438,220,364,339,487
car 0.83445,465,288,563,381
car 0.69462,215,341,294,407
person 0.77093,597,565,652,638
person 0.73664,586,261,626,315
person 0.64868,499,269,516,293
person 0.56362,436,271,461,312
