object_probs,left,top,right,bottom
truck 0.86455,275,422,506,676
motorbike 0.97291,605,478,657,561
motorbike 0.96975,734,528,808,625
motorbike 0.96382,828,512,908,604
motorbike 0.80573,997,527,1075,660
motorbike 0.59702,154,557,201,635
car 0.98131,382,249,438,291
car 0.85678,258,270,307,329
car 0.67777,289,199,314,219
person 0.89046,604,449,653,538
person 0.80423,736,486,791,581
person 0.67789,144,502,194,612
person 0.64255,309,251,328,283
person 0.63083,842,475,890,526
