object_probs,left,top,right,bottom
truck 0.89320,337,505,624,702
truck 0.57709,749,560,1054,717
motorbike 0.87384,617,326,654,362
motorbike 0.67989,151,540,198,621
motorbike 0.57467,450,281,472,327
car 0.97541,287,425,435,594
car 0.94752,220,365,338,486
car 0.93146,317,237,384,291
car 0.80838,216,340,293,402
car 0.73515,476,293,582,376
person 0.76785,594,564,646,636
person 0.57664,617,314,649,349
