object_probs,left,top,right,bottom
truck 0.89172,324,489,635,702
truck 0.85649,734,360,921,481
motorbike 0.92188,547,380,592,438
motorbike 0.85629,642,336,689,390
motorbike 0.60378,323,231,337,251
motorbike 0.55722,151,534,198,625
car 0.96888,271,395,431,555
person 0.86176,547,358,589,426
person 0.64788,638,325,685,385
person 0.63498,137,503,205,615
