object_probs,left,top,right,bottom
motorbike 0.92526,434,272,460,303
motorbike 0.77497,419,254,442,281
car 0.98776,302,259,373,311
