object_probs,left,top,right,bottom
truck 0.90827,345,512,626,710
motorbike 0.89932,947,493,1023,578
motorbike 0.83526,530,487,596,602
motorbike 0.64155,147,538,198,622
person 0.56955,941,460,1023,569
car 0.83722,285,424,437,607
car 0.83513,214,361,339,488
car 0.57008,259,254,307,319
car 0.56844,204,332,285,418
person 0.87012,538,472,590,559
person 0.63414,956,452,1010,535
person 0.52653,596,267,621,303
