object_probs,left,top,right,bottom
motorbike 0.83704,599,336,643,387
motorbike 0.83499,491,286,514,315
person 0.77730,489,273,514,308
car 0.99615,372,273,467,347
person 0.84177,601,321,646,382
