object_probs,left,top,right,bottom
motorbike 0.80702,353,248,375,271
person 0.60431 motorbike 0.56792,353,235,375,260
car 0.89381,287,254,322,289
