object_probs,left,top,right,bottom
truck 0.95233,337,499,627,709
motorbike 0.71858,150,539,197,621
car 0.91330,288,289,388,380
car 0.89287,288,208,326,245
car 0.85407,287,421,437,602
car 0.82765,225,352,325,487
car 0.54068,215,340,293,409
person 0.63927,603,563,652,632
