object_probs,left,top,right,bottom
truck 0.88881,339,514,627,713
bus 0.82343,424,363,619,531
motorbike 0.61718,150,539,197,622
motorbike 0.59165,333,226,349,251
car 0.98409,423,249,503,308
car 0.89479,282,222,320,258
car 0.85101,213,359,341,487
car 0.78745,287,424,435,607
car 0.57740,218,343,296,407
car 0.57611,284,212,318,243
person 0.73530,597,266,621,303
person 0.72453,599,570,652,634
person 0.54182,138,500,183,574
person 0.53884,583,271,608,305
