object_probs,left,top,right,bottom
person 0.57708 motorbike 0.60496,340,232,359,261
car 0.90021,279,248,313,287
