object_probs,left,top,right,bottom
truck 0.90781,344,502,621,708
motorbike 0.94178,935,457,1013,525
motorbike 0.83785,429,338,463,397
motorbike 0.68961,539,303,576,357
motorbike 0.59855,148,538,196,623
car 0.96701,199,323,272,378
car 0.91675,234,378,375,487
car 0.87459,287,421,434,605
car 0.54496,288,199,314,218
person 0.76631,428,326,461,385
person 0.60113,946,422,996,490
person 0.59753,596,267,622,303
person 0.51727,583,273,608,306
