object_probs,left,top,right,bottom
motorbike 0.88082,439,272,464,306
motorbike 0.67365,421,252,441,281
car 0.98840,304,258,376,312
