object_probs,left,top,right,bottom
truck 0.91220,334,507,626,708
truck 0.68219,214,359,342,486
truck 0.60398,369,325,518,467
bus 0.59686,364,334,521,474
motorbike 0.68897,148,536,197,623
car 0.96483,360,234,420,280
car 0.93275,285,426,444,602
car 0.88600,265,212,292,241
car 0.62299,294,210,313,236
car 0.61456,212,338,296,408
car 0.56785,331,212,355,233
person 0.69553,599,567,652,636
person 0.61186,597,268,621,302
