object_probs,left,top,right,bottom
person 0.52870 motorbike 0.80719,584,320,625,375
person 0.67533 motorbike 0.80408,483,275,509,308
car 0.99686,366,274,456,340
