object_probs,left,top,right,bottom
truck 0.58456,782,386,1000,548
motorbike 0.94826,592,400,637,459
motorbike 0.75044,750,357,799,422
car 0.93688,772,388,999,535
person 0.83151,591,373,633,447
