object_probs,left,top,right,bottom
motorbike 0.78620,353,247,374,271
person 0.69218 motorbike 0.71770,353,235,374,261
car 0.93709,285,253,322,289
