object_probs,left,top,right,bottom
truck 0.91918,337,494,625,709
motorbike 0.98565,924,453,1004,524
motorbike 0.82591,430,351,459,392
motorbike 0.69350,541,327,575,362
person 0.53693,538,303,573,358
motorbike 0.53889,539,308,569,347
car 0.97100,198,318,271,378
car 0.95680,233,377,372,488
car 0.85067,289,421,434,605
car 0.55767,288,199,312,217
person 0.79325,429,333,455,368
person 0.70854,941,418,988,491
person 0.62930,595,267,621,304
person 0.51896,583,272,608,306
