object_probs,left,top,right,bottom
motorbike 0.92309,496,287,520,316
motorbike 0.78675,610,337,655,389
person 0.73302,610,323,653,382
car 0.99693,374,276,475,349
person 0.87190,494,274,517,307
