object_probs,left,top,right,bottom
person 0.69326 motorbike 0.92542,334,233,355,261
car 0.58673,281,250,307,284
