object_probs,left,top,right,bottom
bus 0.64779,365,516,651,710
motorbike 0.92012,534,299,573,349
motorbike 0.79536,458,351,491,390
motorbike 0.53150,153,562,200,634
car 0.72926,254,362,391,515
car 0.66309,602,321,742,411
person 0.87217,457,322,490,383
person 0.65466,306,346,335,380
person 0.64475,536,297,562,328
person 0.60358,145,501,194,609
