object_probs,left,top,right,bottom
person 0.82163 motorbike 0.83567,468,270,493,304
person 0.56753 motorbike 0.78727,538,300,575,355
car 0.99316,346,274,433,332
car 0.71240,291,197,315,218
