object_probs,left,top,right,bottom
motorbike 0.89780,413,264,436,296
person 0.53162 motorbike 0.76408,406,252,432,287
car 0.98471,291,255,362,307
