object_probs,left,top,right,bottom
motorbike 0.89444,429,253,454,285
motorbike 0.82671,454,285,477,316
person 0.81348,451,274,475,309
car 0.98460,307,259,383,313
