object_probs,left,top,right,bottom
motorbike 0.97104,672,439,723,507
motorbike 0.91478,805,382,871,446
motorbike 0.79555,127,471,171,560
car 0.93096,897,422,1079,600
person 0.86615,671,407,720,494
person 0.78175,130,451,168,543
person 0.77018,816,358,858,431
person 0.56170,293,214,306,242
