object_probs,left,top,right,bottom
person 0.76481 motorbike 0.92203,478,273,505,303
motorbike 0.77280,569,316,609,370
car 0.99570,360,274,451,337
person 0.64599,570,308,608,364
