object_probs,left,top,right,bottom
motorbike 0.56533,499,340,534,396
car 0.97719,625,346,809,464
person 0.79760,500,337,542,398
