object_probs,left,top,right,bottom
motorbike 0.95218,906,420,983,486
motorbike 0.85361,307,233,323,256
motorbike 0.73691,794,478,861,590
person 0.79087,797,465,853,566
person 0.66619,918,390,969,474
