object_probs,left,top,right,bottom
truck 0.88353,333,507,628,709
truck 0.70527,213,359,338,486
car 0.52408,225,354,323,486
truck 0.62359,376,323,529,474
bus 0.65906,377,334,530,476
motorbike 0.63274,149,538,197,622
car 0.98343,370,234,433,285
car 0.91708,286,426,444,603
car 0.88375,265,214,295,244
car 0.60338,205,335,283,409
car 0.52438,331,212,357,236
person 0.66339,598,268,621,302
person 0.60783,595,566,646,636
person 0.54509,594,574,668,699
