object_probs,left,top,right,bottom
motorbike 0.92797,532,309,565,346
motorbike 0.85023,463,274,486,301
car 0.99026,342,272,430,332
car 0.65279,292,198,315,218
person 0.59944,533,297,562,327
