object_probs,left,top,right,bottom
truck 0.92601,346,505,628,707
truck 0.82066,835,393,1058,529
motorbike 0.93788,602,394,655,466
motorbike 0.82626,705,364,754,414
car 0.92325,226,303,285,353
car 0.88358,274,406,439,584
person 0.92567,603,374,651,454
person 0.68102,709,340,733,369
person 0.52397,273,387,318,441
