object_probs,left,top,right,bottom
motorbike 0.93052,562,375,606,440
motorbike 0.56206,727,338,775,399
car 0.97359,729,377,944,518
person 0.88923,563,358,605,433
