object_probs,left,top,right,bottom
person 0.51719 motorbike 0.78354,402,252,422,286
car 0.98032,290,255,354,303
