object_probs,left,top,right,bottom
motorbike 0.77260,477,329,503,371
person 0.57507,474,317,506,377
car 0.99812,577,328,733,441
person 0.63664,476,316,499,348
