object_probs,left,top,right,bottom
motorbike 0.93444,370,249,393,274
car 0.79215,285,248,332,293
person 0.51019,369,235,392,259
