object_probs,left,top,right,bottom
motorbike 0.63148,514,365,546,405
car 0.98632,647,351,829,473
person 0.86701,513,335,543,367
person 0.72730,511,339,549,399
