object_probs,left,top,right,bottom
motorbike 0.94194,515,289,542,324
motorbike 0.94161,677,366,725,415
car 0.98770,400,287,503,356
person 0.72690,516,276,539,303
person 0.70352,396,270,411,297
person 0.50752,678,345,720,403
