object_probs,left,top,right,bottom
motorbike 0.64081,357,250,381,273
motorbike 0.60805,367,248,389,272
car 0.72787,286,249,331,292
