object_probs,left,top,right,bottom
truck 0.95777,335,504,628,709
motorbike 0.73547,150,539,198,621
car 0.88159,287,423,436,602
car 0.86026,299,222,336,251
car 0.82767,224,353,324,487
car 0.77679,302,287,396,390
car 0.71736,216,339,293,408
car 0.67403,283,201,333,246
person 0.66788,603,562,655,639
person 0.60450,598,268,621,302
person 0.56315,596,568,668,700
