object_probs,left,top,right,bottom
motorbike 0.83808,524,355,564,415
car 0.98286,675,358,861,487
person 0.95609,523,339,563,408
person 0.74595,703,330,727,359
