object_probs,left,top,right,bottom
truck 0.87129,340,510,626,705
motorbike 0.93187,323,266,346,299
motorbike 0.89274,152,562,197,632
motorbike 0.86656,370,249,391,275
motorbike 0.79381,574,306,615,355
motorbike 0.63249,451,285,477,322
motorbike 0.59218,249,614,295,703
car 0.97660,221,368,336,465
car 0.95780,284,422,444,602
person 0.87625,238,557,290,644
person 0.80303,451,269,478,309
person 0.70599,595,266,622,304
person 0.68210,143,511,194,605
person 0.52586,325,258,347,286
