object_probs,left,top,right,bottom
motorbike 0.77396,319,233,339,263
motorbike 0.63948,996,454,1075,525
motorbike 0.60171,146,540,195,617
motorbike 0.57703,902,557,999,674
motorbike 0.57316,320,244,337,271
motorbike 0.50447,314,213,330,235
person 0.63093,137,493,184,585
person 0.55937,907,529,993,657
