object_probs,left,top,right,bottom
motorbike 0.91835,479,289,513,326
motorbike 0.85851,443,265,465,294
person 0.74880,441,255,462,286
car 0.99089,321,262,403,323
car 0.53640,292,198,316,218
