object_probs,left,top,right,bottom
motorbike 0.92750,566,376,612,441
motorbike 0.76871,727,340,792,402
car 0.97473,739,379,949,519
person 0.94867,567,360,609,431
