object_probs,left,top,right,bottom
truck 0.84356,340,494,627,703
motorbike 0.78490,435,268,457,301
motorbike 0.71265,913,524,1002,646
motorbike 0.67273,314,231,329,262
motorbike 0.52258,223,488,270,578
car 0.98879,211,348,289,426
car 0.93266,289,420,437,603
person 0.88549,914,503,989,613
person 0.56913,223,456,269,536
person 0.51006,596,267,622,302
