object_probs,left,top,right,bottom
motorbike 0.90084,429,272,456,304
motorbike 0.85381,417,252,441,280
car 0.98898,300,259,369,310
car 0.50908,294,199,313,215
