object_probs,left,top,right,bottom
truck 0.91444,336,494,626,706
motorbike 0.94737,841,441,920,504
motorbike 0.93263,638,343,678,394
motorbike 0.89491,377,306,405,345
motorbike 0.84894,447,271,475,309
motorbike 0.68734,150,536,198,624
car 0.90899,227,381,345,487
car 0.78470,287,422,435,604
car 0.55024,290,200,313,216
person 0.69726,377,290,404,328
person 0.68228,638,332,669,365
person 0.66163,826,358,851,394
person 0.54198,148,495,194,580
person 0.51310,595,267,621,304
