object_probs,left,top,right,bottom
motorbike 0.79339,521,357,561,414
car 0.98465,670,356,854,486
person 0.84430,522,339,561,408
person 0.82243,701,329,724,357
