object_probs,left,top,right,bottom
truck 0.87986,345,501,627,705
truck 0.73021,779,374,974,494
motorbike 0.92884,658,344,704,393
motorbike 0.88543,561,375,608,443
motorbike 0.64027,151,535,197,625
car 0.95824,269,396,433,559
car 0.60337,230,304,283,339
car 0.55867,328,231,347,253
person 0.91929,563,363,605,431
person 0.74293,661,329,690,366
person 0.69304,657,327,699,384
person 0.57045,137,503,206,615
person 0.52262,283,375,319,417
