object_probs,left,top,right,bottom
motorbike 0.69946,552,377,592,434
person 0.63823,551,357,590,423
car 0.94832,715,365,925,509
person 0.56057,554,356,582,390
