object_probs,left,top,right,bottom
truck 0.97437,330,504,622,708
truck 0.58641,303,292,413,397
truck 0.53990,227,360,374,489
car 0.74420,218,356,341,488
motorbike 0.79004,150,539,198,622
car 0.94903,304,222,348,254
car 0.81860,286,423,435,603
car 0.66742,287,199,319,218
person 0.75144,605,565,654,637
person 0.65551,599,268,621,302
person 0.54642,145,510,193,607
