object_probs,left,top,right,bottom
truck 0.92489,340,496,623,709
motorbike 0.96189,906,439,981,513
motorbike 0.84978,535,310,567,348
motorbike 0.67085,429,348,456,392
car 0.95717,195,312,269,377
car 0.95078,235,377,370,487
car 0.80945,290,420,434,605
car 0.51421,289,199,312,216
person 0.76073,533,298,559,325
person 0.59308,594,267,621,304
person 0.57468,429,332,452,369
