object_probs,left,top,right,bottom
motorbike 0.85804,779,406,845,461
motorbike 0.83595,537,287,577,337
motorbike 0.81618,413,286,434,326
car 0.97837,427,298,553,370
person 0.77267,790,373,838,448
