object_probs,left,top,right,bottom
motorbike 0.93210,724,386,782,437
motorbike 0.88960,527,290,558,327
car 0.98831,415,290,526,366
person 0.88439,728,352,777,428
