object_probs,left,top,right,bottom
person 0.57416 motorbike 0.55701,326,235,344,260
car 0.74914,266,208,298,233
