object_probs,left,top,right,bottom
truck 0.57835,868,459,1073,659
motorbike 0.82300,344,249,365,274
car 0.85180,869,461,1070,696
