object_probs,left,top,right,bottom
truck 0.92873,241,418,448,603
motorbike 0.94647,986,456,1075,525
car 0.99694,314,244,372,298
car 0.73645,291,198,314,216
person 0.83475,1006,415,1052,493
