object_probs,left,top,right,bottom
truck 0.76525,345,553,713,705
car 0.94874,479,316,596,412
