object_probs,left,top,right,bottom
truck 0.84578,254,393,428,588
motorbike 0.88332,917,434,1000,501
car 0.98461,305,240,361,288
car 0.52336,291,201,312,215
person 0.77493,926,398,975,471
