object_probs,left,top,right,bottom
person 0.80130 motorbike 0.51285,320,234,335,260
car 0.98730,633,383,842,529
person 0.58195,297,216,308,237
