object_probs,left,top,right,bottom
motorbike 0.93308,340,249,360,273
car 0.89233,267,209,305,240
person 0.70849,341,237,359,266
