object_probs,left,top,right,bottom
person 0.74542 motorbike 0.76470,317,235,333,259
car 0.99101,627,378,819,519
person 0.65049,297,217,308,237
