object_probs,left,top,right,bottom
truck 0.92779,347,506,623,704
truck 0.76257,655,359,846,502
car 0.56533,644,355,838,509
bus 0.82580,846,433,1067,660
motorbike 0.65996,150,540,198,621
motorbike 0.64543,463,339,497,397
motorbike 0.51230,582,261,629,307
car 0.90667,284,424,442,602
car 0.81323,225,356,328,487
person 0.75231,457,322,491,387
person 0.61824,291,644,360,719
