object_probs,left,top,right,bottom
motorbike 0.76283,475,290,504,331
motorbike 0.68974,736,460,808,524
motorbike 0.68667,454,270,482,306
car 0.95836,299,442,474,624
person 0.79678,742,516,814,591
