object_probs,left,top,right,bottom
truck 0.87334,331,542,697,716
car 0.98577,423,293,526,378
