object_probs,left,top,right,bottom
motorbike 0.93681,555,312,587,347
motorbike 0.80204,603,340,645,390
car 0.98560,377,536,609,709
person 0.82384,556,298,583,323
person 0.60306,602,324,647,385
