object_probs,left,top,right,bottom
truck 0.90531,235,412,444,595
motorbike 0.95307,962,441,1050,513
car 0.99646,311,243,368,294
car 0.72185,290,199,313,216
person 0.88782,982,406,1031,496
