object_probs,left,top,right,bottom
car 0.94653,890,471,1079,708
car 0.77912,285,232,323,266
