object_probs,left,top,right,bottom
truck 0.84157,254,430,514,672
bus 0.69921,279,426,502,682
car 0.99732,347,263,420,322
car 0.56617,289,199,312,217
