object_probs,left,top,right,bottom
motorbike 0.93100,338,249,357,274
car 0.89731,267,210,303,239
person 0.74713,340,237,358,265
