object_probs,left,top,right,bottom
motorbike 0.51353,327,251,345,271
car 0.74003,265,208,296,233
person 0.57732,324,235,345,262
