object_probs,left,top,right,bottom
truck 0.57421,748,410,925,533
motorbike 0.73334,522,291,566,338
motorbike 0.69488,563,322,603,372
car 0.93683,362,507,576,705
