object_probs,left,top,right,bottom
truck 0.70955,292,485,571,700
car 0.99460,375,275,461,342
