object_probs,left,top,right,bottom
truck 0.90080,332,536,713,705
car 0.98081,470,307,587,407
