object_probs,left,top,right,bottom
truck 0.94413,346,506,619,706
truck 0.73116,740,493,1068,719
truck 0.65105,655,360,846,505
car 0.71555,649,355,835,511
motorbike 0.96766,555,402,599,464
car 0.84987,285,421,442,604
car 0.82380,214,360,339,486
person 0.94652,554,376,592,447
person 0.92898,878,397,929,462
