object_probs,left,top,right,bottom
motorbike 0.82190,334,249,352,271
person 0.91181 motorbike 0.67562,331,236,351,264
car 0.97696,741,415,963,588
