object_probs,left,top,right,bottom
truck 0.86893,296,504,663,710
car 0.97075,421,292,523,375
