object_probs,left,top,right,bottom
truck 0.86715,293,509,663,703
car 0.96708,438,292,549,390
