object_probs,left,top,right,bottom
truck 0.91940,290,497,604,706
car 0.98926,398,286,488,357
