object_probs,left,top,right,bottom
person 0.55248 motorbike 0.77039,310,233,326,257
car 0.99558,576,359,744,488
