object_probs,left,top,right,bottom
truck 0.83466,275,442,530,673
car 0.98753,365,272,447,333
