object_probs,left,top,right,bottom
motorbike 0.93388,417,381,460,443
motorbike 0.84218,342,243,370,279
motorbike 0.77988,369,287,395,327
motorbike 0.77334,693,360,738,409
motorbike 0.73139,541,356,584,423
motorbike 0.57630,429,285,495,340
car 0.98724,345,542,558,714
car 0.98351,217,359,346,476
car 0.90760,531,439,741,637
person 0.83086,541,345,583,406
person 0.82412,702,337,730,368
person 0.77937,417,361,459,428
person 0.77301,231,641,302,717
