object_probs,left,top,right,bottom
motorbike 0.83811,434,328,466,364
motorbike 0.83039,612,331,648,366
motorbike 0.77662,386,267,435,312
motorbike 0.69607,347,342,383,398
motorbike 0.67165,192,601,258,677
car 0.99792,305,479,481,646
car 0.99372,414,381,575,512
car 0.98599,205,346,318,450
person 0.96586,185,544,258,666
person 0.81257,348,334,379,365
person 0.78447,614,310,647,345
person 0.50448,433,311,463,346
