object_probs,left,top,right,bottom
motorbike 0.93397,417,381,460,443
motorbike 0.84122,342,243,370,279
motorbike 0.78134,369,287,395,327
motorbike 0.77492,693,360,738,409
motorbike 0.73118,541,356,584,423
motorbike 0.56980,429,285,495,339
car 0.98675,345,542,557,714
car 0.98344,217,359,346,475
car 0.90690,530,438,741,637
person 0.82851,541,345,583,406
person 0.82336,702,337,730,368
person 0.77909,417,361,459,428
person 0.76976,231,641,302,717
