object_probs,left,top,right,bottom
motorbike 0.87184,336,250,353,271
person 0.90410 motorbike 0.61449,333,237,352,264
car 0.97531,757,419,997,605
