object_probs,left,top,right,bottom
truck 0.85268,330,534,698,704
car 0.96896,458,306,565,400
