object_probs,left,top,right,bottom
truck 0.89795,287,495,598,704
car 0.98427,390,280,478,351
