object_probs,left,top,right,bottom
truck 0.87562,289,482,580,698
car 0.99328,379,276,464,344
