object_probs,left,top,right,bottom
truck 0.73357,650,353,861,519
car 0.64962 truck 0.53605,210,353,338,489
bus 0.97792,873,432,1079,654
motorbike 0.94067,417,307,445,344
motorbike 0.83839,320,251,352,288
motorbike 0.75903,571,264,617,310
motorbike 0.71778,350,272,371,309
motorbike 0.53724,510,659,575,713
car 0.92084,294,426,462,613
car 0.51508,652,354,836,514
person 0.85471,506,603,561,681
person 0.85293,414,290,441,324
person 0.67909,589,473,643,559
