object_probs,left,top,right,bottom
car 0.99258,918,488,1079,707
car 0.70361,285,232,325,268
