object_probs,left,top,right,bottom
truck 0.88103,332,545,719,707
car 0.98331,470,307,596,406
