object_probs,left,top,right,bottom
truck 0.93636,341,515,613,707
motorbike 0.85487,652,323,693,377
motorbike 0.55803,151,539,197,622
car 0.98619,330,243,405,301
car 0.93446,287,422,436,603
car 0.90117,217,357,341,486
car 0.88146,469,272,552,339
car 0.70334,499,298,610,406
car 0.52382,215,338,297,403
person 0.73960,658,314,681,342
person 0.72815,594,566,646,636
