object_probs,left,top,right,bottom
truck 0.51832,287,446,491,656
bus 0.93557,871,431,1073,663
motorbike 0.74761,463,317,499,382
motorbike 0.72119,742,579,858,684
motorbike 0.70541,385,310,410,350
motorbike 0.65684,339,289,372,321
motorbike 0.59054,572,263,616,310
car 0.89619,209,360,338,482
car 0.84454,303,434,491,661
car 0.73269,673,365,872,512
person 0.61370,798,690,842,719
person 0.60034,342,273,369,306
person 0.57489,759,540,834,610
person 0.53978,916,384,958,446
