object_probs,left,top,right,bottom
truck 0.97110,294,496,610,709
car 0.99041,406,288,493,357
