object_probs,left,top,right,bottom
truck 0.86689,263,428,517,681
bus 0.72491,279,427,504,688
car 0.99684,347,262,424,325
