object_probs,left,top,right,bottom
car 0.75218 truck 0.57234,633,507,911,719
motorbike 0.98339,474,421,526,485
motorbike 0.91883,369,250,392,286
motorbike 0.90097,645,424,707,485
motorbike 0.86757,469,299,545,361
motorbike 0.65078,777,387,838,437
motorbike 0.53426,419,306,456,364
car 0.93038,385,573,621,716
car 0.86268,242,386,370,508
person 0.83078,791,367,834,424
person 0.79677,652,398,695,464
person 0.75832,474,387,518,440
person 0.52233,657,395,689,436
