object_probs,left,top,right,bottom
car 0.96018,970,500,1079,704
car 0.90420,285,231,331,274
