object_probs,left,top,right,bottom
person 0.78310 motorbike 0.54739,326,235,344,260
car 0.98573,687,407,912,568
person 0.65471,298,215,310,237
