object_probs,left,top,right,bottom
truck 0.90517,263,435,506,673
bus 0.55309,285,422,500,685
car 0.99695,346,261,415,320
car 0.53146,290,198,315,217
