object_probs,left,top,right,bottom
truck 0.71694,291,485,571,699
car 0.99458,375,275,461,343
