object_probs,left,top,right,bottom
motorbike 0.72872,498,307,524,335
motorbike 0.67121,494,289,526,329
person 0.73276,492,279,529,334
