object_probs,left,top,right,bottom
motorbike 0.91659,620,340,663,392
motorbike 0.85010,570,325,601,360
person 0.66873,568,311,601,353
car 0.96399,404,535,609,708
person 0.52092,621,334,648,370
