object_probs,left,top,right,bottom
motorbike 0.93946,586,481,655,555
motorbike 0.90284,414,266,442,305
motorbike 0.84682,969,457,1057,528
motorbike 0.73449,549,384,596,434
motorbike 0.71667,895,535,1006,635
motorbike 0.58299,548,341,631,399
car 0.92902,266,417,423,562
person 0.83974,592,444,644,508
person 0.66824,409,256,433,286
person 0.63793,924,503,976,577
