object_probs,left,top,right,bottom
truck 0.90785,299,505,655,706
car 0.97280,431,296,536,376
