object_probs,left,top,right,bottom
truck 0.92111,285,496,603,704
car 0.98866,394,281,485,357
