object_probs,left,top,right,bottom
motorbike 0.83566,339,246,356,272
person 0.88067,338,236,357,265
car 0.94543,789,441,1053,628
