object_probs,left,top,right,bottom
truck 0.93725,262,435,530,678
car 0.98534,360,267,437,332
