object_probs,left,top,right,bottom
truck 0.77510,340,556,726,706
car 0.96525,486,318,600,415
