object_probs,left,top,right,bottom
truck 0.81994,382,211,486,316
car 0.59016 truck 0.51735,937,438,1073,657
motorbike 0.58878,297,213,310,231
motorbike 0.58044,312,215,326,235
