object_probs,left,top,right,bottom
motorbike 0.97021,537,310,568,346
car 0.98414,332,234,390,284
car 0.84999,268,208,293,233
car 0.51401,294,200,314,217
person 0.77012,538,294,565,327
