object_probs,left,top,right,bottom
truck 0.51814,342,216,438,299
car 0.94034,720,375,915,516
