object_probs,left,top,right,bottom
truck 0.85745,490,238,645,384
truck 0.60675,277,194,324,241
car 0.98829,273,246,331,291
person 0.71935,401,246,416,277
