object_probs,left,top,right,bottom
bus 0.66947,461,233,591,360
car 0.96050,266,238,319,282
