object_probs,left,top,right,bottom
motorbike 0.76548,508,306,536,335
person 0.65652,506,291,535,331
motorbike 0.58795,505,292,529,325
car 0.99121,322,229,377,275
car 0.63676,292,202,314,218
