object_probs,left,top,right,bottom
truck 0.74565,292,194,360,259
car 0.98777,483,290,602,376
