object_probs,left,top,right,bottom
bus 0.54007,273,190,324,246
motorbike 0.91506,725,360,775,424
car 0.99496,385,257,459,310
person 0.53150,728,335,772,414
