object_probs,left,top,right,bottom
bus 0.62998,286,192,343,256
motorbike 0.95824,947,451,1028,525
car 0.99134,440,277,536,344
person 0.91991,962,413,1009,493
