object_probs,left,top,right,bottom
motorbike 0.85686,465,285,494,322
car 0.97881,307,226,362,269
car 0.89549,288,199,314,218
person 0.55390,465,274,486,309
