object_probs,left,top,right,bottom
bus 0.76201,273,191,326,247
motorbike 0.97178,759,385,810,437
car 0.99163,396,259,470,314
person 0.87561,761,355,803,425
person 0.64584,763,355,792,391
