object_probs,left,top,right,bottom
bus 0.78136,333,203,406,285
car 0.94976,624,347,801,461
