object_probs,left,top,right,bottom
motorbike 0.91077,641,346,673,387
car 0.99279,356,245,427,296
car 0.61615,275,204,312,242
person 0.60469,639,319,664,347
