object_probs,left,top,right,bottom
bus 0.78307,278,189,339,254
motorbike 0.96134,890,423,964,492
car 0.99298,428,273,515,334
person 0.84520,901,394,944,471
