object_probs,left,top,right,bottom
truck 0.87083,502,236,650,387
truck 0.54198,277,194,325,242
car 0.99212,279,250,334,290
car 0.54077,251,193,272,209
person 0.57074,406,246,419,278
