object_probs,left,top,right,bottom
truck 0.79480,293,194,362,261
car 0.97893,491,297,614,374
