object_probs,left,top,right,bottom
motorbike 0.91102,493,290,521,327
car 0.98985,318,232,372,272
car 0.79394,291,200,314,219
person 0.61513,492,277,517,308
