object_probs,left,top,right,bottom
motorbike 0.91041,470,286,500,322
car 0.96761,309,226,362,270
car 0.87135,289,200,313,218
person 0.66736,469,274,497,307
