object_probs,left,top,right,bottom
motorbike 0.96145,533,309,565,345
car 0.98701,330,235,387,283
car 0.74017,270,210,293,233
car 0.50172,294,200,314,217
person 0.72838,532,293,562,326
