object_probs,left,top,right,bottom
motorbike 0.94835,552,312,585,349
car 0.96545,338,236,396,289
car 0.77355,269,206,297,234
person 0.86770,553,297,579,327
