object_probs,left,top,right,bottom
truck 0.62617,376,209,464,315
bus 0.58785,370,215,465,312
motorbike 0.77967,297,212,311,233
car 0.96768,849,418,1078,582
