object_probs,left,top,right,bottom
truck 0.65586,302,195,370,268
car 0.97959,507,301,624,383
