object_probs,left,top,right,bottom
bus 0.59308 truck 0.62798,305,200,374,273
car 0.98280,520,307,637,392
