object_probs,left,top,right,bottom
bus 0.89910,434,226,549,340
bus 0.50339,266,189,299,219
car 0.98804,260,233,301,267
