object_probs,left,top,right,bottom
bus 0.89071,427,225,543,339
bus 0.51052,265,189,297,218
car 0.98307,260,232,298,263
person 0.51145,315,214,327,237
