object_probs,left,top,right,bottom
bus 0.50130,271,192,322,246
motorbike 0.92524,712,365,758,418
car 0.99349,383,255,453,310
person 0.66787,712,337,752,401
person 0.60504,717,337,744,372
