object_probs,left,top,right,bottom
bus 0.91820,421,225,535,336
motorbike 0.56706,322,229,333,245
car 0.97907,260,231,294,260
person 0.65583,316,217,327,238
