object_probs,left,top,right,bottom
bus 0.76997,317,198,385,278
car 0.95162,570,317,707,423
