object_probs,left,top,right,bottom
bus 0.84785,315,198,385,277
car 0.93078,565,317,697,420
