object_probs,left,top,right,bottom
truck 0.81733,294,194,361,261
car 0.98631,486,295,609,375
