object_probs,left,top,right,bottom
bus 0.80424 truck 0.56103,480,239,623,369
bus 0.62339,275,193,323,240
car 0.97997,269,242,325,287
person 0.76590,395,245,409,273
