object_probs,left,top,right,bottom
bus 0.85351,326,201,393,279
car 0.91050,588,325,732,434
car 0.62797,292,207,316,234
