object_probs,left,top,right,bottom
bus 0.91155,441,231,574,350
motorbike 0.63655,334,231,349,251
car 0.89967,263,237,310,279
person 0.82149,376,233,391,266
person 0.50145,317,215,330,238
