object_probs,left,top,right,bottom
truck 0.51772,376,210,464,316
bus 0.53193,371,215,465,312
motorbike 0.80991,296,212,310,233
car 0.94875,834,416,1079,579
