object_probs,left,top,right,bottom
truck 0.69532,292,194,363,262
car 0.97613,499,301,615,381
