object_probs,left,top,right,bottom
truck 0.78568,288,195,354,254
truck 0.58251,573,261,780,444
bus 0.62535,593,247,782,445
motorbike 0.76483,395,250,413,275
car 0.99376,307,265,376,320
person 0.66715,445,254,463,289
person 0.54075,284,330,309,368
