object_probs,left,top,right,bottom
motorbike 0.95498,596,333,630,368
car 0.98933,348,242,409,291
person 0.76249,595,309,626,345
