object_probs,left,top,right,bottom
bus 0.84967,341,207,421,292
car 0.98785,676,356,855,484
