object_probs,left,top,right,bottom
motorbike 0.76873,401,270,424,293
car 0.92248,291,221,337,256
person 0.61353,403,255,422,289
