object_probs,left,top,right,bottom
person 0.57228 motorbike 0.92155,497,292,527,326
car 0.99072,320,231,374,274
car 0.67735,291,200,315,219
person 0.55131,493,279,521,305
