object_probs,left,top,right,bottom
truck 0.52912,366,210,454,312
bus 0.69145,364,215,456,305
motorbike 0.79184,292,210,312,233
car 0.97043,819,413,1055,571
