object_probs,left,top,right,bottom
bus 0.89375,338,205,420,293
car 0.97114,669,353,844,481
car 0.51880,309,211,326,233
