object_probs,left,top,right,bottom
bus 0.77580,305,199,374,273
car 0.96179,521,311,647,394
