object_probs,left,top,right,bottom
truck 0.77650,288,190,354,263
car 0.99019,473,281,570,363
