object_probs,left,top,right,bottom
bus 0.84558,279,189,339,254
motorbike 0.90545,880,424,951,491
car 0.99418,426,271,513,334
person 0.63684,887,394,931,464
person 0.63029,894,392,927,433
