object_probs,left,top,right,bottom
motorbike 0.62266,425,267,445,300
person 0.63804,425,270,449,305
car 0.97233,297,224,344,257
car 0.70963,287,199,316,218
