object_probs,left,top,right,bottom
motorbike 0.82987,463,285,488,317
car 0.97063,307,224,361,268
car 0.86703,288,199,314,218
person 0.85960,463,272,486,314
