object_probs,left,top,right,bottom
truck 0.63932,292,194,364,259
car 0.96510,508,299,618,384
