object_probs,left,top,right,bottom
truck 0.50519,271,192,318,246
motorbike 0.84303,689,362,735,410
car 0.99128,377,250,446,309
person 0.71805,689,338,730,400
person 0.69425,695,335,724,370
