object_probs,left,top,right,bottom
truck 0.52862,270,184,319,241
motorbike 0.91262,702,363,748,415
car 0.99228,381,255,452,310
person 0.74862,708,337,733,370
