object_probs,left,top,right,bottom
truck 0.78267,349,203,443,290
motorbike 0.94894,888,420,960,478
motorbike 0.93917,598,331,639,368
motorbike 0.85679,476,267,498,303
motorbike 0.84865,528,290,559,324
motorbike 0.76328,394,444,459,502
motorbike 0.52709,454,254,477,284
car 0.97389,448,342,586,448
person 0.80257,404,404,449,464
person 0.75735,599,305,638,362
person 0.63624,602,309,631,340
person 0.63606,898,395,946,467
person 0.59923,604,302,624,327
person 0.57354,531,276,556,306
