object_probs,left,top,right,bottom
bus 0.65510,358,216,453,303
motorbike 0.75415,291,209,314,234
car 0.89706,805,410,1036,566
