object_probs,left,top,right,bottom
bus 0.92810,327,202,395,279
car 0.93726,590,329,735,435
car 0.54846,293,207,315,234
