object_probs,left,top,right,bottom
bus 0.80971,334,204,405,283
car 0.95192,621,339,785,452
