object_probs,left,top,right,bottom
truck 0.86479,291,193,359,261
car 0.98960,482,293,592,371
