object_probs,left,top,right,bottom
truck 0.79127,293,194,362,261
car 0.97872,491,297,614,374
