object_probs,left,top,right,bottom
truck 0.53909,346,202,425,302
bus 0.62284,341,208,429,292
car 0.97906,692,362,880,496
