object_probs,left,top,right,bottom
motorbike 0.93979,540,306,574,348
car 0.98279,334,233,393,289
car 0.81620,268,207,294,234
car 0.50137,294,199,312,216
