object_probs,left,top,right,bottom
bus 0.96103,436,230,568,346
car 0.96882,261,234,303,269
person 0.50418,316,214,327,237
