object_probs,left,top,right,bottom
truck 0.68269,348,207,429,283
motorbike 0.95851,516,288,550,323
motorbike 0.95650,863,405,928,467
motorbike 0.89286,590,326,624,362
motorbike 0.73912,467,272,493,302
motorbike 0.61751,459,268,485,296
motorbike 0.53650,393,417,443,490
car 0.98098,436,336,568,432
person 0.85035,519,276,545,306
person 0.83698,587,303,623,359
person 0.78378,392,404,432,462
person 0.61567,456,255,478,283
person 0.54364,867,379,911,443
