object_probs,left,top,right,bottom
motorbike 0.72487,890,422,959,479
person 0.68963,404,406,447,466
person 0.67887,599,305,637,365
