object_probs,left,top,right,bottom
truck 0.82532,279,191,338,248
bus 0.77224 truck 0.52108,555,253,736,415
person 0.89406 motorbike 0.63164,433,252,450,285
car 0.98314,301,257,361,311
