object_probs,left,top,right,bottom
bus 0.77026 truck 0.50125,333,204,420,293
car 0.92599,652,350,830,473
