object_probs,left,top,right,bottom
bus 0.61802,285,188,350,259
motorbike 0.91282,1011,471,1079,552
car 0.98760,456,281,552,358
person 0.76853,1028,435,1077,515
