object_probs,left,top,right,bottom
bus 0.91305,439,230,572,348
car 0.91306,263,237,309,278
car 0.72977,326,212,355,238
person 0.66402,375,233,390,266
