object_probs,left,top,right,bottom
truck 0.54613,355,205,442,302
car 0.95899,760,385,978,537
