object_probs,left,top,right,bottom
bus 0.94277,435,228,553,341
car 0.98177,260,234,301,267
