object_probs,left,top,right,bottom
motorbike 0.90366,641,341,683,391
car 0.98874,357,246,427,298
person 0.73410,641,322,680,381
