object_probs,left,top,right,bottom
motorbike 0.90934,470,286,500,322
car 0.96760,309,227,362,270
car 0.87458,289,200,313,218
person 0.66598,468,274,498,307
