object_probs,left,top,right,bottom
motorbike 0.72203,458,289,480,315
car 0.96248,306,220,356,267
car 0.76795,289,200,312,217
person 0.85142,456,273,480,311
