object_probs,left,top,right,bottom
person 0.73500 motorbike 0.87290,434,273,458,304
car 0.95924,301,224,347,259
car 0.72712,287,199,316,217
