object_probs,left,top,right,bottom
bus 0.82494,309,200,377,274
car 0.96216,534,312,645,397
