object_probs,left,top,right,bottom
motorbike 0.92386,528,307,561,342
car 0.98821,329,234,385,281
car 0.82510,269,212,292,233
car 0.58136,294,201,314,216
person 0.63798,528,293,559,326
