object_probs,left,top,right,bottom
truck 0.54468,271,191,314,243
motorbike 0.89791,654,343,697,396
car 0.98759,363,247,431,302
person 0.71790,655,322,693,382
