object_probs,left,top,right,bottom
person 0.58398 motorbike 0.88669,437,275,462,305
car 0.96505,302,225,349,260
car 0.72019,289,200,315,216
