object_probs,left,top,right,bottom
person 0.62132 motorbike 0.88731,488,289,519,327
car 0.99124,316,231,370,273
car 0.87138,290,199,314,219
