object_probs,left,top,right,bottom
bus 0.79277,465,232,592,361
car 0.98084,265,239,320,283
